customer_id,first_name,last_name,email,segment,region_id,city,postal_code,signup_date,status
1,Robert,De Vries,robert.de vries1@mail.com,Small Business,5,Bilbao,28142,2023-10-14,Active
2,Sergey,Clark,sergey.clark2@mail.com,Consumer,1,Athlone,D526,2022-12-20,Active
3,Sergey,Lopez,sergey.lopez3@mail.com,Consumer,4,Marseille,75594,2023-04-01,Active
4,Anna,Martin,anna.martin4@mail.com,Consumer,7,New York,10261,2023-05-03,Inactive
5,Isabella,Taylor,isabella.taylor5@mail.com,Consumer,3,Hamburg,10982,2023-10-25,Active
6,Julia,Müller,julia.müller6@mail.com,Consumer,6,Utrecht,10627,2024-06-21,Active
7,Isabella,Brown,isabella.brown7@mail.com,Consumer,2,Manchester,SW199,2022-12-31,Active
8,Ava,Hall,ava.hall8@mail.com,Consumer,2,Manchester,SW933,2024-09-08,Active
9,Laura,Schmidt,laura.schmidt9@mail.com,Small Business,8,Calgary,M627,2022-02-16,Inactive
10,Leo,Garcia,leo.garcia10@mail.com,Consumer,4,Toulouse,75617,2020-04-04,Inactive
11,Daniel,Jansen,daniel.jansen11@mail.com,Consumer,8,Montreal,M606,2023-12-16,Inactive
12,Liam,Hall,liam.hall12@mail.com,Consumer,2,Birmingham,SW844,2021-03-16,Active
13,Olivia,Kelly,olivia.kelly13@mail.com,Consumer,6,The Hague,10299,2024-06-28,Active
14,Oliver,Martin,oliver.martin14@mail.com,Consumer,4,Nice,75386,2025-08-27,Active
15,James,Martin,james.martin15@mail.com,Small Business,1,Galway,D671,2024-03-08,Active
16,Daniel,De Vries,daniel.de vries16@mail.com,Consumer,6,Amsterdam,10146,2025-09-16,Active
17,Emma,White,emma.white17@mail.com,Consumer,1,Cork,D720,2025-04-24,Active
18,Emily,Schmidt,emily.schmidt18@mail.com,Consumer,3,Cologne,10857,2021-10-27,Active
19,Amelia,Walker,amelia.walker19@mail.com,Consumer,5,Bilbao,28406,2025-09-18,Inactive
20,Olivia,Schmidt,olivia.schmidt20@mail.com,Corporate,7,Boston,10415,2021-03-24,Active
21,Jack,Johnson,jack.johnson21@mail.com,Small Business,5,Bilbao,28591,2022-07-21,Active
22,Laura,De Vries,laura.de vries22@mail.com,Consumer,4,Lyon,75132,2024-04-06,Active
23,Isabella,Schmidt,isabella.schmidt23@mail.com,Consumer,2,Manchester,SW520,2024-09-11,Inactive
24,Laura,Thompson,laura.thompson24@mail.com,Consumer,7,Boston,10312,2020-09-12,Active
25,Mia,Martinez,mia.martinez25@mail.com,Consumer,8,Vancouver,M570,2024-03-23,Active
26,Anna,Clark,anna.clark26@mail.com,Consumer,4,Lyon,75352,2022-12-18,Active
27,Henry,Evans,henry.evans27@mail.com,Consumer,4,Toulouse,75424,2023-03-29,Inactive
28,Natalie,King,natalie.king28@mail.com,Consumer,3,Cologne,10792,2023-01-25,Inactive
29,Ava,Walker,ava.walker29@mail.com,Corporate,7,Chicago,10397,2023-11-14,Active
30,Michael,Smith,michael.smith30@mail.com,Corporate,2,Birmingham,SW865,2023-11-19,Inactive
31,Thomas,Lopez,thomas.lopez31@mail.com,Corporate,2,Birmingham,SW240,2023-01-15,Active
32,Grace,Davies,grace.davies32@mail.com,Consumer,5,Bilbao,28331,2022-09-20,Active
33,Sophia,Schmidt,sophia.schmidt33@mail.com,Consumer,1,Cork,D105,2025-04-18,Active
34,Natalie,Young,natalie.young34@mail.com,Consumer,3,Munich,10874,2025-05-02,Active
35,Sergey,Kelly,sergey.kelly35@mail.com,Consumer,3,Munich,10647,2021-01-01,Active
36,Ethan,Bernard,ethan.bernard36@mail.com,Corporate,7,New York,10956,2021-12-21,Inactive
37,Ethan,King,ethan.king37@mail.com,Small Business,7,New York,10405,2023-03-31,Active
38,Emma,Evans,emma.evans38@mail.com,Corporate,8,Ottawa,M636,2025-02-04,Inactive
39,Lucas,Hall,lucas.hall39@mail.com,Consumer,7,Chicago,10928,2025-08-27,Active
40,Laura,Dubois,laura.dubois40@mail.com,Consumer,3,Berlin,10854,2022-11-19,Active
41,Grace,Miller,grace.miller41@mail.com,Consumer,7,Seattle,10946,2022-03-02,Inactive
42,Oliver,Martin,oliver.martin42@mail.com,Consumer,4,Lyon,75588,2021-01-25,Active
43,Liam,Wilson,liam.wilson43@mail.com,Consumer,8,Montreal,M437,2024-04-20,Active
44,Grace,Murphy,grace.murphy44@mail.com,Consumer,5,Barcelona,28163,2022-12-07,Active
45,Ethan,Martin,ethan.martin45@mail.com,Corporate,4,Marseille,75806,2025-08-20,Active
46,Leo,Müller,leo.müller46@mail.com,Consumer,5,Barcelona,28589,2022-06-23,Active
47,Emily,Müller,emily.müller47@mail.com,Consumer,3,Frankfurt,10875,2024-08-30,Active
48,Anna,Clark,anna.clark48@mail.com,Consumer,6,The Hague,10820,2020-12-01,Active
49,Grace,Brown,grace.brown49@mail.com,Small Business,1,Athlone,D307,2020-09-09,Active
50,Julia,Martinez,julia.martinez50@mail.com,Consumer,2,Manchester,SW834,2024-12-14,Inactive
51,Amelia,Dubois,amelia.dubois51@mail.com,Consumer,1,Athlone,D525,2020-08-15,Inactive
52,Ella,Dubois,ella.dubois52@mail.com,Small Business,4,Toulouse,75360,2023-06-16,Active
53,Grace,Smith,grace.smith53@mail.com,Consumer,6,Amsterdam,10654,2020-07-04,Active
54,Oliver,King,oliver.king54@mail.com,Consumer,8,Calgary,M284,2025-04-17,Active
55,Laura,Johnson,laura.johnson55@mail.com,Consumer,6,Eindhoven,10559,2024-09-17,Inactive
56,Anna,Miller,anna.miller56@mail.com,Consumer,3,Hamburg,10221,2021-06-28,Active
57,Ava,Martinez,ava.martinez57@mail.com,Small Business,8,Vancouver,M954,2021-06-05,Active
58,Leo,Dubois,leo.dubois58@mail.com,Consumer,6,Rotterdam,10353,2024-10-03,Inactive
59,Jack,Taylor,jack.taylor59@mail.com,Consumer,3,Frankfurt,10729,2021-04-07,Active
60,Oliver,Brown,oliver.brown60@mail.com,Consumer,2,London,SW350,2020-05-17,Active
61,Henry,Lopez,henry.lopez61@mail.com,Small Business,3,Berlin,10243,2022-06-08,Active
62,Natalie,Thompson,natalie.thompson62@mail.com,Consumer,2,Birmingham,SW342,2023-07-30,Active
63,Anna,Martinez,anna.martinez63@mail.com,Consumer,7,Austin,10162,2022-06-24,Active
64,Sophia,Lopez,sophia.lopez64@mail.com,Consumer,5,Valencia,28758,2025-07-23,Inactive
65,Emma,Anderson,emma.anderson65@mail.com,Consumer,7,Austin,10485,2024-09-01,Active
66,Mia,Davies,mia.davies66@mail.com,Consumer,6,Rotterdam,10925,2022-07-12,Inactive
67,Ella,Bernard,ella.bernard67@mail.com,Consumer,7,Chicago,10497,2024-09-02,Active
68,Emma,Johnson,emma.johnson68@mail.com,Corporate,2,Birmingham,SW194,2020-11-19,Active
69,Ava,Miller,ava.miller69@mail.com,Small Business,1,Cork,D923,2020-06-10,Active
70,Julia,King,julia.king70@mail.com,Consumer,4,Paris,75316,2023-09-25,Active
71,James,Thompson,james.thompson71@mail.com,Small Business,8,Ottawa,M820,2025-05-15,Active
72,Henry,Lopez,henry.lopez72@mail.com,Small Business,3,Frankfurt,10577,2023-08-10,Active
73,Olivia,Martinez,olivia.martinez73@mail.com,Consumer,2,Leeds,SW879,2025-07-29,Active
74,Olivia,Schmidt,olivia.schmidt74@mail.com,Consumer,7,Chicago,10859,2024-08-22,Active
75,Ella,King,ella.king75@mail.com,Consumer,1,Cork,D437,2024-09-06,Active
76,Thomas,Davies,thomas.davies76@mail.com,Consumer,3,Hamburg,10363,2025-08-07,Inactive
77,Sergey,Thompson,sergey.thompson77@mail.com,Consumer,8,Montreal,M273,2025-07-02,Active
78,Mia,Williams,mia.williams78@mail.com,Consumer,6,Amsterdam,10937,2020-08-28,Active
79,Sophia,Jones,sophia.jones79@mail.com,Consumer,6,Rotterdam,10109,2022-08-05,Active
80,Olivia,Kelly,olivia.kelly80@mail.com,Consumer,4,Paris,75106,2025-06-02,Inactive
81,Amelia,Thompson,amelia.thompson81@mail.com,Consumer,1,Galway,D117,2023-01-30,Inactive
82,Natalie,Williams,natalie.williams82@mail.com,Small Business,7,Boston,10252,2021-03-14,Active
83,Amelia,Wilson,amelia.wilson83@mail.com,Consumer,2,Leeds,SW180,2023-12-22,Active
84,Isabella,Jansen,isabella.jansen84@mail.com,Corporate,8,Vancouver,M407,2022-09-23,Active
85,Julia,Johnson,julia.johnson85@mail.com,Consumer,5,Seville,28486,2020-05-09,Inactive
86,Liam,Anderson,liam.anderson86@mail.com,Consumer,1,Limerick,D760,2021-12-02,Active
87,Julia,Brown,julia.brown87@mail.com,Small Business,4,Lyon,75316,2025-12-03,Inactive
88,Natalie,Smith,natalie.smith88@mail.com,Small Business,2,Bristol,SW773,2023-02-22,Active
89,Julia,Schmidt,julia.schmidt89@mail.com,Corporate,2,Bristol,SW247,2020-03-05,Inactive
90,Leo,Williams,leo.williams90@mail.com,Consumer,8,Calgary,M793,2022-09-11,Active
91,Laura,Jones,laura.jones91@mail.com,Consumer,3,Hamburg,10154,2020-11-17,Active
92,Thomas,Smith,thomas.smith92@mail.com,Consumer,3,Cologne,10709,2023-10-27,Inactive
93,Emma,Murphy,emma.murphy93@mail.com,Small Business,8,Calgary,M602,2023-01-24,Active
94,Ava,Bernard,ava.bernard94@mail.com,Consumer,3,Frankfurt,10187,2022-01-30,Active
95,Michael,Smith,michael.smith95@mail.com,Consumer,7,Seattle,10828,2020-12-02,Active
96,Emma,Müller,emma.müller96@mail.com,Consumer,6,Utrecht,10555,2021-03-12,Active
97,James,Jones,james.jones97@mail.com,Consumer,6,Eindhoven,10670,2020-12-23,Inactive
98,Oliver,Müller,oliver.müller98@mail.com,Consumer,1,Galway,D984,2021-01-16,Inactive
99,Sophia,Martin,sophia.martin99@mail.com,Small Business,1,Athlone,D348,2020-12-12,Active
100,Ethan,Jones,ethan.jones100@mail.com,Consumer,6,Eindhoven,10249,2023-01-06,Active
101,Jack,Bernard,jack.bernard101@mail.com,Consumer,2,London,SW469,2023-05-12,Active
102,Laura,Johnson,laura.johnson102@mail.com,Consumer,8,Vancouver,M568,2025-07-23,Active
103,Liam,Martin,liam.martin103@mail.com,Small Business,1,Limerick,D923,2023-09-22,Active
104,Sophia,Walker,sophia.walker104@mail.com,Consumer,3,Cologne,10811,2021-07-11,Active
105,Ethan,Martin,ethan.martin105@mail.com,Consumer,4,Toulouse,75689,2023-07-31,Active
106,Jack,Walker,jack.walker106@mail.com,Consumer,3,Cologne,10304,2024-05-28,Active
107,Ella,Murphy,ella.murphy107@mail.com,Corporate,6,Rotterdam,10548,2025-03-05,Active
108,Oliver,Walker,oliver.walker108@mail.com,Consumer,7,Chicago,10748,2024-08-02,Active
109,Anna,Jones,anna.jones109@mail.com,Small Business,2,London,SW559,2024-09-29,Inactive
110,Ella,Martinez,ella.martinez110@mail.com,Consumer,5,Valencia,28818,2024-09-09,Active
111,Henry,Miller,henry.miller111@mail.com,Consumer,1,Athlone,D145,2023-12-25,Inactive
112,Emma,White,emma.white112@mail.com,Consumer,8,Toronto,M364,2024-10-29,Active
113,Amelia,Lopez,amelia.lopez113@mail.com,Consumer,4,Toulouse,75574,2022-06-24,Active
114,Liam,Garcia,liam.garcia114@mail.com,Consumer,3,Berlin,10218,2021-03-04,Active
115,Emma,Dubois,emma.dubois115@mail.com,Consumer,3,Hamburg,10587,2022-04-27,Active
116,Michael,Dubois,michael.dubois116@mail.com,Consumer,3,Berlin,10929,2023-07-30,Active
117,Emma,Johnson,emma.johnson117@mail.com,Consumer,1,Cork,D858,2021-03-23,Active
118,Ella,Williams,ella.williams118@mail.com,Consumer,4,Toulouse,75337,2023-09-17,Inactive
119,Ethan,Johnson,ethan.johnson119@mail.com,Consumer,5,Bilbao,28302,2024-11-05,Inactive
120,Ava,Murphy,ava.murphy120@mail.com,Consumer,5,Madrid,28691,2022-05-29,Active
121,Ella,Williams,ella.williams121@mail.com,Consumer,7,Seattle,10216,2024-02-07,Active
122,Mia,Martinez,mia.martinez122@mail.com,Consumer,5,Bilbao,28501,2023-07-07,Active
123,Julia,Dubois,julia.dubois123@mail.com,Small Business,3,Hamburg,10729,2021-12-07,Active
124,Emma,Brown,emma.brown124@mail.com,Consumer,5,Barcelona,28482,2022-09-04,Active
125,Sophia,De Vries,sophia.de vries125@mail.com,Consumer,4,Toulouse,75290,2021-07-18,Inactive
126,Michael,King,michael.king126@mail.com,Consumer,5,Seville,28395,2021-12-10,Active
127,Thomas,Dubois,thomas.dubois127@mail.com,Small Business,2,London,SW596,2020-08-07,Active
128,Ava,Lopez,ava.lopez128@mail.com,Consumer,2,Leeds,SW801,2025-09-01,Inactive
129,Thomas,Dubois,thomas.dubois129@mail.com,Consumer,3,Cologne,10131,2025-06-24,Active
130,Jack,Davies,jack.davies130@mail.com,Consumer,2,Leeds,SW679,2023-03-28,Inactive
131,James,Jansen,james.jansen131@mail.com,Consumer,4,Nice,75943,2021-04-12,Active
132,David,Kelly,david.kelly132@mail.com,Consumer,4,Toulouse,75204,2024-12-12,Active
133,Noah,Dubois,noah.dubois133@mail.com,Consumer,2,London,SW549,2022-12-12,Active
134,Henry,Taylor,henry.taylor134@mail.com,Small Business,7,Boston,10747,2023-12-07,Inactive
135,Lucas,White,lucas.white135@mail.com,Small Business,2,London,SW683,2022-04-26,Active
136,Emily,Lopez,emily.lopez136@mail.com,Consumer,4,Marseille,75396,2021-11-20,Active
137,Amelia,Young,amelia.young137@mail.com,Consumer,8,Calgary,M160,2021-01-25,Active
138,Lucas,Anderson,lucas.anderson138@mail.com,Consumer,7,Austin,10948,2021-06-27,Active
139,Anna,Martin,anna.martin139@mail.com,Consumer,6,Utrecht,10742,2025-06-27,Inactive
140,Oliver,Johnson,oliver.johnson140@mail.com,Consumer,3,Hamburg,10811,2021-01-16,Active
141,Mia,Schmidt,mia.schmidt141@mail.com,Small Business,3,Berlin,10848,2020-01-11,Inactive
142,Michael,Müller,michael.müller142@mail.com,Small Business,5,Seville,28323,2020-09-16,Inactive
143,Mia,Wilson,mia.wilson143@mail.com,Small Business,7,Austin,10660,2023-08-15,Active
144,Mia,White,mia.white144@mail.com,Small Business,4,Paris,75147,2023-11-08,Active
145,Thomas,Dubois,thomas.dubois145@mail.com,Consumer,5,Barcelona,28551,2020-03-07,Inactive
146,Sophia,Taylor,sophia.taylor146@mail.com,Small Business,1,Galway,D262,2021-06-24,Active
147,Olivia,Wilson,olivia.wilson147@mail.com,Consumer,1,Cork,D153,2020-12-03,Inactive
148,Laura,Anderson,laura.anderson148@mail.com,Consumer,5,Madrid,28820,2022-08-17,Active
149,Mia,Smith,mia.smith149@mail.com,Consumer,1,Athlone,D796,2021-06-27,Inactive
150,Michael,Schmidt,michael.schmidt150@mail.com,Corporate,1,Limerick,D810,2021-05-08,Active
151,Henry,Martin,henry.martin151@mail.com,Small Business,4,Paris,75205,2020-12-31,Active
152,Leo,Jones,leo.jones152@mail.com,Small Business,3,Munich,10756,2024-04-16,Active
153,Grace,Murphy,grace.murphy153@mail.com,Consumer,1,Cork,D743,2021-11-03,Active
154,Emily,Miller,emily.miller154@mail.com,Small Business,7,New York,10202,2024-12-17,Active
155,Grace,Thompson,grace.thompson155@mail.com,Consumer,6,Eindhoven,10422,2024-04-21,Active
156,Sergey,Smith,sergey.smith156@mail.com,Consumer,2,Bristol,SW838,2022-10-13,Active
157,Michael,Murphy,michael.murphy157@mail.com,Consumer,7,Boston,10621,2023-05-20,Active
158,Leo,Johnson,leo.johnson158@mail.com,Small Business,6,Rotterdam,10606,2020-08-11,Inactive
159,Mia,Johnson,mia.johnson159@mail.com,Consumer,1,Dublin,D469,2020-10-17,Active
160,Julia,Walker,julia.walker160@mail.com,Consumer,1,Cork,D881,2024-09-19,Inactive
161,David,Smith,david.smith161@mail.com,Consumer,8,Toronto,M368,2020-03-09,Active
162,Noah,White,noah.white162@mail.com,Consumer,1,Athlone,D885,2024-06-18,Inactive
163,Ava,Smith,ava.smith163@mail.com,Consumer,3,Hamburg,10180,2021-09-17,Active
164,Lucas,Lopez,lucas.lopez164@mail.com,Consumer,8,Toronto,M417,2023-08-31,Inactive
165,Julia,Davies,julia.davies165@mail.com,Consumer,6,Eindhoven,10218,2020-08-25,Inactive
166,Noah,Evans,noah.evans166@mail.com,Consumer,5,Barcelona,28818,2021-12-20,Active
167,Olivia,Martinez,olivia.martinez167@mail.com,Small Business,2,Birmingham,SW270,2025-10-19,Active
168,David,Hall,david.hall168@mail.com,Small Business,1,Dublin,D889,2023-01-05,Active
169,Sophia,Wilson,sophia.wilson169@mail.com,Consumer,3,Cologne,10742,2025-11-15,Active
170,Amelia,Müller,amelia.müller170@mail.com,Consumer,4,Nice,75270,2020-08-15,Active
171,David,Brown,david.brown171@mail.com,Consumer,1,Athlone,D102,2021-04-17,Active
172,Liam,Davies,liam.davies172@mail.com,Consumer,7,Seattle,10253,2020-07-07,Active
173,Julia,Kelly,julia.kelly173@mail.com,Consumer,8,Vancouver,M526,2024-09-13,Active
174,Oliver,Jansen,oliver.jansen174@mail.com,Consumer,2,London,SW283,2024-03-07,Active
175,Noah,Martin,noah.martin175@mail.com,Small Business,7,Austin,10892,2020-10-09,Active
176,Ella,Dubois,ella.dubois176@mail.com,Consumer,3,Hamburg,10677,2020-02-02,Active
177,Henry,Dubois,henry.dubois177@mail.com,Consumer,6,Eindhoven,10891,2024-02-17,Active
178,Ella,Clark,ella.clark178@mail.com,Consumer,6,Eindhoven,10124,2022-10-01,Active
179,Sergey,Walker,sergey.walker179@mail.com,Corporate,4,Paris,75877,2020-02-09,Inactive
180,Laura,Evans,laura.evans180@mail.com,Consumer,7,Chicago,10529,2021-03-01,Inactive
181,Lucas,Anderson,lucas.anderson181@mail.com,Consumer,8,Vancouver,M965,2023-02-20,Inactive
182,Olivia,Dubois,olivia.dubois182@mail.com,Consumer,6,The Hague,10236,2020-12-13,Inactive
183,Grace,Kelly,grace.kelly183@mail.com,Consumer,1,Cork,D342,2024-11-16,Active
184,Emma,King,emma.king184@mail.com,Consumer,2,Birmingham,SW425,2024-05-28,Inactive
185,Oliver,Taylor,oliver.taylor185@mail.com,Small Business,2,Bristol,SW211,2021-07-11,Active
186,Isabella,Dubois,isabella.dubois186@mail.com,Consumer,1,Athlone,D466,2023-07-10,Active
187,Isabella,Wilson,isabella.wilson187@mail.com,Consumer,3,Hamburg,10946,2021-05-06,Active
188,Julia,Schmidt,julia.schmidt188@mail.com,Consumer,2,Manchester,SW464,2021-08-30,Inactive
189,Anna,Evans,anna.evans189@mail.com,Small Business,4,Lyon,75131,2022-12-01,Inactive
190,Ella,Thompson,ella.thompson190@mail.com,Consumer,7,New York,10923,2022-10-20,Active
191,Noah,Walker,noah.walker191@mail.com,Consumer,1,Limerick,D481,2022-06-29,Active
192,Jack,King,jack.king192@mail.com,Consumer,5,Madrid,28302,2020-11-03,Inactive
193,Oliver,Young,oliver.young193@mail.com,Consumer,7,Seattle,10151,2023-09-20,Active
194,Sophia,Walker,sophia.walker194@mail.com,Consumer,8,Calgary,M799,2024-06-05,Inactive
195,Daniel,King,daniel.king195@mail.com,Consumer,2,Leeds,SW252,2022-02-05,Active
196,Emily,Davies,emily.davies196@mail.com,Consumer,5,Bilbao,28590,2023-04-23,Active
197,Ava,Jones,ava.jones197@mail.com,Consumer,1,Athlone,D355,2024-09-13,Active
198,Sarah,Anderson,sarah.anderson198@mail.com,Consumer,8,Calgary,M452,2024-01-10,Active
199,Ethan,Murphy,ethan.murphy199@mail.com,Consumer,3,Berlin,10930,2023-07-30,Active
200,Mia,Martinez,mia.martinez200@mail.com,Small Business,1,Cork,D263,2024-01-04,Active
201,Henry,Wilson,henry.wilson201@mail.com,Small Business,2,London,SW882,2025-12-25,Active
202,Sarah,Martin,sarah.martin202@mail.com,Corporate,4,Lyon,75280,2023-12-24,Active
203,Sarah,Thompson,sarah.thompson203@mail.com,Small Business,5,Madrid,28820,2024-01-09,Active
204,Grace,Jones,grace.jones204@mail.com,Small Business,8,Calgary,M655,2022-02-10,Active
205,Noah,Smith,noah.smith205@mail.com,Consumer,2,Manchester,SW120,2020-08-18,Inactive
206,Natalie,De Vries,natalie.de vries206@mail.com,Small Business,1,Galway,D834,2022-04-05,Active
207,Julia,Hall,julia.hall207@mail.com,Consumer,7,Chicago,10700,2023-08-18,Active
208,Julia,Martinez,julia.martinez208@mail.com,Corporate,7,Austin,10821,2024-02-03,Inactive
209,Emma,Evans,emma.evans209@mail.com,Consumer,5,Barcelona,28849,2023-08-14,Inactive
210,Mia,Johnson,mia.johnson210@mail.com,Consumer,7,Boston,10810,2023-07-23,Active
211,Grace,Walker,grace.walker211@mail.com,Consumer,2,Birmingham,SW230,2021-12-19,Active
212,Michael,Jansen,michael.jansen212@mail.com,Small Business,6,The Hague,10133,2024-05-22,Active
213,Natalie,White,natalie.white213@mail.com,Consumer,5,Madrid,28608,2022-06-23,Active
214,Oliver,Davies,oliver.davies214@mail.com,Corporate,3,Munich,10751,2023-11-21,Active
215,Anna,Johnson,anna.johnson215@mail.com,Consumer,7,Austin,10314,2023-10-07,Active
216,Olivia,Wilson,olivia.wilson216@mail.com,Small Business,6,Amsterdam,10495,2021-03-18,Inactive
217,Ethan,Young,ethan.young217@mail.com,Consumer,6,Eindhoven,10459,2024-08-22,Inactive
218,Mia,White,mia.white218@mail.com,Consumer,1,Dublin,D918,2022-07-12,Active
219,Emma,Wilson,emma.wilson219@mail.com,Consumer,2,Manchester,SW484,2021-03-04,Active
220,Ella,Young,ella.young220@mail.com,Consumer,6,The Hague,10594,2021-01-16,Active
221,Sergey,Williams,sergey.williams221@mail.com,Consumer,3,Berlin,10439,2024-11-13,Active
222,Sophia,Anderson,sophia.anderson222@mail.com,Consumer,8,Montreal,M343,2022-12-22,Active
223,Grace,Lopez,grace.lopez223@mail.com,Consumer,1,Galway,D103,2025-07-03,Inactive
224,Thomas,Miller,thomas.miller224@mail.com,Consumer,1,Dublin,D311,2025-05-21,Active
225,Oliver,Garcia,oliver.garcia225@mail.com,Consumer,5,Seville,28582,2021-04-18,Inactive
226,Jack,Smith,jack.smith226@mail.com,Consumer,7,Seattle,10478,2024-05-06,Active
227,Jack,Dubois,jack.dubois227@mail.com,Consumer,3,Hamburg,10677,2025-03-19,Active
228,Michael,Miller,michael.miller228@mail.com,Consumer,1,Galway,D927,2021-01-31,Inactive
229,Grace,Davies,grace.davies229@mail.com,Small Business,8,Ottawa,M528,2020-09-06,Inactive
230,Henry,Garcia,henry.garcia230@mail.com,Consumer,4,Paris,75614,2023-05-09,Active
231,David,Dubois,david.dubois231@mail.com,Corporate,1,Cork,D316,2021-12-09,Active
232,Sophia,Smith,sophia.smith232@mail.com,Consumer,1,Cork,D954,2024-11-18,Active
233,Laura,King,laura.king233@mail.com,Consumer,2,Bristol,SW506,2020-10-01,Active
234,Amelia,Dubois,amelia.dubois234@mail.com,Small Business,7,Boston,10701,2020-02-20,Inactive
235,Lucas,Jones,lucas.jones235@mail.com,Corporate,1,Athlone,D898,2021-02-14,Active
236,Julia,Lopez,julia.lopez236@mail.com,Small Business,7,Austin,10492,2023-11-09,Inactive
237,Mia,Kelly,mia.kelly237@mail.com,Consumer,4,Lyon,75733,2021-12-06,Inactive
238,Robert,Young,robert.young238@mail.com,Consumer,1,Dublin,D863,2023-09-19,Inactive
239,Robert,Müller,robert.müller239@mail.com,Consumer,8,Montreal,M418,2020-03-23,Active
240,Julia,Anderson,julia.anderson240@mail.com,Corporate,7,Chicago,10237,2021-02-06,Active
241,Isabella,Clark,isabella.clark241@mail.com,Consumer,8,Calgary,M719,2023-08-07,Active
242,Daniel,King,daniel.king242@mail.com,Small Business,2,Bristol,SW988,2024-07-25,Active
243,Amelia,White,amelia.white243@mail.com,Consumer,7,Boston,10513,2021-10-13,Active
244,Amelia,Young,amelia.young244@mail.com,Consumer,7,Chicago,10957,2020-04-28,Active
245,Isabella,Kelly,isabella.kelly245@mail.com,Consumer,2,Birmingham,SW477,2024-01-16,Inactive
246,Sergey,King,sergey.king246@mail.com,Consumer,4,Lyon,75481,2021-05-22,Inactive
247,Ethan,Hall,ethan.hall247@mail.com,Consumer,5,Valencia,28452,2025-04-27,Active
248,Jack,Thompson,jack.thompson248@mail.com,Consumer,7,Seattle,10150,2021-01-05,Active
249,David,Taylor,david.taylor249@mail.com,Consumer,7,Chicago,10375,2022-06-25,Inactive
250,Julia,Clark,julia.clark250@mail.com,Consumer,4,Lyon,75762,2020-02-06,Active
251,Liam,Davies,liam.davies251@mail.com,Consumer,5,Valencia,28829,2022-10-30,Active
252,Ava,Hall,ava.hall252@mail.com,Consumer,3,Munich,10577,2023-11-29,Active
253,Thomas,De Vries,thomas.de vries253@mail.com,Consumer,5,Madrid,28623,2024-06-14,Active
254,Emily,De Vries,emily.de vries254@mail.com,Consumer,4,Paris,75593,2023-03-03,Active
255,Jack,Johnson,jack.johnson255@mail.com,Small Business,3,Hamburg,10771,2023-08-24,Active
256,Amelia,Clark,amelia.clark256@mail.com,Small Business,2,Bristol,SW513,2022-09-11,Active
257,Laura,Murphy,laura.murphy257@mail.com,Corporate,6,Utrecht,10528,2025-07-30,Inactive
258,Noah,Jansen,noah.jansen258@mail.com,Consumer,3,Munich,10802,2022-02-16,Inactive
259,Anna,Müller,anna.müller259@mail.com,Consumer,7,Chicago,10960,2025-09-08,Active
260,Mia,Jones,mia.jones260@mail.com,Small Business,2,Bristol,SW881,2022-11-25,Active
261,Robert,Schmidt,robert.schmidt261@mail.com,Consumer,8,Vancouver,M862,2020-12-31,Active
262,Robert,Schmidt,robert.schmidt262@mail.com,Consumer,3,Hamburg,10574,2024-03-02,Active
263,Julia,Johnson,julia.johnson263@mail.com,Consumer,4,Lyon,75612,2020-10-18,Active
264,Ava,Martinez,ava.martinez264@mail.com,Consumer,7,Chicago,10240,2023-05-07,Active
265,Grace,Young,grace.young265@mail.com,Consumer,3,Munich,10897,2025-02-17,Active
266,Sergey,Williams,sergey.williams266@mail.com,Consumer,4,Paris,75562,2023-07-07,Active
267,David,Williams,david.williams267@mail.com,Consumer,2,London,SW232,2021-10-10,Inactive
268,Ava,Bernard,ava.bernard268@mail.com,Consumer,5,Madrid,28646,2025-05-09,Active
269,Liam,Young,liam.young269@mail.com,Small Business,6,The Hague,10295,2023-08-12,Active
270,Sergey,Thompson,sergey.thompson270@mail.com,Consumer,5,Valencia,28419,2022-10-16,Active
271,Amelia,Jansen,amelia.jansen271@mail.com,Consumer,1,Dublin,D405,2023-06-07,Active
272,Amelia,De Vries,amelia.de vries272@mail.com,Consumer,3,Munich,10450,2025-11-16,Inactive
273,Daniel,Williams,daniel.williams273@mail.com,Consumer,3,Munich,10844,2024-07-10,Active
274,Liam,Jansen,liam.jansen274@mail.com,Consumer,2,Birmingham,SW828,2025-08-28,Active
275,Sergey,Wilson,sergey.wilson275@mail.com,Consumer,3,Cologne,10149,2025-12-30,Active
276,Liam,Kelly,liam.kelly276@mail.com,Consumer,5,Seville,28226,2021-04-19,Active
277,Lucas,Taylor,lucas.taylor277@mail.com,Consumer,4,Paris,75778,2020-02-08,Active
278,Michael,Jones,michael.jones278@mail.com,Small Business,5,Madrid,28623,2024-09-11,Active
279,Sarah,Brown,sarah.brown279@mail.com,Consumer,2,Manchester,SW896,2025-07-31,Active
280,Daniel,Müller,daniel.müller280@mail.com,Consumer,7,New York,10661,2024-08-05,Inactive
281,Michael,King,michael.king281@mail.com,Consumer,7,New York,10113,2025-05-22,Active
282,Thomas,Jansen,thomas.jansen282@mail.com,Consumer,7,New York,10898,2025-07-16,Active
283,James,Young,james.young283@mail.com,Consumer,6,Eindhoven,10403,2022-11-14,Active
284,James,Walker,james.walker284@mail.com,Small Business,4,Marseille,75468,2021-12-16,Active
285,James,Brown,james.brown285@mail.com,Consumer,3,Munich,10779,2020-07-06,Active
286,Robert,Dubois,robert.dubois286@mail.com,Small Business,3,Berlin,10481,2023-01-03,Active
287,Ava,Martin,ava.martin287@mail.com,Consumer,2,Leeds,SW806,2025-02-12,Inactive
288,Sergey,Young,sergey.young288@mail.com,Consumer,7,New York,10964,2021-11-14,Active
289,Natalie,Jansen,natalie.jansen289@mail.com,Small Business,1,Limerick,D285,2025-05-31,Inactive
290,Emily,Murphy,emily.murphy290@mail.com,Consumer,7,Seattle,10215,2021-06-19,Inactive
291,Oliver,Wilson,oliver.wilson291@mail.com,Consumer,3,Cologne,10885,2023-07-11,Active
292,Anna,Hall,anna.hall292@mail.com,Consumer,8,Ottawa,M197,2023-10-17,Inactive
293,Henry,Garcia,henry.garcia293@mail.com,Consumer,5,Seville,28252,2023-11-17,Active
294,Natalie,Williams,natalie.williams294@mail.com,Small Business,1,Limerick,D990,2025-09-01,Active
295,Mia,Schmidt,mia.schmidt295@mail.com,Consumer,1,Galway,D151,2022-09-13,Active
296,Ava,Martin,ava.martin296@mail.com,Consumer,4,Toulouse,75920,2022-08-20,Inactive
297,Mia,Dubois,mia.dubois297@mail.com,Consumer,1,Limerick,D863,2023-07-18,Active
298,Sophia,Kelly,sophia.kelly298@mail.com,Small Business,1,Athlone,D733,2020-01-01,Active
299,Ella,Taylor,ella.taylor299@mail.com,Corporate,7,Austin,10945,2025-02-11,Active
300,Julia,Dubois,julia.dubois300@mail.com,Consumer,7,Boston,10714,2023-09-21,Inactive
301,Olivia,Anderson,olivia.anderson301@mail.com,Consumer,6,Rotterdam,10102,2025-01-27,Active
302,Sergey,White,sergey.white302@mail.com,Consumer,3,Hamburg,10818,2023-04-10,Active
303,Ethan,Garcia,ethan.garcia303@mail.com,Small Business,1,Limerick,D209,2021-07-29,Active
304,Daniel,Brown,daniel.brown304@mail.com,Consumer,5,Barcelona,28833,2024-05-28,Active
305,Sophia,Kelly,sophia.kelly305@mail.com,Small Business,1,Limerick,D568,2021-05-19,Active
306,Liam,Martinez,liam.martinez306@mail.com,Consumer,8,Calgary,M958,2020-07-17,Inactive
307,David,King,david.king307@mail.com,Consumer,8,Vancouver,M848,2021-12-26,Active
308,Anna,De Vries,anna.de vries308@mail.com,Consumer,1,Limerick,D528,2023-08-11,Active
309,Emma,Evans,emma.evans309@mail.com,Small Business,2,Manchester,SW522,2025-01-28,Active
310,Ella,Hall,ella.hall310@mail.com,Consumer,7,Boston,10747,2023-07-09,Active
311,Emily,Anderson,emily.anderson311@mail.com,Consumer,2,Manchester,SW827,2023-04-05,Active
312,Michael,Johnson,michael.johnson312@mail.com,Consumer,4,Marseille,75675,2023-08-13,Inactive
313,Anna,Anderson,anna.anderson313@mail.com,Consumer,5,Bilbao,28392,2024-09-05,Inactive
314,Amelia,Brown,amelia.brown314@mail.com,Consumer,7,New York,10786,2020-04-13,Active
315,David,White,david.white315@mail.com,Corporate,2,Birmingham,SW249,2021-10-21,Active
316,Leo,Taylor,leo.taylor316@mail.com,Consumer,6,Eindhoven,10204,2020-05-12,Active
317,Ella,Martin,ella.martin317@mail.com,Consumer,6,Utrecht,10809,2022-08-31,Active
318,Ava,Bernard,ava.bernard318@mail.com,Corporate,8,Toronto,M113,2023-07-04,Active
319,Julia,Clark,julia.clark319@mail.com,Small Business,2,Birmingham,SW873,2024-12-19,Active
320,Daniel,Evans,daniel.evans320@mail.com,Consumer,7,New York,10291,2025-01-12,Active
321,James,Martin,james.martin321@mail.com,Consumer,6,The Hague,10370,2020-06-15,Active
322,Julia,Wilson,julia.wilson322@mail.com,Consumer,2,Manchester,SW140,2020-01-24,Active
323,Emily,Kelly,emily.kelly323@mail.com,Consumer,8,Ottawa,M663,2023-05-18,Active
324,Michael,Schmidt,michael.schmidt324@mail.com,Consumer,1,Cork,D633,2025-11-22,Active
325,Ethan,Bernard,ethan.bernard325@mail.com,Consumer,7,Chicago,10318,2024-07-10,Active
326,Leo,Taylor,leo.taylor326@mail.com,Consumer,3,Cologne,10943,2025-12-12,Active
327,Olivia,Dubois,olivia.dubois327@mail.com,Small Business,1,Athlone,D736,2022-09-11,Active
328,Anna,Young,anna.young328@mail.com,Consumer,8,Toronto,M495,2023-08-07,Active
329,Leo,Murphy,leo.murphy329@mail.com,Small Business,4,Marseille,75626,2025-10-18,Inactive
330,Leo,Young,leo.young330@mail.com,Consumer,4,Paris,75198,2022-02-27,Active
331,David,Lopez,david.lopez331@mail.com,Consumer,8,Toronto,M315,2025-12-24,Active
332,Sophia,Walker,sophia.walker332@mail.com,Consumer,7,Seattle,10762,2021-03-01,Active
333,Lucas,Murphy,lucas.murphy333@mail.com,Consumer,6,Amsterdam,10189,2025-02-23,Active
334,Sarah,Wilson,sarah.wilson334@mail.com,Consumer,1,Cork,D364,2020-10-15,Inactive
335,Sergey,Martin,sergey.martin335@mail.com,Consumer,3,Frankfurt,10789,2024-11-08,Active
336,Sergey,Thompson,sergey.thompson336@mail.com,Small Business,4,Nice,75146,2020-09-16,Active
337,Amelia,Brown,amelia.brown337@mail.com,Small Business,3,Hamburg,10721,2023-04-02,Active
338,Natalie,Dubois,natalie.dubois338@mail.com,Consumer,2,London,SW585,2024-04-11,Active
339,Lucas,Thompson,lucas.thompson339@mail.com,Small Business,4,Nice,75402,2024-05-20,Active
340,Robert,King,robert.king340@mail.com,Corporate,2,London,SW666,2024-03-08,Active
341,Liam,Jansen,liam.jansen341@mail.com,Consumer,1,Dublin,D412,2024-06-02,Active
342,Robert,Thompson,robert.thompson342@mail.com,Consumer,6,The Hague,10245,2023-11-09,Active
343,Emily,Walker,emily.walker343@mail.com,Consumer,2,Manchester,SW787,2022-11-01,Active
344,Natalie,Lopez,natalie.lopez344@mail.com,Consumer,7,New York,10397,2025-03-04,Active
345,Daniel,Thompson,daniel.thompson345@mail.com,Corporate,2,Birmingham,SW231,2025-06-18,Active
346,Emily,Smith,emily.smith346@mail.com,Consumer,1,Limerick,D436,2022-03-03,Active
347,Lucas,Jansen,lucas.jansen347@mail.com,Small Business,6,Eindhoven,10272,2024-02-01,Active
348,Sarah,Davies,sarah.davies348@mail.com,Consumer,2,Birmingham,SW237,2024-11-21,Active
349,Isabella,Dubois,isabella.dubois349@mail.com,Small Business,7,Seattle,10664,2024-01-09,Active
350,Emily,Smith,emily.smith350@mail.com,Small Business,2,Manchester,SW651,2023-02-23,Active
351,Robert,Johnson,robert.johnson351@mail.com,Small Business,2,London,SW969,2020-11-09,Active
352,Grace,Martin,grace.martin352@mail.com,Small Business,7,Boston,10366,2022-05-21,Inactive
353,Lucas,Müller,lucas.müller353@mail.com,Consumer,5,Bilbao,28850,2024-05-26,Active
354,Amelia,Martinez,amelia.martinez354@mail.com,Consumer,1,Athlone,D110,2021-01-05,Active
355,Sarah,De Vries,sarah.de vries355@mail.com,Small Business,7,Chicago,10556,2021-11-10,Active
356,Grace,Miller,grace.miller356@mail.com,Small Business,2,Leeds,SW467,2021-08-21,Active
357,Mia,Davies,mia.davies357@mail.com,Consumer,2,Manchester,SW143,2020-09-14,Active
358,Sarah,Müller,sarah.müller358@mail.com,Consumer,4,Toulouse,75147,2024-05-08,Active
359,Emma,Brown,emma.brown359@mail.com,Consumer,8,Montreal,M954,2025-11-05,Active
360,Grace,Williams,grace.williams360@mail.com,Consumer,4,Marseille,75701,2024-03-22,Active
361,Ava,King,ava.king361@mail.com,Consumer,4,Marseille,75936,2022-07-01,Active
362,Mia,Young,mia.young362@mail.com,Consumer,4,Lyon,75550,2020-01-28,Active
363,Amelia,Johnson,amelia.johnson363@mail.com,Consumer,2,Manchester,SW261,2023-02-24,Active
364,Thomas,Brown,thomas.brown364@mail.com,Consumer,5,Valencia,28837,2022-08-01,Active
365,Mia,Garcia,mia.garcia365@mail.com,Consumer,4,Toulouse,75122,2022-05-13,Active
366,Grace,Jansen,grace.jansen366@mail.com,Consumer,1,Athlone,D140,2021-10-21,Active
367,Jack,King,jack.king367@mail.com,Consumer,1,Limerick,D713,2022-01-07,Active
368,Laura,Miller,laura.miller368@mail.com,Corporate,7,Chicago,10559,2023-03-07,Inactive
369,Ethan,Davies,ethan.davies369@mail.com,Consumer,7,Boston,10940,2024-08-09,Active
370,Amelia,Wilson,amelia.wilson370@mail.com,Small Business,5,Valencia,28564,2021-11-17,Active
371,Ava,Jones,ava.jones371@mail.com,Consumer,2,Bristol,SW980,2021-03-20,Inactive
372,Emily,Brown,emily.brown372@mail.com,Consumer,7,Boston,10714,2021-12-27,Active
373,Ella,Martinez,ella.martinez373@mail.com,Consumer,7,Chicago,10717,2021-04-26,Active
374,David,Miller,david.miller374@mail.com,Consumer,7,Austin,10995,2024-11-02,Active
375,Sophia,Davies,sophia.davies375@mail.com,Small Business,6,Eindhoven,10458,2025-05-28,Active
376,Jack,Garcia,jack.garcia376@mail.com,Small Business,3,Berlin,10390,2022-08-10,Inactive
377,Liam,Anderson,liam.anderson377@mail.com,Consumer,2,London,SW632,2020-01-30,Active
378,Daniel,Anderson,daniel.anderson378@mail.com,Consumer,3,Berlin,10258,2023-07-17,Inactive
379,Jack,Wilson,jack.wilson379@mail.com,Consumer,5,Bilbao,28382,2024-09-30,Inactive
380,Sophia,Lopez,sophia.lopez380@mail.com,Consumer,6,The Hague,10668,2025-05-30,Inactive
381,Leo,Jansen,leo.jansen381@mail.com,Small Business,2,Leeds,SW853,2023-11-11,Active
382,Anna,Brown,anna.brown382@mail.com,Consumer,7,Chicago,10202,2022-07-30,Active
383,Sarah,Schmidt,sarah.schmidt383@mail.com,Consumer,4,Paris,75923,2020-08-01,Active
384,Mia,King,mia.king384@mail.com,Consumer,7,Austin,10327,2024-11-18,Active
385,Noah,Thompson,noah.thompson385@mail.com,Corporate,1,Limerick,D728,2024-04-23,Active
386,Emily,Kelly,emily.kelly386@mail.com,Consumer,6,Eindhoven,10110,2021-12-18,Active
387,Natalie,White,natalie.white387@mail.com,Consumer,7,New York,10902,2025-10-23,Active
388,Anna,Kelly,anna.kelly388@mail.com,Consumer,5,Madrid,28261,2024-01-13,Active
389,David,Martin,david.martin389@mail.com,Consumer,8,Calgary,M700,2023-12-17,Active
390,Laura,Anderson,laura.anderson390@mail.com,Small Business,4,Nice,75391,2020-10-08,Active
391,Thomas,Wilson,thomas.wilson391@mail.com,Consumer,3,Munich,10565,2022-07-15,Inactive
392,Jack,Williams,jack.williams392@mail.com,Consumer,4,Nice,75174,2024-07-25,Active
393,James,White,james.white393@mail.com,Corporate,3,Cologne,10932,2025-10-03,Active
394,Ava,Jansen,ava.jansen394@mail.com,Small Business,6,Utrecht,10894,2025-06-03,Inactive
395,Robert,Jansen,robert.jansen395@mail.com,Consumer,6,Utrecht,10169,2020-04-22,Inactive
396,Henry,Miller,henry.miller396@mail.com,Small Business,5,Seville,28461,2022-07-30,Active
397,Jack,Davies,jack.davies397@mail.com,Consumer,6,Utrecht,10177,2023-03-22,Active
398,Olivia,Taylor,olivia.taylor398@mail.com,Consumer,4,Lyon,75610,2023-01-07,Active
399,Henry,Hall,henry.hall399@mail.com,Consumer,2,Manchester,SW954,2022-12-23,Active
400,Olivia,Jones,olivia.jones400@mail.com,Consumer,7,New York,10792,2021-03-12,Inactive
401,David,Hall,david.hall401@mail.com,Small Business,5,Valencia,28735,2020-06-22,Active
402,Robert,Young,robert.young402@mail.com,Consumer,4,Nice,75386,2023-01-30,Inactive
403,Grace,Jones,grace.jones403@mail.com,Consumer,2,Leeds,SW589,2020-08-09,Active
404,Ava,Hall,ava.hall404@mail.com,Consumer,4,Paris,75815,2021-12-16,Inactive
405,Liam,Murphy,liam.murphy405@mail.com,Consumer,2,London,SW433,2022-05-13,Active
406,Jack,Williams,jack.williams406@mail.com,Consumer,5,Seville,28727,2022-12-12,Active
407,Mia,Bernard,mia.bernard407@mail.com,Consumer,3,Hamburg,10473,2022-05-12,Inactive
408,Ethan,Jansen,ethan.jansen408@mail.com,Corporate,2,Manchester,SW933,2021-06-21,Active
409,Sarah,Davies,sarah.davies409@mail.com,Small Business,6,Rotterdam,10249,2024-11-05,Active
410,Liam,Williams,liam.williams410@mail.com,Consumer,4,Nice,75646,2024-09-22,Active
411,Leo,Wilson,leo.wilson411@mail.com,Consumer,7,Chicago,10161,2020-07-14,Active
412,Mia,Walker,mia.walker412@mail.com,Consumer,7,Austin,10366,2021-01-29,Active
413,Ella,King,ella.king413@mail.com,Consumer,3,Frankfurt,10224,2022-11-21,Active
414,Emily,Taylor,emily.taylor414@mail.com,Corporate,7,Austin,10463,2021-12-15,Active
415,Mia,Clark,mia.clark415@mail.com,Small Business,5,Seville,28728,2025-01-04,Active
416,Lucas,Hall,lucas.hall416@mail.com,Consumer,4,Marseille,75531,2021-11-17,Inactive
417,Oliver,Smith,oliver.smith417@mail.com,Consumer,7,Austin,10424,2021-10-25,Active
418,Emily,Johnson,emily.johnson418@mail.com,Consumer,6,Eindhoven,10899,2024-06-07,Active
419,Amelia,Dubois,amelia.dubois419@mail.com,Consumer,6,Amsterdam,10228,2024-08-22,Active
420,Laura,Anderson,laura.anderson420@mail.com,Consumer,5,Seville,28205,2020-11-23,Active
421,Robert,Garcia,robert.garcia421@mail.com,Consumer,1,Limerick,D636,2020-08-08,Active
422,Emily,Jones,emily.jones422@mail.com,Consumer,1,Limerick,D416,2020-12-11,Active
423,Leo,Dubois,leo.dubois423@mail.com,Consumer,2,Manchester,SW129,2021-06-01,Active
424,Julia,King,julia.king424@mail.com,Small Business,5,Seville,28991,2023-08-25,Active
425,Lucas,Anderson,lucas.anderson425@mail.com,Consumer,4,Toulouse,75746,2021-12-26,Inactive
426,Sergey,Lopez,sergey.lopez426@mail.com,Small Business,4,Toulouse,75652,2023-06-22,Active
427,Isabella,Evans,isabella.evans427@mail.com,Consumer,7,Chicago,10410,2024-02-07,Active
428,Thomas,Clark,thomas.clark428@mail.com,Consumer,1,Limerick,D647,2021-07-12,Active
429,Mia,Clark,mia.clark429@mail.com,Consumer,6,Eindhoven,10917,2025-05-08,Active
430,Sarah,Murphy,sarah.murphy430@mail.com,Consumer,5,Bilbao,28547,2024-03-10,Inactive
431,Michael,Thompson,michael.thompson431@mail.com,Small Business,2,Manchester,SW369,2024-05-15,Active
432,Henry,Martinez,henry.martinez432@mail.com,Consumer,3,Cologne,10928,2023-01-18,Active
433,Julia,Smith,julia.smith433@mail.com,Consumer,3,Berlin,10752,2022-01-17,Inactive
434,Jack,Anderson,jack.anderson434@mail.com,Consumer,5,Madrid,28255,2025-07-08,Active
435,Liam,Williams,liam.williams435@mail.com,Consumer,8,Vancouver,M832,2021-02-22,Inactive
436,Henry,Smith,henry.smith436@mail.com,Consumer,6,Rotterdam,10450,2021-09-09,Inactive
437,Sarah,Garcia,sarah.garcia437@mail.com,Consumer,2,London,SW438,2024-03-01,Active
438,Lucas,Kelly,lucas.kelly438@mail.com,Small Business,7,New York,10656,2022-12-27,Inactive
439,Robert,Walker,robert.walker439@mail.com,Small Business,2,London,SW224,2022-10-21,Active
440,Isabella,Davies,isabella.davies440@mail.com,Consumer,3,Berlin,10633,2020-05-17,Active
441,Anna,Evans,anna.evans441@mail.com,Consumer,4,Paris,75862,2023-08-16,Active
442,Sergey,Evans,sergey.evans442@mail.com,Consumer,2,London,SW984,2022-03-24,Active
443,Henry,Johnson,henry.johnson443@mail.com,Consumer,8,Vancouver,M913,2024-11-13,Active
444,Ava,White,ava.white444@mail.com,Consumer,5,Madrid,28695,2022-09-22,Inactive
445,Lucas,Müller,lucas.müller445@mail.com,Consumer,6,Eindhoven,10193,2021-01-01,Active
446,David,Johnson,david.johnson446@mail.com,Consumer,8,Vancouver,M818,2020-09-02,Active
447,Henry,Schmidt,henry.schmidt447@mail.com,Small Business,1,Limerick,D850,2023-11-23,Active
448,Ava,Müller,ava.müller448@mail.com,Consumer,1,Dublin,D596,2021-07-05,Inactive
449,Ella,Anderson,ella.anderson449@mail.com,Consumer,4,Lyon,75656,2025-06-30,Active
450,Isabella,Wilson,isabella.wilson450@mail.com,Consumer,3,Munich,10560,2021-10-18,Active
451,Ella,Müller,ella.müller451@mail.com,Consumer,7,Boston,10488,2025-02-02,Active
452,Emily,Hall,emily.hall452@mail.com,Small Business,7,Chicago,10428,2024-01-31,Active
453,Ella,Walker,ella.walker453@mail.com,Consumer,5,Seville,28884,2024-05-06,Active
454,Emma,Bernard,emma.bernard454@mail.com,Consumer,5,Bilbao,28774,2023-08-12,Active
455,Lucas,Williams,lucas.williams455@mail.com,Consumer,1,Limerick,D296,2020-05-08,Active
456,Sergey,Walker,sergey.walker456@mail.com,Consumer,1,Athlone,D738,2024-05-10,Active
457,Henry,De Vries,henry.de vries457@mail.com,Consumer,1,Cork,D771,2020-10-17,Inactive
458,Thomas,Smith,thomas.smith458@mail.com,Small Business,8,Toronto,M469,2025-04-01,Inactive
459,Sarah,Anderson,sarah.anderson459@mail.com,Small Business,7,Austin,10641,2020-08-26,Active
460,Thomas,Evans,thomas.evans460@mail.com,Corporate,6,The Hague,10199,2020-11-15,Active
461,Ella,Martin,ella.martin461@mail.com,Consumer,6,Rotterdam,10683,2022-02-15,Active
462,Ella,Bernard,ella.bernard462@mail.com,Small Business,4,Nice,75466,2021-03-08,Inactive
463,Sophia,Young,sophia.young463@mail.com,Consumer,6,Rotterdam,10663,2021-03-02,Inactive
464,Anna,Williams,anna.williams464@mail.com,Corporate,4,Toulouse,75460,2025-12-26,Active
465,Emma,Hall,emma.hall465@mail.com,Consumer,4,Toulouse,75945,2024-03-02,Active
466,Grace,Lopez,grace.lopez466@mail.com,Consumer,5,Bilbao,28862,2022-05-26,Active
467,Isabella,Dubois,isabella.dubois467@mail.com,Consumer,3,Berlin,10391,2024-06-14,Active
468,Robert,Evans,robert.evans468@mail.com,Consumer,4,Lyon,75319,2020-01-27,Active
469,Thomas,Anderson,thomas.anderson469@mail.com,Small Business,1,Athlone,D669,2023-02-04,Active
470,Isabella,Müller,isabella.müller470@mail.com,Consumer,1,Galway,D696,2021-10-01,Active
471,Sarah,Evans,sarah.evans471@mail.com,Consumer,2,Bristol,SW322,2021-01-11,Active
472,Sarah,Garcia,sarah.garcia472@mail.com,Consumer,6,The Hague,10939,2021-12-09,Active
473,Leo,Kelly,leo.kelly473@mail.com,Consumer,5,Madrid,28889,2024-04-11,Active
474,Thomas,Bernard,thomas.bernard474@mail.com,Corporate,3,Berlin,10990,2024-09-02,Active
475,Julia,De Vries,julia.de vries475@mail.com,Consumer,6,Eindhoven,10155,2020-02-16,Active
476,Emma,Lopez,emma.lopez476@mail.com,Consumer,4,Lyon,75256,2021-09-04,Active
477,Ava,Dubois,ava.dubois477@mail.com,Consumer,5,Seville,28396,2025-08-29,Inactive
478,Emma,Smith,emma.smith478@mail.com,Consumer,1,Dublin,D661,2025-05-03,Inactive
479,Ava,Martinez,ava.martinez479@mail.com,Small Business,2,Manchester,SW880,2024-11-14,Active
480,Daniel,Garcia,daniel.garcia480@mail.com,Consumer,4,Lyon,75674,2024-06-07,Active
481,Jack,Clark,jack.clark481@mail.com,Consumer,2,Bristol,SW191,2024-10-27,Active
482,Sophia,Müller,sophia.müller482@mail.com,Consumer,5,Valencia,28708,2023-11-27,Active
483,Ethan,Müller,ethan.müller483@mail.com,Consumer,6,Eindhoven,10145,2024-12-16,Active
484,Olivia,Jones,olivia.jones484@mail.com,Consumer,2,London,SW348,2020-12-17,Active
485,Thomas,Evans,thomas.evans485@mail.com,Consumer,7,New York,10412,2020-02-26,Inactive
486,Emma,Taylor,emma.taylor486@mail.com,Consumer,4,Nice,75868,2022-05-17,Active
487,Emily,Thompson,emily.thompson487@mail.com,Consumer,4,Paris,75485,2021-08-01,Active
488,Noah,Evans,noah.evans488@mail.com,Small Business,2,Bristol,SW377,2022-04-02,Active
489,Liam,Smith,liam.smith489@mail.com,Consumer,4,Marseille,75985,2024-05-10,Active
490,Julia,Young,julia.young490@mail.com,Consumer,1,Limerick,D620,2024-05-02,Active
491,Mia,Hall,mia.hall491@mail.com,Consumer,7,Chicago,10612,2025-12-17,Inactive
492,Michael,Murphy,michael.murphy492@mail.com,Consumer,4,Nice,75412,2020-06-11,Active
493,Laura,Williams,laura.williams493@mail.com,Consumer,4,Marseille,75463,2020-03-16,Active
494,Amelia,Wilson,amelia.wilson494@mail.com,Consumer,2,Leeds,SW934,2020-09-10,Active
495,Jack,Davies,jack.davies495@mail.com,Consumer,8,Calgary,M772,2021-09-13,Active
496,Ava,Martinez,ava.martinez496@mail.com,Consumer,1,Athlone,D256,2022-07-20,Inactive
497,Natalie,De Vries,natalie.de vries497@mail.com,Consumer,8,Vancouver,M311,2023-09-10,Active
498,Anna,White,anna.white498@mail.com,Small Business,5,Valencia,28805,2022-04-08,Active
499,Natalie,Clark,natalie.clark499@mail.com,Consumer,3,Cologne,10261,2021-08-17,Active
500,Ella,Thompson,ella.thompson500@mail.com,Consumer,1,Cork,D844,2021-04-29,Active
501,Robert,Bernard,robert.bernard501@mail.com,Consumer,6,Utrecht,10255,2024-08-11,Active
502,Ethan,Murphy,ethan.murphy502@mail.com,Consumer,1,Athlone,D336,2022-12-29,Active
503,Liam,Müller,liam.müller503@mail.com,Consumer,2,Leeds,SW237,2020-11-21,Inactive
504,Olivia,Williams,olivia.williams504@mail.com,Consumer,6,Rotterdam,10267,2024-05-06,Active
505,Sophia,Clark,sophia.clark505@mail.com,Corporate,2,Leeds,SW327,2020-03-02,Active
506,Oliver,Williams,oliver.williams506@mail.com,Small Business,6,Eindhoven,10804,2024-12-04,Active
507,Robert,Davies,robert.davies507@mail.com,Consumer,7,New York,10722,2024-10-17,Inactive
508,Ava,De Vries,ava.de vries508@mail.com,Consumer,6,Amsterdam,10633,2025-11-21,Active
509,Thomas,Young,thomas.young509@mail.com,Small Business,3,Munich,10631,2020-06-22,Inactive
510,Noah,Lopez,noah.lopez510@mail.com,Consumer,8,Toronto,M294,2024-05-05,Active
511,Robert,Evans,robert.evans511@mail.com,Consumer,3,Frankfurt,10401,2023-03-17,Active
512,Robert,Jones,robert.jones512@mail.com,Small Business,6,Eindhoven,10192,2025-03-13,Active
513,Grace,Young,grace.young513@mail.com,Consumer,2,Birmingham,SW561,2021-07-08,Active
514,Grace,Young,grace.young514@mail.com,Small Business,2,London,SW356,2022-04-07,Active
515,Natalie,Anderson,natalie.anderson515@mail.com,Consumer,6,Amsterdam,10193,2021-11-02,Active
516,Sergey,Müller,sergey.müller516@mail.com,Consumer,6,Eindhoven,10844,2020-12-15,Active
517,Ava,Kelly,ava.kelly517@mail.com,Small Business,3,Cologne,10992,2021-11-30,Active
518,Lucas,Williams,lucas.williams518@mail.com,Consumer,2,Birmingham,SW847,2020-07-29,Inactive
519,Ethan,Brown,ethan.brown519@mail.com,Corporate,2,London,SW737,2021-06-22,Active
520,Mia,Hall,mia.hall520@mail.com,Consumer,1,Dublin,D722,2025-08-04,Inactive
521,Grace,Miller,grace.miller521@mail.com,Consumer,2,Leeds,SW181,2025-05-02,Active
522,Ella,Wilson,ella.wilson522@mail.com,Consumer,2,Manchester,SW156,2022-04-30,Active
523,Julia,Kelly,julia.kelly523@mail.com,Consumer,1,Dublin,D150,2023-05-07,Active
524,Ethan,Williams,ethan.williams524@mail.com,Consumer,3,Cologne,10686,2023-03-10,Active
525,Laura,Jansen,laura.jansen525@mail.com,Corporate,8,Toronto,M886,2024-01-15,Active
526,Robert,Martin,robert.martin526@mail.com,Small Business,3,Cologne,10166,2020-10-04,Active
527,James,Anderson,james.anderson527@mail.com,Consumer,4,Toulouse,75637,2023-01-29,Active
528,Emily,Kelly,emily.kelly528@mail.com,Consumer,6,The Hague,10189,2021-03-23,Inactive
529,Emily,King,emily.king529@mail.com,Consumer,6,Utrecht,10365,2023-03-22,Active
530,Emily,Jansen,emily.jansen530@mail.com,Consumer,8,Calgary,M604,2025-07-26,Active
531,Henry,Anderson,henry.anderson531@mail.com,Corporate,7,New York,10221,2023-04-04,Active
532,Sarah,Brown,sarah.brown532@mail.com,Small Business,4,Toulouse,75523,2022-04-29,Active
533,Ella,White,ella.white533@mail.com,Consumer,3,Munich,10806,2022-05-19,Active
534,Oliver,Evans,oliver.evans534@mail.com,Consumer,2,Birmingham,SW885,2023-05-14,Active
535,Emma,Schmidt,emma.schmidt535@mail.com,Small Business,1,Athlone,D129,2024-06-10,Active
536,Thomas,Schmidt,thomas.schmidt536@mail.com,Small Business,2,London,SW761,2025-05-16,Active
537,Sergey,Dubois,sergey.dubois537@mail.com,Consumer,4,Toulouse,75860,2023-10-04,Active
538,Leo,Jansen,leo.jansen538@mail.com,Consumer,7,New York,10313,2023-07-16,Active
539,Robert,White,robert.white539@mail.com,Consumer,7,Chicago,10387,2023-12-19,Active
540,Ava,Johnson,ava.johnson540@mail.com,Small Business,3,Cologne,10720,2025-12-28,Inactive
541,James,Hall,james.hall541@mail.com,Consumer,2,Birmingham,SW826,2023-06-16,Active
542,Oliver,Garcia,oliver.garcia542@mail.com,Consumer,2,Birmingham,SW321,2022-08-31,Active
543,Olivia,White,olivia.white543@mail.com,Small Business,2,London,SW554,2020-06-02,Active
544,Robert,Martinez,robert.martinez544@mail.com,Consumer,7,Seattle,10850,2021-09-23,Active
545,Lucas,Clark,lucas.clark545@mail.com,Small Business,7,Boston,10792,2021-02-06,Active
546,Noah,Dubois,noah.dubois546@mail.com,Consumer,2,Bristol,SW218,2024-05-06,Active
547,Noah,Miller,noah.miller547@mail.com,Consumer,2,London,SW205,2020-12-22,Active
548,David,Evans,david.evans548@mail.com,Consumer,1,Cork,D393,2022-05-09,Active
549,David,Dubois,david.dubois549@mail.com,Consumer,4,Lyon,75380,2021-04-26,Active
550,Emily,Lopez,emily.lopez550@mail.com,Consumer,1,Athlone,D458,2025-10-06,Active
551,Michael,White,michael.white551@mail.com,Consumer,2,Manchester,SW172,2023-03-06,Active
552,Emma,Lopez,emma.lopez552@mail.com,Consumer,5,Madrid,28582,2024-12-22,Active
553,Noah,Smith,noah.smith553@mail.com,Consumer,1,Athlone,D706,2024-10-12,Inactive
554,Leo,Schmidt,leo.schmidt554@mail.com,Consumer,5,Bilbao,28180,2022-03-22,Inactive
555,Oliver,Walker,oliver.walker555@mail.com,Consumer,4,Marseille,75800,2025-04-02,Inactive
556,Henry,Jones,henry.jones556@mail.com,Small Business,4,Toulouse,75287,2022-11-22,Active
557,Robert,Schmidt,robert.schmidt557@mail.com,Consumer,7,New York,10586,2025-01-30,Active
558,Isabella,Hall,isabella.hall558@mail.com,Consumer,3,Hamburg,10718,2021-11-30,Active
559,Ava,Walker,ava.walker559@mail.com,Consumer,4,Paris,75911,2021-03-14,Active
560,Ava,Jansen,ava.jansen560@mail.com,Consumer,4,Lyon,75661,2024-08-20,Active
561,Ava,Smith,ava.smith561@mail.com,Consumer,8,Ottawa,M541,2023-10-27,Inactive
562,Emma,Lopez,emma.lopez562@mail.com,Consumer,4,Paris,75857,2022-08-25,Inactive
563,Emily,Dubois,emily.dubois563@mail.com,Consumer,1,Limerick,D280,2023-08-25,Active
564,Oliver,De Vries,oliver.de vries564@mail.com,Consumer,8,Ottawa,M889,2021-03-21,Inactive
565,Sergey,Miller,sergey.miller565@mail.com,Consumer,3,Munich,10694,2020-09-08,Active
566,Anna,Jones,anna.jones566@mail.com,Consumer,6,Eindhoven,10730,2025-01-29,Inactive
567,Anna,Young,anna.young567@mail.com,Consumer,2,Birmingham,SW545,2023-07-20,Active
568,Grace,Murphy,grace.murphy568@mail.com,Consumer,8,Vancouver,M972,2025-09-21,Active
569,Robert,Lopez,robert.lopez569@mail.com,Consumer,1,Athlone,D940,2020-08-05,Active
570,Leo,Hall,leo.hall570@mail.com,Consumer,1,Athlone,D503,2020-05-07,Active
571,Ava,Martin,ava.martin571@mail.com,Consumer,6,Rotterdam,10586,2024-11-17,Active
572,Ava,Walker,ava.walker572@mail.com,Small Business,2,Manchester,SW395,2024-01-15,Active
573,Oliver,Johnson,oliver.johnson573@mail.com,Consumer,1,Limerick,D773,2020-03-05,Inactive
574,Lucas,Smith,lucas.smith574@mail.com,Consumer,8,Calgary,M980,2021-07-16,Inactive
575,Michael,De Vries,michael.de vries575@mail.com,Consumer,7,Seattle,10621,2024-10-09,Inactive
576,Isabella,Martin,isabella.martin576@mail.com,Consumer,4,Toulouse,75719,2023-12-26,Active
577,Julia,Thompson,julia.thompson577@mail.com,Consumer,4,Marseille,75520,2022-08-27,Active
578,Noah,Jansen,noah.jansen578@mail.com,Consumer,1,Dublin,D694,2025-06-02,Inactive
579,Oliver,Jones,oliver.jones579@mail.com,Corporate,8,Montreal,M576,2025-11-26,Active
580,Emily,Smith,emily.smith580@mail.com,Consumer,4,Paris,75800,2022-10-01,Active
581,Robert,Schmidt,robert.schmidt581@mail.com,Consumer,5,Bilbao,28580,2020-02-14,Active
582,Sarah,Evans,sarah.evans582@mail.com,Consumer,3,Cologne,10867,2023-03-30,Active
583,Grace,Wilson,grace.wilson583@mail.com,Consumer,6,The Hague,10273,2020-09-08,Active
584,Leo,White,leo.white584@mail.com,Consumer,5,Madrid,28229,2020-04-21,Active
585,Jack,Wilson,jack.wilson585@mail.com,Consumer,7,Austin,10978,2021-06-26,Active
586,James,De Vries,james.de vries586@mail.com,Small Business,1,Cork,D774,2021-12-16,Inactive
587,Ethan,Wilson,ethan.wilson587@mail.com,Consumer,3,Cologne,10982,2022-08-25,Active
588,Oliver,Jones,oliver.jones588@mail.com,Small Business,3,Frankfurt,10888,2021-09-23,Inactive
589,Isabella,Thompson,isabella.thompson589@mail.com,Consumer,2,Birmingham,SW155,2021-11-16,Active
590,James,Kelly,james.kelly590@mail.com,Consumer,6,Eindhoven,10408,2021-11-17,Inactive
591,David,King,david.king591@mail.com,Consumer,6,Eindhoven,10585,2025-12-21,Active
592,Julia,Bernard,julia.bernard592@mail.com,Consumer,1,Limerick,D491,2020-02-18,Active
593,Anna,Kelly,anna.kelly593@mail.com,Small Business,8,Montreal,M964,2021-02-02,Inactive
594,Sergey,Hall,sergey.hall594@mail.com,Consumer,5,Valencia,28921,2023-01-21,Active
595,Grace,Martin,grace.martin595@mail.com,Small Business,2,Manchester,SW851,2025-03-03,Active
596,Anna,Anderson,anna.anderson596@mail.com,Consumer,4,Paris,75788,2022-01-06,Active
597,Liam,Bernard,liam.bernard597@mail.com,Consumer,7,Seattle,10459,2021-02-04,Active
598,Jack,Taylor,jack.taylor598@mail.com,Consumer,6,Amsterdam,10158,2020-05-19,Active
599,Sergey,Brown,sergey.brown599@mail.com,Consumer,8,Ottawa,M233,2021-05-06,Inactive
600,Robert,Johnson,robert.johnson600@mail.com,Small Business,5,Barcelona,28359,2022-01-26,Active
601,Natalie,Smith,natalie.smith601@mail.com,Corporate,4,Marseille,75887,2025-01-31,Inactive
602,Anna,Clark,anna.clark602@mail.com,Consumer,6,Amsterdam,10383,2023-08-17,Active
603,Emma,Kelly,emma.kelly603@mail.com,Corporate,3,Hamburg,10282,2022-11-23,Inactive
604,Natalie,Taylor,natalie.taylor604@mail.com,Consumer,1,Limerick,D211,2024-05-27,Active
605,Sophia,Taylor,sophia.taylor605@mail.com,Small Business,4,Marseille,75205,2021-03-11,Active
606,Grace,Thompson,grace.thompson606@mail.com,Small Business,1,Dublin,D609,2022-10-23,Active
607,Liam,King,liam.king607@mail.com,Consumer,5,Valencia,28255,2020-06-03,Active
608,Grace,Murphy,grace.murphy608@mail.com,Consumer,7,Seattle,10589,2025-10-12,Inactive
609,Laura,Clark,laura.clark609@mail.com,Consumer,3,Berlin,10493,2020-10-14,Inactive
610,Ella,King,ella.king610@mail.com,Consumer,1,Galway,D510,2024-01-10,Active
611,Sergey,Smith,sergey.smith611@mail.com,Consumer,5,Valencia,28182,2024-02-05,Inactive
612,Leo,Johnson,leo.johnson612@mail.com,Consumer,6,Amsterdam,10493,2022-04-11,Active
613,Ava,Young,ava.young613@mail.com,Consumer,2,Birmingham,SW598,2021-03-13,Active
614,Isabella,Thompson,isabella.thompson614@mail.com,Consumer,7,Chicago,10125,2022-02-15,Active
615,Oliver,White,oliver.white615@mail.com,Consumer,4,Toulouse,75116,2023-06-14,Active
616,Emma,White,emma.white616@mail.com,Consumer,3,Munich,10926,2020-06-24,Inactive
617,Julia,Hall,julia.hall617@mail.com,Small Business,8,Vancouver,M173,2021-09-02,Active
618,Mia,Johnson,mia.johnson618@mail.com,Consumer,6,The Hague,10146,2020-03-19,Active
619,Lucas,Murphy,lucas.murphy619@mail.com,Consumer,6,Utrecht,10940,2021-12-06,Active
620,Ethan,Walker,ethan.walker620@mail.com,Small Business,3,Berlin,10216,2020-09-18,Inactive
621,Emily,Davies,emily.davies621@mail.com,Small Business,5,Seville,28445,2020-09-15,Inactive
622,Anna,Jansen,anna.jansen622@mail.com,Consumer,3,Munich,10882,2021-07-16,Active
623,Emma,Smith,emma.smith623@mail.com,Consumer,5,Seville,28272,2021-05-09,Active
624,Isabella,Davies,isabella.davies624@mail.com,Consumer,4,Nice,75485,2020-06-15,Active
625,Mia,Smith,mia.smith625@mail.com,Consumer,1,Dublin,D823,2020-01-27,Active
626,Sarah,White,sarah.white626@mail.com,Consumer,3,Munich,10246,2025-05-03,Active
627,Sophia,Davies,sophia.davies627@mail.com,Consumer,4,Paris,75710,2021-12-15,Active
628,Emily,Smith,emily.smith628@mail.com,Consumer,6,Amsterdam,10671,2023-05-18,Active
629,Amelia,Brown,amelia.brown629@mail.com,Small Business,2,Bristol,SW619,2024-01-22,Active
630,Sergey,Miller,sergey.miller630@mail.com,Consumer,4,Lyon,75215,2022-05-02,Active
631,Natalie,Garcia,natalie.garcia631@mail.com,Consumer,6,Amsterdam,10155,2025-07-30,Active
632,Sophia,Wilson,sophia.wilson632@mail.com,Consumer,2,Leeds,SW144,2023-10-01,Active
633,Natalie,Lopez,natalie.lopez633@mail.com,Consumer,6,Amsterdam,10596,2021-12-21,Active
634,Henry,Thompson,henry.thompson634@mail.com,Consumer,1,Galway,D529,2024-12-26,Active
635,Robert,Schmidt,robert.schmidt635@mail.com,Small Business,6,Utrecht,10333,2022-07-31,Active
636,Sophia,Hall,sophia.hall636@mail.com,Consumer,2,Manchester,SW175,2022-03-30,Inactive
637,Noah,Young,noah.young637@mail.com,Consumer,5,Bilbao,28565,2024-11-20,Active
638,Lucas,Dubois,lucas.dubois638@mail.com,Consumer,3,Hamburg,10307,2022-03-06,Active
639,Michael,Jansen,michael.jansen639@mail.com,Consumer,1,Dublin,D972,2020-09-01,Inactive
640,Ethan,Clark,ethan.clark640@mail.com,Consumer,3,Hamburg,10718,2023-11-08,Active
641,Sergey,De Vries,sergey.de vries641@mail.com,Consumer,7,Boston,10975,2021-11-27,Active
642,Julia,Martinez,julia.martinez642@mail.com,Small Business,1,Cork,D705,2025-06-26,Inactive
643,Jack,Murphy,jack.murphy643@mail.com,Small Business,7,Chicago,10353,2024-10-19,Active
644,Henry,Young,henry.young644@mail.com,Small Business,3,Berlin,10527,2021-09-02,Active
645,Mia,Thompson,mia.thompson645@mail.com,Consumer,1,Athlone,D503,2025-08-27,Inactive
646,Michael,Walker,michael.walker646@mail.com,Consumer,7,Chicago,10185,2021-02-05,Active
647,Sophia,Taylor,sophia.taylor647@mail.com,Consumer,6,Rotterdam,10763,2021-06-27,Active
648,Anna,Evans,anna.evans648@mail.com,Consumer,1,Athlone,D865,2021-10-24,Active
649,Isabella,Clark,isabella.clark649@mail.com,Small Business,8,Calgary,M289,2021-07-21,Active
650,Michael,Johnson,michael.johnson650@mail.com,Small Business,5,Madrid,28494,2020-01-06,Active
651,Leo,Bernard,leo.bernard651@mail.com,Consumer,4,Nice,75655,2023-01-10,Active
652,Oliver,De Vries,oliver.de vries652@mail.com,Small Business,7,New York,10627,2023-10-07,Active
653,James,Martin,james.martin653@mail.com,Consumer,7,New York,10474,2024-02-06,Active
654,Ella,Anderson,ella.anderson654@mail.com,Consumer,2,Manchester,SW241,2020-10-01,Active
655,James,Johnson,james.johnson655@mail.com,Small Business,2,Bristol,SW992,2025-05-13,Active
656,David,Davies,david.davies656@mail.com,Consumer,6,Utrecht,10615,2023-08-05,Inactive
657,Oliver,Müller,oliver.müller657@mail.com,Consumer,2,Bristol,SW639,2023-11-15,Active
658,Ella,Miller,ella.miller658@mail.com,Small Business,4,Toulouse,75735,2025-12-22,Active
659,Michael,White,michael.white659@mail.com,Consumer,7,Seattle,10189,2020-09-25,Active
660,Ethan,Evans,ethan.evans660@mail.com,Consumer,3,Hamburg,10214,2020-11-11,Active
661,Julia,Taylor,julia.taylor661@mail.com,Corporate,4,Paris,75400,2025-11-02,Inactive
662,Ella,King,ella.king662@mail.com,Consumer,8,Calgary,M554,2021-06-24,Active
663,Oliver,Murphy,oliver.murphy663@mail.com,Small Business,2,Bristol,SW760,2022-08-09,Active
664,Emma,Johnson,emma.johnson664@mail.com,Consumer,3,Cologne,10962,2023-08-29,Inactive
665,Grace,Jones,grace.jones665@mail.com,Consumer,3,Hamburg,10332,2023-06-09,Inactive
666,Leo,Clark,leo.clark666@mail.com,Consumer,3,Hamburg,10566,2020-07-12,Active
667,Ethan,Anderson,ethan.anderson667@mail.com,Consumer,5,Barcelona,28959,2023-03-14,Active
668,James,Kelly,james.kelly668@mail.com,Consumer,2,Leeds,SW366,2023-07-20,Active
669,Ella,Anderson,ella.anderson669@mail.com,Consumer,2,Birmingham,SW251,2020-05-22,Active
670,Ethan,Lopez,ethan.lopez670@mail.com,Consumer,3,Berlin,10514,2023-05-20,Inactive
671,Isabella,King,isabella.king671@mail.com,Consumer,6,The Hague,10619,2023-08-04,Active
672,Leo,Garcia,leo.garcia672@mail.com,Corporate,5,Bilbao,28782,2023-04-02,Active
673,Laura,King,laura.king673@mail.com,Consumer,7,New York,10849,2024-12-15,Inactive
674,Lucas,Miller,lucas.miller674@mail.com,Consumer,7,Seattle,10732,2021-04-23,Active
675,Oliver,Schmidt,oliver.schmidt675@mail.com,Consumer,3,Munich,10697,2020-08-13,Active
676,David,Wilson,david.wilson676@mail.com,Consumer,7,Boston,10969,2022-03-12,Inactive
677,Oliver,Martinez,oliver.martinez677@mail.com,Consumer,5,Valencia,28717,2024-06-03,Active
678,Olivia,Martin,olivia.martin678@mail.com,Consumer,7,Seattle,10478,2021-08-28,Inactive
679,Leo,Müller,leo.müller679@mail.com,Consumer,3,Frankfurt,10995,2023-12-10,Active
680,Robert,Dubois,robert.dubois680@mail.com,Small Business,2,Birmingham,SW267,2024-08-29,Inactive
681,Sophia,Jones,sophia.jones681@mail.com,Consumer,6,Utrecht,10586,2020-12-18,Active
682,Grace,Clark,grace.clark682@mail.com,Consumer,1,Limerick,D754,2024-03-19,Active
683,Ella,Dubois,ella.dubois683@mail.com,Consumer,3,Frankfurt,10396,2021-07-14,Inactive
684,Thomas,Evans,thomas.evans684@mail.com,Consumer,1,Limerick,D329,2023-05-29,Active
685,Lucas,Wilson,lucas.wilson685@mail.com,Corporate,7,Seattle,10227,2023-05-14,Active
686,Mia,King,mia.king686@mail.com,Consumer,3,Hamburg,10604,2022-09-29,Active
687,Olivia,Jansen,olivia.jansen687@mail.com,Consumer,5,Valencia,28743,2025-05-22,Inactive
688,Thomas,Brown,thomas.brown688@mail.com,Consumer,8,Ottawa,M117,2024-03-08,Active
689,Noah,Jones,noah.jones689@mail.com,Consumer,2,Manchester,SW465,2023-08-02,Active
690,Olivia,Bernard,olivia.bernard690@mail.com,Consumer,1,Galway,D642,2023-12-29,Active
691,David,Johnson,david.johnson691@mail.com,Small Business,4,Nice,75870,2022-01-20,Active
692,Julia,Schmidt,julia.schmidt692@mail.com,Consumer,4,Marseille,75198,2023-05-18,Active
693,Liam,Jones,liam.jones693@mail.com,Consumer,7,Seattle,10521,2025-10-23,Active
694,Ethan,Brown,ethan.brown694@mail.com,Consumer,8,Vancouver,M951,2022-06-11,Active
695,Ella,De Vries,ella.de vries695@mail.com,Small Business,7,Boston,10819,2025-11-23,Active
696,Natalie,Smith,natalie.smith696@mail.com,Small Business,3,Berlin,10591,2021-04-22,Active
697,Olivia,Jones,olivia.jones697@mail.com,Small Business,2,Bristol,SW635,2024-12-15,Active
698,Leo,Murphy,leo.murphy698@mail.com,Consumer,2,Manchester,SW804,2021-04-30,Active
699,Daniel,Jones,daniel.jones699@mail.com,Consumer,2,London,SW179,2020-11-17,Active
700,David,Bernard,david.bernard700@mail.com,Consumer,7,New York,10912,2020-06-23,Active
701,Natalie,Wilson,natalie.wilson701@mail.com,Consumer,4,Paris,75872,2020-06-26,Active
702,Natalie,De Vries,natalie.de vries702@mail.com,Consumer,7,Chicago,10289,2022-04-21,Active
703,Lucas,Hall,lucas.hall703@mail.com,Corporate,1,Galway,D460,2023-02-10,Active
704,David,Thompson,david.thompson704@mail.com,Consumer,7,New York,10201,2022-09-17,Active
705,Michael,Taylor,michael.taylor705@mail.com,Consumer,4,Nice,75104,2023-02-28,Active
706,Natalie,Martinez,natalie.martinez706@mail.com,Consumer,8,Ottawa,M289,2025-04-28,Inactive
707,James,Williams,james.williams707@mail.com,Corporate,5,Seville,28319,2023-12-24,Active
708,David,Schmidt,david.schmidt708@mail.com,Consumer,3,Cologne,10239,2021-05-21,Inactive
709,Michael,Evans,michael.evans709@mail.com,Consumer,6,Eindhoven,10218,2020-06-15,Inactive
710,Emily,Thompson,emily.thompson710@mail.com,Consumer,2,Leeds,SW331,2023-07-01,Inactive
711,Julia,Bernard,julia.bernard711@mail.com,Small Business,2,Leeds,SW795,2022-02-12,Active
712,Anna,Garcia,anna.garcia712@mail.com,Consumer,2,Bristol,SW774,2021-03-06,Active
713,Ava,Martin,ava.martin713@mail.com,Small Business,1,Cork,D166,2021-02-20,Active
714,Emma,Taylor,emma.taylor714@mail.com,Consumer,8,Calgary,M842,2024-07-13,Inactive
715,Michael,Clark,michael.clark715@mail.com,Small Business,2,Leeds,SW464,2023-01-23,Inactive
716,Ava,Garcia,ava.garcia716@mail.com,Consumer,5,Seville,28210,2025-09-25,Active
717,Mia,Davies,mia.davies717@mail.com,Consumer,2,London,SW950,2021-07-05,Active
718,Liam,Williams,liam.williams718@mail.com,Consumer,4,Marseille,75256,2024-04-16,Active
719,James,Clark,james.clark719@mail.com,Consumer,5,Bilbao,28885,2020-11-09,Inactive
720,Daniel,Evans,daniel.evans720@mail.com,Consumer,7,Austin,10655,2025-08-01,Active
721,Ella,Lopez,ella.lopez721@mail.com,Corporate,7,New York,10540,2020-03-13,Active
722,Emma,Hall,emma.hall722@mail.com,Consumer,3,Berlin,10133,2024-03-21,Active
723,Julia,Clark,julia.clark723@mail.com,Small Business,4,Lyon,75603,2023-05-26,Inactive
724,Michael,Martin,michael.martin724@mail.com,Small Business,1,Athlone,D791,2025-06-19,Inactive
725,Anna,Lopez,anna.lopez725@mail.com,Consumer,5,Barcelona,28618,2025-04-08,Active
726,Mia,Jansen,mia.jansen726@mail.com,Consumer,3,Hamburg,10884,2024-03-27,Active
727,Liam,Jansen,liam.jansen727@mail.com,Consumer,3,Hamburg,10457,2020-07-03,Active
728,Sergey,Schmidt,sergey.schmidt728@mail.com,Consumer,6,Utrecht,10465,2024-04-07,Inactive
729,Anna,Davies,anna.davies729@mail.com,Consumer,3,Hamburg,10706,2022-10-11,Active
730,Oliver,Hall,oliver.hall730@mail.com,Consumer,7,Chicago,10120,2023-06-02,Active
731,Anna,Hall,anna.hall731@mail.com,Consumer,1,Limerick,D373,2024-09-26,Active
732,Grace,Murphy,grace.murphy732@mail.com,Consumer,6,Eindhoven,10430,2023-07-20,Active
733,James,Anderson,james.anderson733@mail.com,Consumer,7,Boston,10930,2022-04-23,Active
734,Leo,Müller,leo.müller734@mail.com,Consumer,2,London,SW960,2024-11-20,Active
735,Noah,Evans,noah.evans735@mail.com,Small Business,2,Bristol,SW860,2024-07-04,Active
736,Grace,Brown,grace.brown736@mail.com,Consumer,6,The Hague,10920,2023-10-11,Inactive
737,Olivia,White,olivia.white737@mail.com,Consumer,3,Hamburg,10616,2020-11-10,Active
738,Ella,Schmidt,ella.schmidt738@mail.com,Consumer,3,Hamburg,10739,2022-03-30,Inactive
739,Ella,Williams,ella.williams739@mail.com,Consumer,5,Bilbao,28983,2020-03-17,Active
740,Daniel,Miller,daniel.miller740@mail.com,Consumer,4,Nice,75928,2025-03-29,Inactive
741,Laura,Johnson,laura.johnson741@mail.com,Consumer,8,Montreal,M573,2020-09-02,Active
742,Laura,Miller,laura.miller742@mail.com,Small Business,2,Leeds,SW426,2023-05-14,Active
743,Julia,Bernard,julia.bernard743@mail.com,Small Business,5,Barcelona,28362,2022-12-29,Active
744,James,Jones,james.jones744@mail.com,Consumer,3,Hamburg,10575,2022-02-25,Inactive
745,Sophia,Bernard,sophia.bernard745@mail.com,Consumer,4,Marseille,75239,2020-05-31,Active
746,Sarah,Wilson,sarah.wilson746@mail.com,Consumer,2,London,SW839,2021-12-21,Inactive
747,Noah,Hall,noah.hall747@mail.com,Consumer,7,Austin,10987,2020-12-09,Active
748,Sophia,Young,sophia.young748@mail.com,Consumer,7,New York,10506,2024-01-28,Active
749,Grace,Thompson,grace.thompson749@mail.com,Corporate,2,Bristol,SW780,2025-08-11,Active
750,Oliver,Davies,oliver.davies750@mail.com,Small Business,4,Marseille,75437,2021-05-15,Inactive
751,Laura,Davies,laura.davies751@mail.com,Consumer,7,New York,10279,2024-09-28,Active
752,Isabella,Bernard,isabella.bernard752@mail.com,Small Business,8,Toronto,M602,2022-11-07,Active
753,James,Schmidt,james.schmidt753@mail.com,Consumer,6,Rotterdam,10384,2024-10-01,Active
754,Michael,Müller,michael.müller754@mail.com,Consumer,3,Cologne,10135,2023-06-16,Active
755,Sarah,Miller,sarah.miller755@mail.com,Consumer,6,Eindhoven,10416,2022-09-08,Active
756,Anna,Brown,anna.brown756@mail.com,Small Business,7,Seattle,10497,2025-12-30,Active
757,Ava,King,ava.king757@mail.com,Consumer,7,Chicago,10404,2022-11-12,Active
758,Ethan,King,ethan.king758@mail.com,Consumer,7,Seattle,10908,2024-12-02,Active
759,Oliver,Walker,oliver.walker759@mail.com,Consumer,2,Leeds,SW961,2025-07-06,Active
760,Robert,King,robert.king760@mail.com,Small Business,6,Utrecht,10618,2021-02-15,Active
761,Emily,Thompson,emily.thompson761@mail.com,Consumer,3,Berlin,10880,2023-08-31,Active
762,Ethan,Johnson,ethan.johnson762@mail.com,Small Business,5,Barcelona,28103,2024-12-21,Inactive
763,Leo,Schmidt,leo.schmidt763@mail.com,Consumer,2,Manchester,SW628,2020-12-02,Active
764,Anna,Bernard,anna.bernard764@mail.com,Consumer,7,Chicago,10366,2023-08-01,Active
765,Thomas,Schmidt,thomas.schmidt765@mail.com,Consumer,6,Eindhoven,10476,2023-02-28,Active
766,Ava,Walker,ava.walker766@mail.com,Consumer,3,Berlin,10671,2022-07-08,Active
767,Isabella,Taylor,isabella.taylor767@mail.com,Consumer,7,Chicago,10150,2022-12-08,Inactive
768,Emily,Wilson,emily.wilson768@mail.com,Consumer,5,Valencia,28274,2021-09-03,Active
769,Amelia,Bernard,amelia.bernard769@mail.com,Small Business,1,Limerick,D221,2025-02-01,Active
770,Daniel,Hall,daniel.hall770@mail.com,Consumer,6,Eindhoven,10491,2022-12-26,Active
771,Daniel,De Vries,daniel.de vries771@mail.com,Corporate,3,Hamburg,10844,2022-06-01,Active
772,Sophia,White,sophia.white772@mail.com,Consumer,3,Hamburg,10341,2021-08-20,Inactive
773,Olivia,Jansen,olivia.jansen773@mail.com,Consumer,7,Seattle,10236,2025-02-19,Active
774,Ava,Miller,ava.miller774@mail.com,Consumer,8,Calgary,M853,2022-05-19,Active
775,Ella,Kelly,ella.kelly775@mail.com,Consumer,1,Cork,D582,2020-08-01,Active
776,Anna,White,anna.white776@mail.com,Consumer,8,Ottawa,M734,2020-07-05,Inactive
777,Ava,Miller,ava.miller777@mail.com,Consumer,2,Bristol,SW142,2024-02-28,Active
778,Amelia,Garcia,amelia.garcia778@mail.com,Small Business,2,Manchester,SW191,2023-10-21,Active
779,Sophia,Jones,sophia.jones779@mail.com,Consumer,6,Amsterdam,10230,2022-12-02,Inactive
780,Thomas,Wilson,thomas.wilson780@mail.com,Corporate,7,Austin,10997,2024-01-16,Active
781,David,King,david.king781@mail.com,Consumer,5,Seville,28268,2022-12-16,Active
782,Mia,Clark,mia.clark782@mail.com,Consumer,6,Eindhoven,10154,2021-09-11,Active
783,Henry,Williams,henry.williams783@mail.com,Consumer,1,Cork,D822,2020-05-26,Inactive
784,Robert,King,robert.king784@mail.com,Consumer,3,Hamburg,10826,2025-07-20,Inactive
785,James,Hall,james.hall785@mail.com,Consumer,3,Berlin,10308,2021-08-29,Active
786,Ethan,Thompson,ethan.thompson786@mail.com,Small Business,2,Bristol,SW779,2025-09-14,Active
787,Liam,Martinez,liam.martinez787@mail.com,Consumer,5,Madrid,28352,2022-01-09,Inactive
788,Robert,Schmidt,robert.schmidt788@mail.com,Consumer,5,Madrid,28503,2020-04-16,Active
789,James,Walker,james.walker789@mail.com,Consumer,5,Madrid,28571,2023-08-18,Inactive
790,Jack,De Vries,jack.de vries790@mail.com,Consumer,3,Berlin,10771,2020-01-24,Inactive
791,Laura,Thompson,laura.thompson791@mail.com,Consumer,3,Berlin,10920,2021-06-13,Active
792,Noah,Thompson,noah.thompson792@mail.com,Consumer,3,Cologne,10490,2020-10-16,Active
793,Ethan,Davies,ethan.davies793@mail.com,Consumer,3,Munich,10266,2024-06-21,Inactive
794,Leo,Johnson,leo.johnson794@mail.com,Consumer,7,Seattle,10920,2021-09-23,Inactive
795,Natalie,Evans,natalie.evans795@mail.com,Consumer,6,Amsterdam,10952,2021-06-21,Active
796,Mia,Dubois,mia.dubois796@mail.com,Consumer,4,Nice,75714,2024-05-08,Inactive
797,Sophia,White,sophia.white797@mail.com,Consumer,1,Limerick,D745,2024-02-17,Inactive
798,Amelia,Schmidt,amelia.schmidt798@mail.com,Consumer,1,Cork,D607,2025-03-13,Active
799,Sophia,Smith,sophia.smith799@mail.com,Consumer,2,Manchester,SW800,2025-05-10,Active
800,Amelia,Bernard,amelia.bernard800@mail.com,Consumer,7,Boston,10178,2023-04-25,Active
801,Amelia,Bernard,amelia.bernard801@mail.com,Consumer,4,Nice,75932,2024-08-18,Active
802,Grace,Smith,grace.smith802@mail.com,Consumer,3,Frankfurt,10283,2025-08-24,Active
803,Noah,Smith,noah.smith803@mail.com,Small Business,7,Austin,10421,2024-08-31,Inactive
804,Isabella,De Vries,isabella.de vries804@mail.com,Consumer,6,Rotterdam,10316,2022-12-21,Active
805,Emily,Wilson,emily.wilson805@mail.com,Consumer,1,Dublin,D105,2021-03-11,Inactive
806,Ethan,Johnson,ethan.johnson806@mail.com,Consumer,1,Limerick,D989,2025-05-08,Inactive
807,Thomas,De Vries,thomas.de vries807@mail.com,Consumer,2,Leeds,SW923,2024-01-17,Active
808,Lucas,Murphy,lucas.murphy808@mail.com,Consumer,1,Dublin,D812,2022-02-20,Active
809,Daniel,Garcia,daniel.garcia809@mail.com,Consumer,7,Seattle,10962,2021-08-17,Active
810,David,Dubois,david.dubois810@mail.com,Consumer,1,Dublin,D219,2021-08-29,Active
811,Laura,Anderson,laura.anderson811@mail.com,Corporate,7,Seattle,10120,2024-12-28,Inactive
812,Daniel,Evans,daniel.evans812@mail.com,Consumer,5,Madrid,28205,2024-05-23,Inactive
813,Julia,Garcia,julia.garcia813@mail.com,Consumer,8,Calgary,M597,2023-04-06,Inactive
814,Noah,Martinez,noah.martinez814@mail.com,Consumer,2,Birmingham,SW666,2020-03-18,Active
815,Sergey,Bernard,sergey.bernard815@mail.com,Consumer,2,Bristol,SW761,2025-04-22,Active
816,Sophia,Murphy,sophia.murphy816@mail.com,Consumer,3,Munich,10580,2021-10-22,Active
817,Amelia,Davies,amelia.davies817@mail.com,Corporate,3,Frankfurt,10234,2023-10-21,Active
818,Ava,Bernard,ava.bernard818@mail.com,Small Business,6,Rotterdam,10736,2024-01-15,Active
819,Laura,Smith,laura.smith819@mail.com,Consumer,2,Manchester,SW260,2025-05-31,Inactive
820,Sophia,Garcia,sophia.garcia820@mail.com,Consumer,1,Athlone,D148,2023-05-28,Active
821,Jack,Müller,jack.müller821@mail.com,Consumer,3,Cologne,10132,2021-10-11,Active
822,James,De Vries,james.de vries822@mail.com,Consumer,3,Munich,10598,2022-07-17,Active
823,Sarah,Müller,sarah.müller823@mail.com,Small Business,8,Ottawa,M373,2020-07-10,Active
824,Julia,Martinez,julia.martinez824@mail.com,Consumer,7,Seattle,10918,2021-03-02,Inactive
825,David,Brown,david.brown825@mail.com,Small Business,8,Ottawa,M900,2021-03-09,Active
826,Noah,Martinez,noah.martinez826@mail.com,Consumer,7,New York,10991,2021-03-07,Active
827,Ethan,Thompson,ethan.thompson827@mail.com,Consumer,7,Boston,10610,2023-04-11,Active
828,Olivia,Schmidt,olivia.schmidt828@mail.com,Consumer,1,Cork,D549,2021-07-18,Inactive
829,Liam,Davies,liam.davies829@mail.com,Consumer,6,The Hague,10275,2025-04-24,Active
830,Michael,Clark,michael.clark830@mail.com,Consumer,2,Manchester,SW255,2024-08-26,Inactive
831,Lucas,White,lucas.white831@mail.com,Consumer,7,Seattle,10569,2024-10-22,Active
832,Isabella,Jones,isabella.jones832@mail.com,Consumer,8,Ottawa,M171,2020-02-10,Active
833,Ava,Clark,ava.clark833@mail.com,Consumer,3,Frankfurt,10877,2021-11-04,Active
834,Sergey,Jones,sergey.jones834@mail.com,Corporate,5,Bilbao,28402,2020-08-24,Inactive
835,Anna,Anderson,anna.anderson835@mail.com,Small Business,3,Hamburg,10452,2023-05-31,Active
836,Robert,Martinez,robert.martinez836@mail.com,Consumer,7,Seattle,10759,2021-08-24,Active
837,Emily,White,emily.white837@mail.com,Consumer,7,Seattle,10894,2024-12-16,Active
838,Oliver,Kelly,oliver.kelly838@mail.com,Consumer,7,Chicago,10632,2023-10-02,Active
839,Amelia,Lopez,amelia.lopez839@mail.com,Consumer,2,Manchester,SW123,2023-07-02,Active
840,Ella,Jansen,ella.jansen840@mail.com,Consumer,7,Austin,10843,2022-11-25,Inactive
841,James,Thompson,james.thompson841@mail.com,Small Business,8,Montreal,M742,2020-09-02,Active
842,David,Johnson,david.johnson842@mail.com,Consumer,1,Athlone,D854,2021-05-25,Active
843,Henry,White,henry.white843@mail.com,Small Business,3,Munich,10458,2025-12-24,Active
844,Sarah,Walker,sarah.walker844@mail.com,Consumer,2,Bristol,SW855,2021-07-27,Active
845,Amelia,Jansen,amelia.jansen845@mail.com,Small Business,1,Galway,D565,2022-02-27,Active
846,Sophia,Walker,sophia.walker846@mail.com,Consumer,1,Dublin,D535,2024-08-14,Active
847,Isabella,Smith,isabella.smith847@mail.com,Consumer,4,Toulouse,75702,2024-02-21,Inactive
848,Grace,Garcia,grace.garcia848@mail.com,Corporate,7,Seattle,10849,2024-09-30,Inactive
849,Lucas,Martinez,lucas.martinez849@mail.com,Consumer,7,Seattle,10232,2021-06-04,Active
850,Isabella,Garcia,isabella.garcia850@mail.com,Small Business,6,The Hague,10478,2020-05-13,Active
851,Sophia,Brown,sophia.brown851@mail.com,Consumer,5,Valencia,28141,2021-05-10,Active
852,Leo,Müller,leo.müller852@mail.com,Consumer,1,Dublin,D910,2023-05-27,Active
853,Grace,Bernard,grace.bernard853@mail.com,Corporate,1,Galway,D390,2020-07-18,Active
854,Laura,Garcia,laura.garcia854@mail.com,Consumer,2,Birmingham,SW169,2020-01-09,Active
855,Grace,Evans,grace.evans855@mail.com,Small Business,3,Frankfurt,10586,2025-01-26,Active
856,Amelia,Johnson,amelia.johnson856@mail.com,Small Business,6,Eindhoven,10252,2025-03-02,Active
857,Emily,Miller,emily.miller857@mail.com,Consumer,1,Limerick,D447,2024-08-04,Active
858,Robert,Dubois,robert.dubois858@mail.com,Consumer,8,Vancouver,M824,2023-02-10,Active
859,Sarah,Clark,sarah.clark859@mail.com,Consumer,4,Paris,75759,2023-06-19,Active
860,Emily,Lopez,emily.lopez860@mail.com,Corporate,2,Bristol,SW293,2020-08-04,Inactive
861,Liam,Brown,liam.brown861@mail.com,Consumer,4,Paris,75381,2025-12-18,Active
862,Michael,Walker,michael.walker862@mail.com,Consumer,2,Bristol,SW721,2024-12-24,Active
863,Noah,Garcia,noah.garcia863@mail.com,Consumer,3,Munich,10524,2020-04-05,Active
864,Emma,Martin,emma.martin864@mail.com,Consumer,7,New York,10654,2022-11-19,Active
865,Ethan,Wilson,ethan.wilson865@mail.com,Consumer,2,Leeds,SW794,2021-01-02,Active
866,Emma,Williams,emma.williams866@mail.com,Consumer,1,Galway,D499,2020-04-21,Active
867,Sophia,Young,sophia.young867@mail.com,Consumer,3,Berlin,10153,2023-08-20,Active
868,Emily,Jansen,emily.jansen868@mail.com,Consumer,2,Bristol,SW494,2022-08-26,Active
869,Emma,Dubois,emma.dubois869@mail.com,Consumer,2,London,SW517,2024-07-25,Active
870,Liam,Wilson,liam.wilson870@mail.com,Consumer,7,Boston,10767,2021-02-19,Active
871,Sophia,Dubois,sophia.dubois871@mail.com,Small Business,2,Bristol,SW308,2020-12-09,Active
872,Ethan,White,ethan.white872@mail.com,Consumer,3,Frankfurt,10668,2022-10-01,Inactive
873,Thomas,Dubois,thomas.dubois873@mail.com,Consumer,1,Cork,D100,2023-03-30,Active
874,Mia,Wilson,mia.wilson874@mail.com,Small Business,8,Calgary,M459,2022-10-24,Active
875,Amelia,Evans,amelia.evans875@mail.com,Consumer,5,Bilbao,28676,2020-07-05,Active
876,Ava,Anderson,ava.anderson876@mail.com,Small Business,2,Bristol,SW386,2021-05-18,Inactive
877,Amelia,White,amelia.white877@mail.com,Small Business,2,Birmingham,SW750,2023-07-27,Active
878,Michael,Dubois,michael.dubois878@mail.com,Consumer,8,Montreal,M449,2023-01-23,Active
879,Emily,Schmidt,emily.schmidt879@mail.com,Small Business,3,Munich,10761,2020-03-06,Active
880,Liam,Young,liam.young880@mail.com,Consumer,5,Seville,28669,2020-02-09,Inactive
881,Ella,Smith,ella.smith881@mail.com,Consumer,6,Eindhoven,10788,2020-11-13,Active
882,Thomas,Martin,thomas.martin882@mail.com,Consumer,3,Berlin,10227,2024-01-06,Inactive
883,Daniel,Dubois,daniel.dubois883@mail.com,Consumer,3,Berlin,10876,2020-02-08,Active
884,Michael,Müller,michael.müller884@mail.com,Consumer,6,The Hague,10740,2022-02-23,Active
885,Henry,Davies,henry.davies885@mail.com,Corporate,7,New York,10387,2025-07-15,Inactive
886,Michael,De Vries,michael.de vries886@mail.com,Consumer,7,Seattle,10213,2022-05-06,Active
887,Mia,Williams,mia.williams887@mail.com,Consumer,4,Nice,75788,2022-03-04,Active
888,Lucas,Thompson,lucas.thompson888@mail.com,Consumer,1,Athlone,D976,2020-09-23,Active
889,Laura,White,laura.white889@mail.com,Consumer,7,New York,10809,2023-01-28,Active
890,Robert,Dubois,robert.dubois890@mail.com,Corporate,6,Amsterdam,10974,2020-01-09,Active
891,Sophia,Wilson,sophia.wilson891@mail.com,Consumer,3,Frankfurt,10607,2021-05-13,Active
892,Noah,Young,noah.young892@mail.com,Consumer,4,Toulouse,75645,2022-07-08,Inactive
893,Ava,Taylor,ava.taylor893@mail.com,Consumer,2,Bristol,SW927,2023-10-02,Active
894,Henry,Anderson,henry.anderson894@mail.com,Corporate,8,Vancouver,M301,2024-10-01,Active
895,Oliver,Johnson,oliver.johnson895@mail.com,Consumer,3,Frankfurt,10927,2021-01-31,Active
896,Sergey,King,sergey.king896@mail.com,Small Business,5,Barcelona,28210,2023-10-01,Inactive
897,Emma,Walker,emma.walker897@mail.com,Small Business,2,Bristol,SW913,2020-08-10,Active
898,David,De Vries,david.de vries898@mail.com,Small Business,8,Calgary,M692,2024-12-01,Active
899,Noah,King,noah.king899@mail.com,Consumer,1,Dublin,D901,2020-05-16,Active
900,Sarah,Dubois,sarah.dubois900@mail.com,Consumer,1,Limerick,D167,2020-08-12,Active
901,Ella,Kelly,ella.kelly901@mail.com,Small Business,5,Seville,28198,2023-04-22,Inactive
902,Emily,White,emily.white902@mail.com,Consumer,2,Leeds,SW914,2020-02-13,Inactive
903,Emily,Brown,emily.brown903@mail.com,Consumer,7,New York,10564,2023-10-23,Active
904,James,Brown,james.brown904@mail.com,Consumer,5,Madrid,28707,2020-02-20,Active
905,Lucas,Johnson,lucas.johnson905@mail.com,Consumer,7,Seattle,10592,2025-09-15,Inactive
906,Lucas,White,lucas.white906@mail.com,Consumer,2,Birmingham,SW698,2020-06-29,Inactive
907,Sergey,Clark,sergey.clark907@mail.com,Consumer,4,Nice,75894,2024-01-05,Active
908,Leo,De Vries,leo.de vries908@mail.com,Consumer,1,Dublin,D630,2023-11-05,Active
909,Amelia,Walker,amelia.walker909@mail.com,Consumer,1,Cork,D305,2020-08-11,Active
910,Emma,Taylor,emma.taylor910@mail.com,Consumer,7,Seattle,10714,2025-05-02,Active
911,Grace,Schmidt,grace.schmidt911@mail.com,Consumer,7,Chicago,10207,2023-05-12,Inactive
912,Natalie,Kelly,natalie.kelly912@mail.com,Consumer,7,New York,10754,2025-07-24,Active
913,Isabella,De Vries,isabella.de vries913@mail.com,Consumer,6,Utrecht,10926,2022-05-23,Inactive
914,Ethan,Walker,ethan.walker914@mail.com,Consumer,2,London,SW466,2020-01-28,Active
915,Lucas,Evans,lucas.evans915@mail.com,Consumer,4,Nice,75883,2024-12-08,Active
916,Liam,Taylor,liam.taylor916@mail.com,Consumer,1,Cork,D368,2022-03-21,Active
917,Ella,Davies,ella.davies917@mail.com,Consumer,3,Munich,10963,2022-01-01,Active
918,Liam,Walker,liam.walker918@mail.com,Consumer,7,New York,10446,2021-07-16,Active
919,Henry,Müller,henry.müller919@mail.com,Consumer,2,Bristol,SW918,2024-03-05,Inactive
920,Oliver,Brown,oliver.brown920@mail.com,Small Business,7,Chicago,10913,2021-08-14,Active
921,Ava,Anderson,ava.anderson921@mail.com,Consumer,2,Leeds,SW751,2024-03-12,Active
922,David,De Vries,david.de vries922@mail.com,Small Business,8,Montreal,M908,2022-02-13,Active
923,Noah,Johnson,noah.johnson923@mail.com,Small Business,3,Cologne,10698,2023-02-21,Inactive
924,Oliver,White,oliver.white924@mail.com,Small Business,2,Bristol,SW166,2025-04-11,Active
925,David,Young,david.young925@mail.com,Consumer,4,Nice,75575,2025-09-16,Active
926,Olivia,Martinez,olivia.martinez926@mail.com,Consumer,3,Frankfurt,10585,2025-06-02,Active
927,Sergey,King,sergey.king927@mail.com,Consumer,5,Barcelona,28562,2020-05-29,Active
928,Leo,Bernard,leo.bernard928@mail.com,Consumer,3,Hamburg,10360,2024-03-24,Active
929,Oliver,Evans,oliver.evans929@mail.com,Consumer,1,Cork,D697,2024-12-25,Active
930,Emily,Schmidt,emily.schmidt930@mail.com,Consumer,4,Toulouse,75518,2024-10-11,Active
931,Emma,Wilson,emma.wilson931@mail.com,Consumer,7,Seattle,10339,2024-04-15,Active
932,Olivia,Young,olivia.young932@mail.com,Consumer,5,Bilbao,28625,2020-12-03,Active
933,Natalie,Davies,natalie.davies933@mail.com,Consumer,7,Austin,10139,2021-02-07,Active
934,Anna,Schmidt,anna.schmidt934@mail.com,Consumer,3,Hamburg,10295,2022-10-21,Active
935,David,Anderson,david.anderson935@mail.com,Consumer,8,Montreal,M388,2022-12-05,Active
936,Ava,Martin,ava.martin936@mail.com,Consumer,7,Boston,10879,2020-02-18,Active
937,Henry,Davies,henry.davies937@mail.com,Consumer,7,Boston,10701,2022-05-09,Inactive
938,Isabella,Schmidt,isabella.schmidt938@mail.com,Consumer,6,Rotterdam,10539,2020-12-17,Inactive
939,Isabella,Hall,isabella.hall939@mail.com,Consumer,2,Bristol,SW994,2020-05-03,Active
940,Laura,Murphy,laura.murphy940@mail.com,Small Business,2,Birmingham,SW447,2025-08-09,Active
941,Anna,Clark,anna.clark941@mail.com,Small Business,3,Cologne,10406,2024-07-10,Active
942,Grace,White,grace.white942@mail.com,Corporate,5,Barcelona,28438,2020-05-11,Inactive
943,Daniel,Martin,daniel.martin943@mail.com,Consumer,8,Vancouver,M586,2020-09-17,Active
944,Isabella,Johnson,isabella.johnson944@mail.com,Consumer,3,Berlin,10791,2023-06-01,Active
945,Michael,De Vries,michael.de vries945@mail.com,Consumer,1,Cork,D171,2025-06-24,Inactive
946,Henry,Evans,henry.evans946@mail.com,Consumer,2,London,SW477,2025-11-17,Active
947,Julia,King,julia.king947@mail.com,Consumer,2,London,SW232,2024-08-09,Inactive
948,Oliver,Martin,oliver.martin948@mail.com,Consumer,4,Lyon,75417,2022-04-25,Inactive
949,Anna,Garcia,anna.garcia949@mail.com,Consumer,7,Austin,10701,2021-10-12,Active
950,Anna,Dubois,anna.dubois950@mail.com,Consumer,4,Lyon,75556,2023-02-02,Active
951,Emily,White,emily.white951@mail.com,Consumer,7,Boston,10602,2022-10-08,Inactive
952,Noah,Thompson,noah.thompson952@mail.com,Consumer,4,Toulouse,75455,2021-01-08,Active
953,Thomas,White,thomas.white953@mail.com,Consumer,3,Munich,10732,2021-12-18,Inactive
954,Natalie,Miller,natalie.miller954@mail.com,Consumer,3,Berlin,10502,2022-01-21,Active
955,Julia,Williams,julia.williams955@mail.com,Small Business,2,Bristol,SW398,2023-01-26,Active
956,Laura,Young,laura.young956@mail.com,Small Business,6,Eindhoven,10880,2022-06-08,Active
957,Oliver,Clark,oliver.clark957@mail.com,Consumer,8,Montreal,M519,2021-03-06,Inactive
958,Daniel,Martinez,daniel.martinez958@mail.com,Consumer,2,London,SW754,2020-07-01,Inactive
959,Laura,Martin,laura.martin959@mail.com,Consumer,3,Berlin,10356,2022-03-07,Active
960,Lucas,Schmidt,lucas.schmidt960@mail.com,Consumer,6,Amsterdam,10184,2025-03-16,Active
961,Isabella,Jones,isabella.jones961@mail.com,Small Business,6,Rotterdam,10274,2025-04-12,Active
962,Ethan,Evans,ethan.evans962@mail.com,Consumer,5,Seville,28272,2021-05-23,Active
963,Liam,Miller,liam.miller963@mail.com,Consumer,5,Valencia,28282,2023-01-24,Active
964,Robert,Miller,robert.miller964@mail.com,Consumer,6,Amsterdam,10956,2025-12-20,Active
965,Leo,Dubois,leo.dubois965@mail.com,Consumer,3,Berlin,10890,2020-08-02,Inactive
966,Natalie,Davies,natalie.davies966@mail.com,Small Business,6,Rotterdam,10193,2024-03-14,Active
967,Liam,Schmidt,liam.schmidt967@mail.com,Consumer,3,Berlin,10325,2022-02-26,Active
968,Thomas,Miller,thomas.miller968@mail.com,Small Business,7,New York,10525,2021-11-18,Active
969,Emma,Lopez,emma.lopez969@mail.com,Consumer,7,Boston,10504,2022-02-15,Inactive
970,Daniel,Brown,daniel.brown970@mail.com,Consumer,1,Dublin,D511,2023-12-31,Active
971,Daniel,Dubois,daniel.dubois971@mail.com,Consumer,1,Galway,D765,2022-06-20,Active
972,Robert,Taylor,robert.taylor972@mail.com,Consumer,1,Athlone,D611,2024-08-10,Active
973,Sarah,King,sarah.king973@mail.com,Consumer,6,Amsterdam,10714,2021-12-03,Active
974,Michael,Martin,michael.martin974@mail.com,Consumer,8,Montreal,M971,2021-06-28,Inactive
975,Liam,De Vries,liam.de vries975@mail.com,Consumer,1,Cork,D615,2025-01-12,Active
976,Emily,Clark,emily.clark976@mail.com,Consumer,2,Leeds,SW875,2021-05-23,Active
977,Noah,Jones,noah.jones977@mail.com,Consumer,5,Barcelona,28255,2024-03-14,Inactive
978,Noah,Davies,noah.davies978@mail.com,Small Business,2,Birmingham,SW237,2024-12-22,Active
979,Sarah,Clark,sarah.clark979@mail.com,Consumer,2,Leeds,SW763,2020-06-11,Active
980,Henry,Hall,henry.hall980@mail.com,Consumer,6,Rotterdam,10652,2023-09-18,Active
981,Anna,Davies,anna.davies981@mail.com,Consumer,7,Seattle,10633,2022-06-30,Active
982,Sergey,Murphy,sergey.murphy982@mail.com,Small Business,2,London,SW297,2020-09-21,Active
983,Lucas,Taylor,lucas.taylor983@mail.com,Consumer,5,Bilbao,28662,2021-05-29,Active
984,Oliver,Bernard,oliver.bernard984@mail.com,Consumer,2,Manchester,SW350,2025-03-28,Inactive
985,Henry,Evans,henry.evans985@mail.com,Consumer,2,Manchester,SW378,2023-03-14,Inactive
986,Olivia,Martin,olivia.martin986@mail.com,Consumer,1,Limerick,D532,2024-03-27,Inactive
987,Thomas,White,thomas.white987@mail.com,Consumer,6,Eindhoven,10537,2025-05-28,Active
988,Natalie,Evans,natalie.evans988@mail.com,Consumer,6,Rotterdam,10363,2021-09-17,Inactive
989,Isabella,Evans,isabella.evans989@mail.com,Consumer,4,Toulouse,75173,2024-03-16,Active
990,Mia,Taylor,mia.taylor990@mail.com,Small Business,1,Dublin,D113,2021-09-25,Active
991,Natalie,Bernard,natalie.bernard991@mail.com,Corporate,4,Marseille,75493,2024-06-04,Inactive
992,Grace,Smith,grace.smith992@mail.com,Small Business,2,London,SW494,2024-08-01,Active
993,Sophia,Wilson,sophia.wilson993@mail.com,Consumer,2,Leeds,SW750,2023-11-28,Active
994,Sergey,Martin,sergey.martin994@mail.com,Small Business,6,Rotterdam,10589,2024-10-02,Active
995,Olivia,Johnson,olivia.johnson995@mail.com,Consumer,8,Vancouver,M367,2020-04-25,Inactive
996,Lucas,Wilson,lucas.wilson996@mail.com,Consumer,8,Vancouver,M112,2022-10-10,Active
997,Sergey,Anderson,sergey.anderson997@mail.com,Consumer,7,Boston,10182,2024-04-23,Active
998,Ethan,Walker,ethan.walker998@mail.com,Consumer,7,Austin,10612,2024-10-14,Inactive
999,Laura,Bernard,laura.bernard999@mail.com,Consumer,5,Bilbao,28895,2020-12-30,Active
1000,Jack,Thompson,jack.thompson1000@mail.com,Corporate,7,Seattle,10815,2022-05-08,Active
1001,Ethan,Walker,ethan.walker1001@mail.com,Consumer,1,Dublin,D892,2025-07-07,Inactive
1002,Sergey,Evans,sergey.evans1002@mail.com,Consumer,4,Marseille,75290,2024-10-31,Active
1003,Ethan,Martinez,ethan.martinez1003@mail.com,Consumer,2,Manchester,SW290,2021-03-27,Active
1004,Ethan,White,ethan.white1004@mail.com,Consumer,1,Limerick,D551,2022-02-24,Active
1005,Ethan,Smith,ethan.smith1005@mail.com,Consumer,7,New York,10383,2023-04-15,Active
1006,Grace,Davies,grace.davies1006@mail.com,Consumer,3,Berlin,10109,2025-05-11,Active
1007,Liam,Miller,liam.miller1007@mail.com,Consumer,2,Bristol,SW910,2020-06-20,Active
1008,Amelia,Clark,amelia.clark1008@mail.com,Corporate,3,Frankfurt,10875,2022-12-24,Active
1009,Emma,Müller,emma.müller1009@mail.com,Corporate,5,Barcelona,28469,2023-11-06,Inactive
1010,Noah,Müller,noah.müller1010@mail.com,Small Business,3,Berlin,10567,2023-09-14,Inactive
1011,Robert,King,robert.king1011@mail.com,Consumer,6,Amsterdam,10989,2021-07-22,Active
1012,David,Walker,david.walker1012@mail.com,Consumer,8,Ottawa,M802,2022-10-15,Inactive
1013,Anna,Taylor,anna.taylor1013@mail.com,Corporate,4,Marseille,75117,2020-01-13,Active
1014,Sarah,Thompson,sarah.thompson1014@mail.com,Consumer,7,Chicago,10721,2023-08-26,Inactive
1015,Emily,White,emily.white1015@mail.com,Consumer,3,Frankfurt,10774,2020-11-29,Active
1016,Leo,De Vries,leo.de vries1016@mail.com,Consumer,6,The Hague,10997,2022-03-10,Active
1017,Sarah,Smith,sarah.smith1017@mail.com,Small Business,1,Athlone,D995,2023-05-19,Inactive
1018,Isabella,Brown,isabella.brown1018@mail.com,Consumer,2,Manchester,SW349,2025-05-28,Active
1019,Anna,Anderson,anna.anderson1019@mail.com,Consumer,2,London,SW264,2021-01-01,Active
1020,David,Wilson,david.wilson1020@mail.com,Consumer,7,Seattle,10786,2022-06-21,Active
1021,Natalie,Lopez,natalie.lopez1021@mail.com,Consumer,5,Valencia,28992,2025-07-08,Active
1022,David,King,david.king1022@mail.com,Consumer,8,Calgary,M834,2020-09-21,Inactive
1023,Sarah,Lopez,sarah.lopez1023@mail.com,Small Business,5,Barcelona,28365,2024-11-24,Active
1024,James,Smith,james.smith1024@mail.com,Small Business,2,Manchester,SW862,2023-10-25,Active
1025,Lucas,Hall,lucas.hall1025@mail.com,Corporate,4,Nice,75854,2023-07-07,Active
1026,Grace,Lopez,grace.lopez1026@mail.com,Small Business,2,Leeds,SW427,2022-02-16,Active
1027,Natalie,White,natalie.white1027@mail.com,Consumer,7,Boston,10704,2021-06-01,Active
1028,Liam,Lopez,liam.lopez1028@mail.com,Consumer,1,Galway,D957,2025-03-01,Active
1029,Isabella,Jones,isabella.jones1029@mail.com,Consumer,4,Paris,75713,2023-03-06,Active
1030,Michael,Brown,michael.brown1030@mail.com,Corporate,2,Bristol,SW589,2023-01-25,Active
1031,Michael,Martin,michael.martin1031@mail.com,Corporate,4,Marseille,75256,2020-08-28,Active
1032,Natalie,White,natalie.white1032@mail.com,Consumer,7,New York,10986,2022-07-10,Active
1033,Laura,Martin,laura.martin1033@mail.com,Corporate,7,Chicago,10122,2023-05-10,Inactive
1034,Anna,Garcia,anna.garcia1034@mail.com,Small Business,3,Frankfurt,10173,2023-11-27,Active
1035,Natalie,Taylor,natalie.taylor1035@mail.com,Consumer,2,Birmingham,SW870,2024-05-31,Active
1036,Michael,Evans,michael.evans1036@mail.com,Consumer,7,Boston,10240,2025-02-17,Inactive
1037,Leo,Young,leo.young1037@mail.com,Consumer,6,Rotterdam,10852,2021-08-16,Active
1038,Julia,Jansen,julia.jansen1038@mail.com,Consumer,3,Munich,10485,2021-02-21,Inactive
1039,Ethan,King,ethan.king1039@mail.com,Consumer,5,Seville,28283,2020-08-18,Active
1040,Amelia,Johnson,amelia.johnson1040@mail.com,Consumer,1,Cork,D742,2023-10-18,Inactive
1041,James,Davies,james.davies1041@mail.com,Consumer,2,Bristol,SW276,2024-06-12,Inactive
1042,Sarah,Miller,sarah.miller1042@mail.com,Small Business,7,Seattle,10381,2021-01-02,Inactive
1043,James,Brown,james.brown1043@mail.com,Consumer,3,Cologne,10330,2020-12-04,Active
1044,Grace,Garcia,grace.garcia1044@mail.com,Consumer,5,Madrid,28913,2023-01-26,Active
1045,Sergey,Anderson,sergey.anderson1045@mail.com,Consumer,3,Munich,10201,2024-11-11,Active
1046,Natalie,Hall,natalie.hall1046@mail.com,Consumer,1,Dublin,D503,2022-01-27,Inactive
1047,Thomas,Jansen,thomas.jansen1047@mail.com,Small Business,1,Cork,D774,2021-05-23,Active
1048,Emily,Anderson,emily.anderson1048@mail.com,Consumer,2,Leeds,SW919,2022-01-07,Active
1049,Lucas,Jansen,lucas.jansen1049@mail.com,Consumer,1,Dublin,D675,2022-04-24,Active
1050,Noah,Smith,noah.smith1050@mail.com,Consumer,7,Austin,10657,2021-05-25,Active
1051,Anna,Murphy,anna.murphy1051@mail.com,Consumer,3,Cologne,10901,2022-10-14,Active
1052,Isabella,Jones,isabella.jones1052@mail.com,Consumer,5,Bilbao,28460,2025-07-01,Active
1053,Anna,Walker,anna.walker1053@mail.com,Consumer,6,Rotterdam,10245,2020-07-02,Active
1054,Daniel,Jones,daniel.jones1054@mail.com,Consumer,7,Austin,10231,2022-06-03,Inactive
1055,Jack,Wilson,jack.wilson1055@mail.com,Consumer,1,Cork,D509,2024-04-12,Inactive
1056,Jack,Miller,jack.miller1056@mail.com,Corporate,1,Cork,D648,2024-10-08,Active
1057,Laura,Wilson,laura.wilson1057@mail.com,Consumer,1,Athlone,D773,2022-02-28,Active
1058,Lucas,Schmidt,lucas.schmidt1058@mail.com,Consumer,3,Cologne,10353,2024-11-11,Active
1059,Ella,Brown,ella.brown1059@mail.com,Consumer,2,London,SW471,2024-07-24,Active
1060,Lucas,Hall,lucas.hall1060@mail.com,Consumer,7,New York,10486,2022-07-13,Active
1061,James,White,james.white1061@mail.com,Consumer,3,Hamburg,10702,2021-05-20,Inactive
1062,Olivia,Anderson,olivia.anderson1062@mail.com,Consumer,1,Athlone,D201,2023-03-01,Active
1063,David,Martin,david.martin1063@mail.com,Consumer,2,Bristol,SW664,2022-01-10,Inactive
1064,Lucas,Wilson,lucas.wilson1064@mail.com,Consumer,4,Lyon,75773,2020-02-08,Active
1065,Grace,Thompson,grace.thompson1065@mail.com,Consumer,1,Galway,D824,2022-12-31,Active
1066,Sophia,Anderson,sophia.anderson1066@mail.com,Consumer,5,Valencia,28917,2025-02-18,Inactive
1067,Jack,Bernard,jack.bernard1067@mail.com,Corporate,4,Lyon,75412,2025-11-02,Active
1068,Sophia,Clark,sophia.clark1068@mail.com,Small Business,8,Toronto,M178,2023-07-04,Active
1069,Ethan,Jansen,ethan.jansen1069@mail.com,Consumer,8,Montreal,M667,2020-08-23,Inactive
1070,Liam,Bernard,liam.bernard1070@mail.com,Corporate,7,Chicago,10591,2025-09-14,Inactive
1071,Anna,Young,anna.young1071@mail.com,Consumer,4,Toulouse,75114,2025-12-20,Active
1072,Laura,Murphy,laura.murphy1072@mail.com,Consumer,7,Austin,10350,2024-10-06,Active
1073,Ethan,Miller,ethan.miller1073@mail.com,Small Business,5,Barcelona,28176,2025-11-14,Active
1074,Amelia,Müller,amelia.müller1074@mail.com,Consumer,7,Seattle,10274,2020-07-27,Active
1075,Emma,King,emma.king1075@mail.com,Small Business,8,Toronto,M397,2022-10-20,Active
1076,Jack,Taylor,jack.taylor1076@mail.com,Small Business,4,Nice,75503,2020-01-10,Active
1077,Natalie,King,natalie.king1077@mail.com,Small Business,8,Toronto,M574,2025-10-12,Inactive
1078,Liam,De Vries,liam.de vries1078@mail.com,Consumer,1,Galway,D209,2025-02-28,Active
1079,Laura,Williams,laura.williams1079@mail.com,Consumer,3,Berlin,10541,2024-07-04,Inactive
1080,Amelia,Martinez,amelia.martinez1080@mail.com,Consumer,2,Leeds,SW107,2021-09-21,Active
1081,Jack,Davies,jack.davies1081@mail.com,Consumer,6,Utrecht,10473,2025-04-11,Inactive
1082,Ella,White,ella.white1082@mail.com,Consumer,7,Seattle,10772,2023-01-08,Inactive
1083,Olivia,Thompson,olivia.thompson1083@mail.com,Consumer,2,Manchester,SW213,2024-11-12,Active
1084,Lucas,Martin,lucas.martin1084@mail.com,Small Business,2,London,SW264,2024-09-20,Active
1085,Anna,Wilson,anna.wilson1085@mail.com,Consumer,8,Ottawa,M607,2021-05-01,Active
1086,David,Clark,david.clark1086@mail.com,Consumer,3,Frankfurt,10234,2024-06-25,Active
1087,Sarah,Murphy,sarah.murphy1087@mail.com,Consumer,8,Ottawa,M113,2021-05-31,Active
1088,Thomas,Schmidt,thomas.schmidt1088@mail.com,Corporate,1,Dublin,D544,2024-10-25,Inactive
1089,Mia,Smith,mia.smith1089@mail.com,Consumer,2,Manchester,SW846,2024-10-22,Active
1090,David,Brown,david.brown1090@mail.com,Corporate,2,Manchester,SW782,2022-12-15,Inactive
1091,Michael,White,michael.white1091@mail.com,Consumer,2,Bristol,SW725,2021-02-26,Active
1092,Julia,Jansen,julia.jansen1092@mail.com,Consumer,2,Manchester,SW510,2021-09-01,Active
1093,Daniel,King,daniel.king1093@mail.com,Consumer,2,Bristol,SW304,2021-08-21,Active
1094,Ava,Bernard,ava.bernard1094@mail.com,Consumer,7,Chicago,10327,2025-11-20,Active
1095,Noah,Martinez,noah.martinez1095@mail.com,Consumer,3,Hamburg,10212,2024-10-15,Active
1096,Olivia,Anderson,olivia.anderson1096@mail.com,Consumer,3,Berlin,10286,2024-09-08,Active
1097,Anna,Thompson,anna.thompson1097@mail.com,Consumer,1,Limerick,D386,2023-08-10,Active
1098,Jack,Garcia,jack.garcia1098@mail.com,Consumer,3,Berlin,10199,2024-01-29,Active
1099,David,Hall,david.hall1099@mail.com,Consumer,6,Utrecht,10860,2021-06-17,Active
1100,Jack,Taylor,jack.taylor1100@mail.com,Consumer,2,London,SW233,2024-04-22,Active
1101,Natalie,Young,natalie.young1101@mail.com,Consumer,1,Limerick,D201,2022-02-19,Active
1102,Emily,Schmidt,emily.schmidt1102@mail.com,Small Business,8,Vancouver,M646,2023-05-19,Active
1103,Daniel,Bernard,daniel.bernard1103@mail.com,Small Business,1,Athlone,D455,2022-10-31,Active
1104,Michael,Brown,michael.brown1104@mail.com,Consumer,3,Frankfurt,10636,2024-11-21,Active
1105,Jack,Anderson,jack.anderson1105@mail.com,Consumer,2,Bristol,SW162,2021-06-12,Active
1106,Ava,Garcia,ava.garcia1106@mail.com,Small Business,6,Amsterdam,10269,2025-12-20,Inactive
1107,Ava,Lopez,ava.lopez1107@mail.com,Consumer,6,Utrecht,10311,2024-05-17,Active
1108,Grace,Taylor,grace.taylor1108@mail.com,Small Business,1,Athlone,D566,2020-02-06,Active
1109,Henry,Evans,henry.evans1109@mail.com,Consumer,2,Manchester,SW329,2023-01-04,Active
1110,Leo,Kelly,leo.kelly1110@mail.com,Corporate,4,Marseille,75236,2021-08-29,Active
1111,Noah,Johnson,noah.johnson1111@mail.com,Corporate,7,Chicago,10647,2022-10-16,Active
1112,Olivia,Johnson,olivia.johnson1112@mail.com,Consumer,1,Athlone,D370,2024-02-20,Active
1113,Emily,Evans,emily.evans1113@mail.com,Corporate,3,Berlin,10943,2023-08-22,Active
1114,Jack,Williams,jack.williams1114@mail.com,Corporate,2,Bristol,SW773,2022-11-14,Active
1115,Michael,Martin,michael.martin1115@mail.com,Small Business,6,The Hague,10664,2022-11-20,Active
1116,Henry,Schmidt,henry.schmidt1116@mail.com,Consumer,7,Seattle,10259,2023-01-05,Inactive
1117,Laura,Bernard,laura.bernard1117@mail.com,Consumer,2,Leeds,SW195,2024-02-18,Inactive
1118,Ethan,Walker,ethan.walker1118@mail.com,Consumer,2,Leeds,SW846,2021-12-22,Active
1119,Liam,Evans,liam.evans1119@mail.com,Small Business,5,Seville,28803,2021-10-29,Active
1120,Oliver,Bernard,oliver.bernard1120@mail.com,Consumer,1,Limerick,D202,2022-10-01,Active
1121,Sarah,Murphy,sarah.murphy1121@mail.com,Consumer,6,Amsterdam,10212,2021-02-12,Active
1122,Sergey,King,sergey.king1122@mail.com,Consumer,6,Amsterdam,10374,2020-06-28,Active
1123,Emily,Murphy,emily.murphy1123@mail.com,Corporate,8,Toronto,M655,2020-02-08,Active
1124,Oliver,Taylor,oliver.taylor1124@mail.com,Consumer,7,Boston,10554,2021-07-24,Active
1125,Mia,Jones,mia.jones1125@mail.com,Consumer,2,Birmingham,SW742,2022-09-25,Active
1126,Noah,Brown,noah.brown1126@mail.com,Consumer,1,Limerick,D245,2023-04-30,Active
1127,Liam,Davies,liam.davies1127@mail.com,Consumer,7,Austin,10771,2024-10-15,Active
1128,Robert,Miller,robert.miller1128@mail.com,Consumer,2,London,SW603,2024-04-24,Active
1129,Henry,Brown,henry.brown1129@mail.com,Consumer,8,Ottawa,M441,2023-02-28,Active
1130,Natalie,King,natalie.king1130@mail.com,Small Business,3,Cologne,10254,2020-12-13,Active
1131,Emma,De Vries,emma.de vries1131@mail.com,Consumer,3,Munich,10783,2022-01-12,Active
1132,Leo,Müller,leo.müller1132@mail.com,Consumer,5,Seville,28777,2021-03-01,Active
1133,Sarah,King,sarah.king1133@mail.com,Small Business,8,Vancouver,M896,2020-11-08,Active
1134,Ava,Dubois,ava.dubois1134@mail.com,Small Business,3,Berlin,10691,2025-05-13,Inactive
1135,Jack,Jones,jack.jones1135@mail.com,Consumer,8,Vancouver,M286,2021-01-05,Inactive
1136,Mia,Bernard,mia.bernard1136@mail.com,Consumer,3,Frankfurt,10716,2025-05-25,Active
1137,Sergey,King,sergey.king1137@mail.com,Consumer,1,Athlone,D609,2022-10-04,Inactive
1138,Thomas,Davies,thomas.davies1138@mail.com,Consumer,4,Toulouse,75639,2024-04-24,Active
1139,Henry,Müller,henry.müller1139@mail.com,Consumer,6,Amsterdam,10471,2020-01-12,Inactive
1140,Natalie,Brown,natalie.brown1140@mail.com,Small Business,8,Montreal,M969,2020-09-01,Active
1141,Lucas,Walker,lucas.walker1141@mail.com,Consumer,2,Manchester,SW157,2024-09-20,Active
1142,Michael,Anderson,michael.anderson1142@mail.com,Consumer,1,Dublin,D812,2021-08-09,Inactive
1143,Michael,Brown,michael.brown1143@mail.com,Consumer,3,Cologne,10991,2020-10-29,Active
1144,Olivia,Jones,olivia.jones1144@mail.com,Consumer,1,Dublin,D682,2020-11-19,Inactive
1145,Ethan,Garcia,ethan.garcia1145@mail.com,Small Business,1,Galway,D581,2021-07-27,Inactive
1146,Isabella,White,isabella.white1146@mail.com,Consumer,6,Rotterdam,10161,2020-02-24,Active
1147,Ethan,Martinez,ethan.martinez1147@mail.com,Consumer,5,Seville,28796,2021-10-18,Inactive
1148,Thomas,Wilson,thomas.wilson1148@mail.com,Consumer,4,Lyon,75533,2025-08-17,Active
1149,Oliver,Martinez,oliver.martinez1149@mail.com,Corporate,2,Manchester,SW860,2024-03-26,Active
1150,Noah,Davies,noah.davies1150@mail.com,Consumer,3,Cologne,10719,2024-05-25,Active
1151,Isabella,Garcia,isabella.garcia1151@mail.com,Consumer,7,Seattle,10947,2023-07-06,Inactive
1152,Sarah,Müller,sarah.müller1152@mail.com,Consumer,2,London,SW206,2024-10-03,Active
1153,David,Hall,david.hall1153@mail.com,Consumer,3,Hamburg,10266,2023-10-06,Active
1154,Emily,Murphy,emily.murphy1154@mail.com,Consumer,1,Cork,D753,2023-06-20,Active
1155,Oliver,Jansen,oliver.jansen1155@mail.com,Consumer,2,Leeds,SW146,2020-07-02,Active
1156,Leo,Murphy,leo.murphy1156@mail.com,Small Business,2,Leeds,SW612,2023-12-31,Active
1157,Ava,Thompson,ava.thompson1157@mail.com,Corporate,2,London,SW439,2023-12-28,Inactive
1158,Amelia,Brown,amelia.brown1158@mail.com,Small Business,7,Chicago,10124,2025-08-18,Inactive
1159,Julia,Hall,julia.hall1159@mail.com,Consumer,4,Lyon,75798,2020-06-02,Inactive
1160,Sergey,Smith,sergey.smith1160@mail.com,Small Business,1,Cork,D887,2022-08-06,Active
1161,Amelia,Martinez,amelia.martinez1161@mail.com,Corporate,8,Montreal,M558,2025-11-13,Active
1162,Olivia,De Vries,olivia.de vries1162@mail.com,Consumer,3,Frankfurt,10344,2024-10-30,Active
1163,Emily,Smith,emily.smith1163@mail.com,Consumer,8,Calgary,M199,2021-09-16,Active
1164,Julia,Evans,julia.evans1164@mail.com,Consumer,1,Limerick,D421,2020-12-23,Active
1165,Ethan,Smith,ethan.smith1165@mail.com,Consumer,8,Montreal,M191,2023-02-21,Active
1166,David,Dubois,david.dubois1166@mail.com,Corporate,2,Birmingham,SW881,2022-11-22,Inactive
1167,Lucas,Brown,lucas.brown1167@mail.com,Consumer,5,Valencia,28510,2025-06-22,Inactive
1168,Natalie,Miller,natalie.miller1168@mail.com,Consumer,7,Boston,10965,2021-06-12,Active
1169,Anna,Bernard,anna.bernard1169@mail.com,Consumer,3,Berlin,10735,2025-09-03,Active
1170,Henry,Anderson,henry.anderson1170@mail.com,Consumer,6,Amsterdam,10397,2020-02-02,Inactive
1171,Ava,Hall,ava.hall1171@mail.com,Consumer,1,Limerick,D785,2020-10-25,Active
1172,Isabella,Johnson,isabella.johnson1172@mail.com,Consumer,3,Munich,10849,2025-03-19,Active
1173,Natalie,Martin,natalie.martin1173@mail.com,Consumer,7,Austin,10166,2024-11-09,Active
1174,Emily,Garcia,emily.garcia1174@mail.com,Consumer,3,Frankfurt,10217,2022-05-20,Active
1175,Ella,Jones,ella.jones1175@mail.com,Consumer,3,Munich,10427,2025-04-08,Active
1176,David,Martin,david.martin1176@mail.com,Corporate,8,Montreal,M908,2020-09-12,Inactive
1177,Daniel,Kelly,daniel.kelly1177@mail.com,Small Business,8,Calgary,M376,2022-05-16,Active
1178,Oliver,Jones,oliver.jones1178@mail.com,Consumer,5,Madrid,28405,2020-10-10,Inactive
1179,Amelia,Taylor,amelia.taylor1179@mail.com,Consumer,7,New York,10194,2022-11-28,Inactive
1180,David,Evans,david.evans1180@mail.com,Consumer,3,Frankfurt,10593,2021-11-04,Inactive
1181,Sarah,Williams,sarah.williams1181@mail.com,Consumer,4,Nice,75498,2024-11-24,Active
1182,Robert,De Vries,robert.de vries1182@mail.com,Consumer,4,Nice,75731,2022-03-24,Active
1183,Thomas,Thompson,thomas.thompson1183@mail.com,Consumer,3,Frankfurt,10251,2023-07-20,Inactive
1184,James,White,james.white1184@mail.com,Consumer,7,New York,10561,2024-07-22,Active
1185,Sergey,Jansen,sergey.jansen1185@mail.com,Consumer,5,Barcelona,28530,2021-02-03,Active
1186,Daniel,Müller,daniel.müller1186@mail.com,Corporate,5,Bilbao,28114,2022-05-09,Active
1187,Liam,Evans,liam.evans1187@mail.com,Consumer,7,New York,10816,2023-06-11,Inactive
1188,Isabella,Bernard,isabella.bernard1188@mail.com,Consumer,5,Bilbao,28536,2024-08-07,Active
1189,Ethan,Dubois,ethan.dubois1189@mail.com,Consumer,1,Athlone,D709,2024-10-20,Active
1190,Ava,Evans,ava.evans1190@mail.com,Consumer,4,Nice,75977,2024-11-26,Active
1191,Sarah,Walker,sarah.walker1191@mail.com,Consumer,8,Toronto,M731,2021-03-01,Inactive
1192,Laura,Clark,laura.clark1192@mail.com,Consumer,1,Athlone,D695,2021-02-12,Active
1193,Julia,Bernard,julia.bernard1193@mail.com,Consumer,5,Seville,28664,2022-05-17,Inactive
1194,Julia,Garcia,julia.garcia1194@mail.com,Consumer,1,Limerick,D522,2021-05-24,Inactive
1195,Olivia,White,olivia.white1195@mail.com,Consumer,1,Galway,D774,2022-07-06,Active
1196,Robert,White,robert.white1196@mail.com,Consumer,2,London,SW524,2024-08-25,Active
1197,Lucas,White,lucas.white1197@mail.com,Small Business,1,Athlone,D939,2024-03-13,Active
1198,Grace,Bernard,grace.bernard1198@mail.com,Consumer,3,Frankfurt,10297,2022-09-17,Inactive
1199,Sarah,King,sarah.king1199@mail.com,Consumer,7,Seattle,10845,2024-10-23,Active
1200,Emma,Martinez,emma.martinez1200@mail.com,Consumer,3,Berlin,10827,2021-10-10,Active
1201,Sergey,Jansen,sergey.jansen1201@mail.com,Small Business,4,Marseille,75957,2024-05-24,Active
1202,Daniel,Smith,daniel.smith1202@mail.com,Consumer,8,Toronto,M743,2021-01-17,Active
1203,Michael,Lopez,michael.lopez1203@mail.com,Consumer,1,Dublin,D860,2020-11-18,Active
1204,Sergey,Johnson,sergey.johnson1204@mail.com,Consumer,8,Vancouver,M404,2024-01-06,Active
1205,Henry,Thompson,henry.thompson1205@mail.com,Small Business,4,Paris,75381,2024-03-28,Active
1206,Sergey,Murphy,sergey.murphy1206@mail.com,Consumer,8,Ottawa,M225,2021-02-27,Active
1207,Jack,Young,jack.young1207@mail.com,Consumer,1,Limerick,D964,2022-01-09,Active
1208,Daniel,Martin,daniel.martin1208@mail.com,Consumer,7,New York,10523,2021-02-16,Active
1209,Sergey,Smith,sergey.smith1209@mail.com,Consumer,4,Toulouse,75421,2022-05-11,Inactive
1210,Ethan,Evans,ethan.evans1210@mail.com,Small Business,7,Boston,10746,2020-02-11,Active
1211,Emma,Müller,emma.müller1211@mail.com,Corporate,1,Athlone,D659,2025-06-05,Active
1212,Laura,Wilson,laura.wilson1212@mail.com,Consumer,1,Dublin,D648,2021-05-13,Active
1213,David,Jones,david.jones1213@mail.com,Small Business,4,Paris,75322,2022-06-04,Active
1214,Henry,Smith,henry.smith1214@mail.com,Consumer,3,Frankfurt,10304,2021-06-02,Active
1215,Ella,Johnson,ella.johnson1215@mail.com,Consumer,3,Frankfurt,10546,2023-04-20,Inactive
1216,Jack,Williams,jack.williams1216@mail.com,Consumer,8,Montreal,M502,2022-03-21,Active
1217,David,Jansen,david.jansen1217@mail.com,Consumer,5,Barcelona,28839,2023-06-30,Inactive
1218,Isabella,Bernard,isabella.bernard1218@mail.com,Small Business,3,Cologne,10210,2023-01-17,Inactive
1219,Grace,Müller,grace.müller1219@mail.com,Small Business,3,Berlin,10560,2024-03-11,Active
1220,Amelia,Wilson,amelia.wilson1220@mail.com,Consumer,7,Boston,10460,2024-08-05,Inactive
1221,Ethan,White,ethan.white1221@mail.com,Consumer,1,Cork,D466,2023-08-14,Active
1222,Anna,Müller,anna.müller1222@mail.com,Consumer,1,Galway,D225,2024-03-03,Active
1223,Liam,Anderson,liam.anderson1223@mail.com,Consumer,2,Bristol,SW914,2023-09-09,Active
1224,Ella,Smith,ella.smith1224@mail.com,Consumer,7,Chicago,10639,2024-04-28,Active
1225,Jack,Anderson,jack.anderson1225@mail.com,Consumer,1,Limerick,D798,2020-11-02,Inactive
1226,Emma,Taylor,emma.taylor1226@mail.com,Consumer,2,Leeds,SW610,2022-03-18,Active
1227,Sophia,Brown,sophia.brown1227@mail.com,Consumer,8,Ottawa,M434,2021-05-23,Inactive
1228,Liam,Evans,liam.evans1228@mail.com,Consumer,2,Bristol,SW104,2020-03-14,Inactive
1229,Thomas,Martin,thomas.martin1229@mail.com,Small Business,2,Bristol,SW140,2020-05-31,Active
1230,Oliver,Garcia,oliver.garcia1230@mail.com,Small Business,5,Seville,28840,2021-01-24,Active
1231,David,Müller,david.müller1231@mail.com,Consumer,2,Birmingham,SW605,2024-06-27,Active
1232,Michael,Dubois,michael.dubois1232@mail.com,Small Business,3,Berlin,10963,2025-07-13,Active
1233,James,Murphy,james.murphy1233@mail.com,Consumer,8,Toronto,M242,2022-07-06,Active
1234,Julia,Anderson,julia.anderson1234@mail.com,Consumer,8,Toronto,M295,2024-11-19,Active
1235,Ella,Murphy,ella.murphy1235@mail.com,Consumer,7,New York,10213,2020-08-03,Active
1236,Oliver,Wilson,oliver.wilson1236@mail.com,Consumer,8,Calgary,M376,2023-09-10,Active
1237,Grace,Dubois,grace.dubois1237@mail.com,Consumer,8,Vancouver,M871,2021-05-06,Inactive
1238,Anna,Brown,anna.brown1238@mail.com,Consumer,5,Bilbao,28589,2025-11-07,Inactive
1239,Emma,Clark,emma.clark1239@mail.com,Consumer,8,Montreal,M884,2025-05-31,Active
1240,Olivia,Lopez,olivia.lopez1240@mail.com,Consumer,6,Rotterdam,10811,2022-09-19,Active
1241,Mia,Kelly,mia.kelly1241@mail.com,Consumer,1,Cork,D579,2022-05-20,Inactive
1242,James,Schmidt,james.schmidt1242@mail.com,Small Business,2,Bristol,SW626,2022-05-04,Active
1243,Leo,Anderson,leo.anderson1243@mail.com,Consumer,6,The Hague,10208,2025-02-02,Active
1244,Olivia,Martin,olivia.martin1244@mail.com,Small Business,2,Bristol,SW307,2025-01-27,Inactive
1245,Jack,Bernard,jack.bernard1245@mail.com,Consumer,2,Bristol,SW763,2021-11-03,Active
1246,Robert,Brown,robert.brown1246@mail.com,Consumer,1,Limerick,D291,2021-03-27,Active
1247,Anna,Martinez,anna.martinez1247@mail.com,Consumer,1,Dublin,D663,2025-01-28,Active
1248,Daniel,Jones,daniel.jones1248@mail.com,Consumer,3,Cologne,10441,2024-06-13,Active
1249,Olivia,Brown,olivia.brown1249@mail.com,Consumer,3,Frankfurt,10298,2020-07-20,Active
1250,Ethan,De Vries,ethan.de vries1250@mail.com,Consumer,2,Leeds,SW631,2023-02-04,Inactive
1251,Noah,Johnson,noah.johnson1251@mail.com,Corporate,1,Cork,D217,2022-10-16,Active
1252,Grace,Wilson,grace.wilson1252@mail.com,Consumer,7,New York,10382,2022-09-04,Active
1253,Michael,Anderson,michael.anderson1253@mail.com,Consumer,7,New York,10325,2024-07-15,Active
1254,Ethan,White,ethan.white1254@mail.com,Consumer,4,Marseille,75822,2022-04-13,Active
1255,James,Williams,james.williams1255@mail.com,Small Business,6,The Hague,10588,2025-08-23,Active
1256,Michael,Davies,michael.davies1256@mail.com,Consumer,7,New York,10270,2021-11-28,Active
1257,Isabella,Jones,isabella.jones1257@mail.com,Consumer,3,Frankfurt,10442,2020-02-22,Active
1258,Jack,Young,jack.young1258@mail.com,Consumer,2,London,SW708,2020-11-11,Active
1259,Grace,Murphy,grace.murphy1259@mail.com,Small Business,8,Calgary,M212,2025-06-23,Active
1260,Grace,Miller,grace.miller1260@mail.com,Small Business,7,Boston,10615,2023-04-05,Active
1261,David,Brown,david.brown1261@mail.com,Consumer,6,Utrecht,10563,2021-02-13,Inactive
1262,Ella,Wilson,ella.wilson1262@mail.com,Consumer,6,Eindhoven,10113,2025-06-15,Active
1263,Emma,Young,emma.young1263@mail.com,Small Business,2,Bristol,SW595,2025-10-22,Active
1264,Amelia,Thompson,amelia.thompson1264@mail.com,Consumer,2,Leeds,SW976,2020-03-25,Active
1265,Lucas,Müller,lucas.müller1265@mail.com,Consumer,5,Bilbao,28858,2025-08-01,Inactive
1266,Laura,Smith,laura.smith1266@mail.com,Corporate,3,Frankfurt,10754,2022-03-04,Active
1267,Robert,Johnson,robert.johnson1267@mail.com,Corporate,8,Ottawa,M279,2025-01-14,Active
1268,Olivia,Young,olivia.young1268@mail.com,Consumer,7,Seattle,10382,2023-09-18,Active
1269,Grace,Martinez,grace.martinez1269@mail.com,Small Business,2,London,SW543,2023-11-07,Inactive
1270,Sarah,White,sarah.white1270@mail.com,Consumer,4,Paris,75610,2023-11-22,Active
1271,Lucas,Martinez,lucas.martinez1271@mail.com,Consumer,4,Lyon,75410,2023-04-01,Inactive
1272,Sarah,Evans,sarah.evans1272@mail.com,Consumer,2,Manchester,SW389,2020-03-04,Active
1273,Leo,Murphy,leo.murphy1273@mail.com,Consumer,1,Dublin,D151,2024-10-28,Active
1274,Robert,Evans,robert.evans1274@mail.com,Consumer,1,Athlone,D258,2025-08-18,Active
1275,Lucas,Thompson,lucas.thompson1275@mail.com,Consumer,6,Amsterdam,10397,2022-03-16,Active
1276,Natalie,Müller,natalie.müller1276@mail.com,Small Business,1,Limerick,D532,2022-10-15,Inactive
1277,James,Young,james.young1277@mail.com,Corporate,8,Ottawa,M418,2022-12-06,Active
1278,Anna,Young,anna.young1278@mail.com,Small Business,4,Lyon,75799,2023-08-13,Active
1279,Sophia,Lopez,sophia.lopez1279@mail.com,Consumer,2,London,SW404,2022-03-28,Inactive
1280,Ava,White,ava.white1280@mail.com,Consumer,4,Nice,75552,2024-11-24,Active
1281,Anna,Anderson,anna.anderson1281@mail.com,Consumer,4,Toulouse,75577,2024-01-04,Inactive
1282,Isabella,Murphy,isabella.murphy1282@mail.com,Corporate,8,Calgary,M190,2020-04-18,Active
1283,Leo,White,leo.white1283@mail.com,Consumer,5,Valencia,28230,2022-09-20,Active
1284,Julia,Martin,julia.martin1284@mail.com,Consumer,1,Dublin,D573,2021-05-30,Inactive
1285,Oliver,Kelly,oliver.kelly1285@mail.com,Small Business,7,New York,10441,2023-01-11,Active
1286,Grace,Garcia,grace.garcia1286@mail.com,Small Business,7,New York,10858,2023-09-19,Active
1287,Amelia,Jones,amelia.jones1287@mail.com,Consumer,6,Rotterdam,10408,2025-07-21,Active
1288,Natalie,Murphy,natalie.murphy1288@mail.com,Consumer,6,Rotterdam,10217,2025-06-09,Active
1289,Emily,Young,emily.young1289@mail.com,Consumer,1,Cork,D309,2021-05-10,Active
1290,Thomas,Martinez,thomas.martinez1290@mail.com,Consumer,4,Paris,75407,2024-12-22,Inactive
1291,Ethan,Walker,ethan.walker1291@mail.com,Small Business,4,Nice,75366,2022-08-20,Inactive
1292,Emily,Brown,emily.brown1292@mail.com,Consumer,7,New York,10289,2024-11-05,Active
1293,Anna,Davies,anna.davies1293@mail.com,Consumer,7,Boston,10305,2021-11-30,Inactive
1294,Leo,Miller,leo.miller1294@mail.com,Corporate,4,Toulouse,75476,2021-02-13,Active
1295,Michael,White,michael.white1295@mail.com,Consumer,3,Frankfurt,10251,2021-03-15,Active
1296,James,Jansen,james.jansen1296@mail.com,Consumer,2,Birmingham,SW134,2024-05-14,Inactive
1297,Natalie,Müller,natalie.müller1297@mail.com,Consumer,1,Limerick,D383,2021-07-24,Active
1298,Olivia,Martinez,olivia.martinez1298@mail.com,Consumer,8,Ottawa,M499,2025-08-23,Active
1299,Lucas,Müller,lucas.müller1299@mail.com,Consumer,2,Manchester,SW385,2023-10-21,Active
1300,Oliver,King,oliver.king1300@mail.com,Consumer,8,Calgary,M720,2025-06-04,Active
1301,Natalie,Martinez,natalie.martinez1301@mail.com,Consumer,4,Marseille,75702,2025-11-22,Active
1302,Thomas,Martin,thomas.martin1302@mail.com,Consumer,5,Barcelona,28337,2020-10-03,Active
1303,Mia,King,mia.king1303@mail.com,Consumer,5,Barcelona,28890,2025-05-05,Active
1304,Robert,Williams,robert.williams1304@mail.com,Small Business,1,Limerick,D165,2024-04-22,Active
1305,James,Kelly,james.kelly1305@mail.com,Consumer,5,Valencia,28721,2020-10-25,Active
1306,Emma,Brown,emma.brown1306@mail.com,Consumer,8,Ottawa,M669,2025-01-15,Active
1307,Mia,Dubois,mia.dubois1307@mail.com,Consumer,2,Manchester,SW544,2023-03-17,Active
1308,Liam,Johnson,liam.johnson1308@mail.com,Consumer,1,Cork,D105,2021-01-29,Active
1309,Grace,Lopez,grace.lopez1309@mail.com,Consumer,7,Boston,10608,2020-10-21,Active
1310,Grace,Walker,grace.walker1310@mail.com,Consumer,7,Austin,10733,2025-04-24,Active
1311,Isabella,Bernard,isabella.bernard1311@mail.com,Small Business,7,Boston,10180,2024-03-20,Active
1312,Leo,Brown,leo.brown1312@mail.com,Consumer,7,New York,10715,2021-04-28,Active
1313,Thomas,Evans,thomas.evans1313@mail.com,Consumer,1,Galway,D169,2022-10-26,Active
1314,Oliver,Lopez,oliver.lopez1314@mail.com,Small Business,8,Ottawa,M612,2022-09-15,Active
1315,Noah,Lopez,noah.lopez1315@mail.com,Consumer,3,Hamburg,10768,2021-03-30,Active
1316,Sophia,Wilson,sophia.wilson1316@mail.com,Consumer,1,Dublin,D242,2022-04-01,Active
1317,Laura,Schmidt,laura.schmidt1317@mail.com,Consumer,4,Paris,75924,2020-09-12,Active
1318,Oliver,Bernard,oliver.bernard1318@mail.com,Small Business,3,Frankfurt,10232,2020-11-26,Active
1319,James,Kelly,james.kelly1319@mail.com,Consumer,6,Utrecht,10541,2025-07-27,Inactive
1320,Julia,Young,julia.young1320@mail.com,Consumer,2,London,SW126,2022-07-21,Active
1321,Julia,Martin,julia.martin1321@mail.com,Consumer,4,Paris,75496,2020-03-15,Inactive
1322,Sophia,Anderson,sophia.anderson1322@mail.com,Consumer,6,Amsterdam,10548,2024-10-14,Active
1323,Robert,Müller,robert.müller1323@mail.com,Consumer,7,Seattle,10159,2023-12-11,Active
1324,Grace,Murphy,grace.murphy1324@mail.com,Consumer,2,Bristol,SW681,2022-07-19,Active
1325,Liam,Hall,liam.hall1325@mail.com,Small Business,8,Toronto,M158,2022-10-20,Active
1326,Leo,Kelly,leo.kelly1326@mail.com,Consumer,3,Munich,10399,2023-07-10,Active
1327,Mia,Miller,mia.miller1327@mail.com,Consumer,5,Madrid,28356,2021-05-16,Active
1328,Laura,Walker,laura.walker1328@mail.com,Small Business,4,Lyon,75554,2024-01-02,Active
1329,David,Lopez,david.lopez1329@mail.com,Small Business,8,Vancouver,M639,2023-04-13,Active
1330,Ella,Martinez,ella.martinez1330@mail.com,Consumer,2,Leeds,SW822,2021-03-03,Inactive
1331,Daniel,King,daniel.king1331@mail.com,Small Business,2,Bristol,SW336,2021-07-15,Active
1332,Daniel,Brown,daniel.brown1332@mail.com,Small Business,6,Rotterdam,10136,2024-03-05,Active
1333,Sergey,Clark,sergey.clark1333@mail.com,Corporate,6,Amsterdam,10610,2025-02-01,Active
1334,Grace,Martin,grace.martin1334@mail.com,Small Business,2,London,SW161,2023-05-15,Active
1335,Ava,Garcia,ava.garcia1335@mail.com,Small Business,7,Seattle,10554,2020-03-18,Active
1336,Ava,Williams,ava.williams1336@mail.com,Consumer,2,Birmingham,SW132,2024-10-31,Active
1337,Natalie,De Vries,natalie.de vries1337@mail.com,Corporate,8,Montreal,M929,2023-10-09,Active
1338,Emma,Thompson,emma.thompson1338@mail.com,Small Business,6,Amsterdam,10926,2024-11-12,Active
1339,Laura,King,laura.king1339@mail.com,Small Business,4,Nice,75574,2023-03-23,Inactive
1340,Grace,Clark,grace.clark1340@mail.com,Consumer,4,Toulouse,75578,2025-10-26,Active
1341,Liam,Wilson,liam.wilson1341@mail.com,Consumer,1,Cork,D889,2023-01-28,Active
1342,Ava,Kelly,ava.kelly1342@mail.com,Consumer,3,Hamburg,10901,2023-01-28,Active
1343,Grace,Miller,grace.miller1343@mail.com,Small Business,1,Cork,D554,2023-08-07,Inactive
1344,Liam,Dubois,liam.dubois1344@mail.com,Corporate,1,Limerick,D753,2020-05-31,Active
1345,Grace,Smith,grace.smith1345@mail.com,Small Business,3,Cologne,10421,2023-02-06,Active
1346,Jack,Clark,jack.clark1346@mail.com,Consumer,3,Frankfurt,10230,2023-02-05,Active
1347,Lucas,Hall,lucas.hall1347@mail.com,Consumer,5,Madrid,28288,2020-07-22,Inactive
1348,Noah,Lopez,noah.lopez1348@mail.com,Consumer,4,Marseille,75363,2022-07-22,Active
1349,Julia,Hall,julia.hall1349@mail.com,Consumer,5,Madrid,28714,2023-12-18,Active
1350,Oliver,Martinez,oliver.martinez1350@mail.com,Consumer,3,Berlin,10342,2024-12-22,Active
1351,Olivia,Walker,olivia.walker1351@mail.com,Consumer,3,Frankfurt,10996,2024-08-30,Active
1352,Emma,De Vries,emma.de vries1352@mail.com,Consumer,1,Limerick,D767,2024-01-15,Active
1353,Leo,De Vries,leo.de vries1353@mail.com,Consumer,4,Paris,75397,2020-05-07,Active
1354,Liam,Brown,liam.brown1354@mail.com,Small Business,7,Boston,10832,2022-05-16,Active
1355,Ava,Walker,ava.walker1355@mail.com,Consumer,8,Vancouver,M490,2020-05-13,Active
1356,Natalie,Davies,natalie.davies1356@mail.com,Corporate,8,Ottawa,M851,2025-08-24,Inactive
1357,James,Hall,james.hall1357@mail.com,Small Business,4,Nice,75583,2025-12-01,Inactive
1358,Daniel,Walker,daniel.walker1358@mail.com,Small Business,2,Birmingham,SW348,2023-04-15,Active
1359,Emma,Thompson,emma.thompson1359@mail.com,Consumer,2,Leeds,SW850,2021-04-17,Inactive
1360,Olivia,Lopez,olivia.lopez1360@mail.com,Consumer,3,Hamburg,10769,2025-09-02,Inactive
1361,Isabella,White,isabella.white1361@mail.com,Consumer,5,Barcelona,28650,2024-09-11,Active
1362,Sophia,Miller,sophia.miller1362@mail.com,Consumer,7,Austin,10449,2021-07-19,Active
1363,Sophia,Bernard,sophia.bernard1363@mail.com,Corporate,1,Athlone,D606,2025-08-30,Active
1364,Robert,Dubois,robert.dubois1364@mail.com,Consumer,7,Seattle,10369,2020-03-04,Inactive
1365,Lucas,Hall,lucas.hall1365@mail.com,Small Business,6,Amsterdam,10806,2020-05-19,Active
1366,Lucas,Martinez,lucas.martinez1366@mail.com,Small Business,8,Calgary,M462,2025-12-08,Active
1367,Ella,Davies,ella.davies1367@mail.com,Consumer,3,Hamburg,10705,2023-04-16,Active
1368,Noah,Smith,noah.smith1368@mail.com,Corporate,8,Calgary,M745,2023-12-24,Inactive
1369,Sophia,Evans,sophia.evans1369@mail.com,Consumer,6,Rotterdam,10841,2025-05-08,Active
1370,Liam,Jansen,liam.jansen1370@mail.com,Consumer,1,Limerick,D488,2024-02-24,Active
1371,Amelia,Thompson,amelia.thompson1371@mail.com,Corporate,3,Berlin,10337,2023-02-18,Active
1372,Noah,Jansen,noah.jansen1372@mail.com,Small Business,4,Nice,75620,2025-10-21,Inactive
1373,Ava,Schmidt,ava.schmidt1373@mail.com,Corporate,2,London,SW933,2021-12-31,Active
1374,Jack,Jansen,jack.jansen1374@mail.com,Consumer,3,Hamburg,10269,2023-07-11,Active
1375,Mia,Dubois,mia.dubois1375@mail.com,Small Business,2,Birmingham,SW365,2022-07-05,Active
1376,Anna,Wilson,anna.wilson1376@mail.com,Consumer,8,Ottawa,M958,2021-07-31,Active
1377,Robert,Kelly,robert.kelly1377@mail.com,Consumer,1,Dublin,D478,2022-03-10,Active
1378,Grace,Bernard,grace.bernard1378@mail.com,Consumer,2,Leeds,SW402,2024-12-27,Active
1379,Natalie,Hall,natalie.hall1379@mail.com,Consumer,6,Eindhoven,10605,2021-05-06,Active
1380,Lucas,Wilson,lucas.wilson1380@mail.com,Corporate,1,Dublin,D862,2021-04-22,Active
1381,Emma,Williams,emma.williams1381@mail.com,Consumer,6,Eindhoven,10745,2025-09-07,Active
1382,Emma,Young,emma.young1382@mail.com,Consumer,6,The Hague,10425,2020-06-06,Active
1383,Anna,Walker,anna.walker1383@mail.com,Corporate,7,New York,10351,2020-05-25,Active
1384,Julia,Davies,julia.davies1384@mail.com,Consumer,5,Barcelona,28596,2022-03-12,Active
1385,Leo,Jones,leo.jones1385@mail.com,Consumer,6,Amsterdam,10628,2022-03-24,Active
1386,Oliver,Garcia,oliver.garcia1386@mail.com,Consumer,1,Dublin,D528,2022-05-04,Active
1387,Sergey,Jansen,sergey.jansen1387@mail.com,Consumer,5,Seville,28643,2022-08-19,Active
1388,Thomas,Davies,thomas.davies1388@mail.com,Consumer,7,Seattle,10915,2023-04-11,Inactive
1389,Ella,Garcia,ella.garcia1389@mail.com,Consumer,5,Madrid,28873,2023-04-25,Active
1390,Isabella,Schmidt,isabella.schmidt1390@mail.com,Consumer,3,Berlin,10280,2022-10-10,Inactive
1391,Anna,Brown,anna.brown1391@mail.com,Consumer,8,Vancouver,M892,2023-11-24,Inactive
1392,Julia,Garcia,julia.garcia1392@mail.com,Consumer,7,New York,10397,2024-08-14,Active
1393,Robert,Hall,robert.hall1393@mail.com,Consumer,4,Marseille,75367,2024-08-02,Active
1394,Sarah,Dubois,sarah.dubois1394@mail.com,Consumer,3,Berlin,10374,2024-10-07,Inactive
1395,Emma,Johnson,emma.johnson1395@mail.com,Consumer,6,Eindhoven,10326,2020-07-05,Active
1396,David,Johnson,david.johnson1396@mail.com,Corporate,4,Nice,75725,2021-03-27,Active
1397,Ella,Murphy,ella.murphy1397@mail.com,Small Business,1,Dublin,D899,2020-03-27,Active
1398,David,Clark,david.clark1398@mail.com,Consumer,7,Boston,10315,2020-09-16,Active
1399,Ethan,Walker,ethan.walker1399@mail.com,Small Business,4,Lyon,75397,2024-06-08,Active
1400,Emma,Bernard,emma.bernard1400@mail.com,Consumer,7,Chicago,10113,2022-06-02,Active
1401,David,Martinez,david.martinez1401@mail.com,Consumer,7,Seattle,10143,2021-02-23,Active
1402,Liam,Davies,liam.davies1402@mail.com,Consumer,2,London,SW932,2022-10-09,Inactive
1403,Lucas,Walker,lucas.walker1403@mail.com,Small Business,5,Madrid,28175,2023-01-10,Inactive
1404,Laura,Walker,laura.walker1404@mail.com,Consumer,1,Athlone,D911,2021-09-13,Inactive
1405,Emily,Hall,emily.hall1405@mail.com,Small Business,2,Leeds,SW624,2023-07-02,Active
1406,Isabella,Taylor,isabella.taylor1406@mail.com,Consumer,2,Bristol,SW582,2021-02-12,Inactive
1407,Oliver,Davies,oliver.davies1407@mail.com,Consumer,2,Leeds,SW391,2024-07-22,Active
1408,Mia,Thompson,mia.thompson1408@mail.com,Corporate,3,Cologne,10831,2024-05-31,Active
1409,Grace,Murphy,grace.murphy1409@mail.com,Small Business,3,Frankfurt,10478,2024-06-15,Inactive
1410,Sergey,Evans,sergey.evans1410@mail.com,Consumer,4,Paris,75197,2023-09-23,Active
1411,Mia,Jansen,mia.jansen1411@mail.com,Consumer,2,Leeds,SW731,2022-10-20,Inactive
1412,Thomas,Jansen,thomas.jansen1412@mail.com,Consumer,4,Toulouse,75358,2022-08-10,Inactive
1413,Emma,Walker,emma.walker1413@mail.com,Consumer,2,Bristol,SW713,2021-09-08,Inactive
1414,Jack,Anderson,jack.anderson1414@mail.com,Small Business,7,Seattle,10658,2022-05-06,Inactive
1415,Sergey,Davies,sergey.davies1415@mail.com,Consumer,2,Leeds,SW626,2023-08-11,Active
1416,Sophia,Anderson,sophia.anderson1416@mail.com,Consumer,8,Toronto,M265,2020-11-13,Active
1417,Isabella,Hall,isabella.hall1417@mail.com,Consumer,2,Leeds,SW607,2021-04-10,Active
1418,Amelia,Garcia,amelia.garcia1418@mail.com,Small Business,5,Bilbao,28528,2021-07-26,Inactive
1419,James,Bernard,james.bernard1419@mail.com,Consumer,1,Galway,D635,2023-04-20,Active
1420,Olivia,Jansen,olivia.jansen1420@mail.com,Consumer,5,Bilbao,28801,2021-11-10,Active
1421,Michael,Müller,michael.müller1421@mail.com,Consumer,7,Seattle,10573,2025-10-28,Active
1422,Natalie,Thompson,natalie.thompson1422@mail.com,Consumer,8,Calgary,M110,2021-07-08,Active
1423,Lucas,Garcia,lucas.garcia1423@mail.com,Corporate,3,Berlin,10419,2020-10-01,Active
1424,James,Lopez,james.lopez1424@mail.com,Consumer,2,London,SW739,2025-02-21,Inactive
1425,Oliver,Müller,oliver.müller1425@mail.com,Consumer,5,Madrid,28297,2022-07-14,Active
1426,Natalie,Hall,natalie.hall1426@mail.com,Consumer,2,Birmingham,SW476,2024-10-11,Inactive
1427,Ella,Lopez,ella.lopez1427@mail.com,Consumer,8,Vancouver,M205,2022-04-09,Active
1428,Jack,Jansen,jack.jansen1428@mail.com,Consumer,2,Bristol,SW701,2021-02-23,Inactive
1429,David,Hall,david.hall1429@mail.com,Corporate,3,Cologne,10784,2023-02-09,Inactive
1430,Liam,White,liam.white1430@mail.com,Corporate,2,London,SW922,2022-08-07,Active
1431,Mia,Hall,mia.hall1431@mail.com,Consumer,1,Dublin,D240,2020-01-02,Inactive
1432,Mia,Schmidt,mia.schmidt1432@mail.com,Consumer,3,Berlin,10346,2023-05-24,Inactive
1433,Ava,Anderson,ava.anderson1433@mail.com,Consumer,3,Cologne,10424,2025-04-27,Active
1434,Thomas,Taylor,thomas.taylor1434@mail.com,Corporate,7,Austin,10828,2021-11-11,Active
1435,Ella,Dubois,ella.dubois1435@mail.com,Consumer,7,Austin,10801,2025-06-30,Active
1436,Sophia,Johnson,sophia.johnson1436@mail.com,Consumer,4,Marseille,75975,2023-11-27,Inactive
1437,Olivia,Thompson,olivia.thompson1437@mail.com,Consumer,7,Boston,10997,2024-10-03,Active
1438,Ethan,King,ethan.king1438@mail.com,Consumer,3,Hamburg,10638,2020-02-13,Active
1439,Leo,Schmidt,leo.schmidt1439@mail.com,Small Business,1,Galway,D614,2021-01-20,Active
1440,Noah,Johnson,noah.johnson1440@mail.com,Consumer,5,Seville,28144,2023-01-31,Active
1441,Noah,Jansen,noah.jansen1441@mail.com,Small Business,2,Leeds,SW722,2020-05-04,Inactive
1442,Mia,Thompson,mia.thompson1442@mail.com,Consumer,4,Paris,75727,2021-03-01,Active
1443,Ethan,Hall,ethan.hall1443@mail.com,Consumer,6,Amsterdam,10157,2021-06-23,Inactive
1444,Noah,Schmidt,noah.schmidt1444@mail.com,Small Business,5,Valencia,28973,2021-02-03,Active
1445,Laura,Murphy,laura.murphy1445@mail.com,Small Business,5,Valencia,28826,2023-09-24,Active
1446,Grace,Thompson,grace.thompson1446@mail.com,Consumer,7,Seattle,10526,2024-02-09,Active
1447,Thomas,Clark,thomas.clark1447@mail.com,Consumer,1,Galway,D185,2025-08-16,Active
1448,Jack,De Vries,jack.de vries1448@mail.com,Consumer,3,Frankfurt,10277,2022-03-24,Active
1449,Ella,Müller,ella.müller1449@mail.com,Consumer,2,Bristol,SW956,2021-04-27,Active
1450,Isabella,Smith,isabella.smith1450@mail.com,Small Business,4,Lyon,75847,2021-04-21,Active
1451,Grace,Johnson,grace.johnson1451@mail.com,Small Business,2,London,SW322,2020-03-23,Active
1452,Robert,Thompson,robert.thompson1452@mail.com,Consumer,4,Lyon,75865,2022-10-07,Active
1453,Ava,Anderson,ava.anderson1453@mail.com,Consumer,2,Manchester,SW678,2023-03-21,Active
1454,Thomas,Taylor,thomas.taylor1454@mail.com,Small Business,3,Munich,10402,2023-01-22,Active
1455,Jack,Smith,jack.smith1455@mail.com,Consumer,6,Utrecht,10457,2025-06-29,Inactive
1456,Anna,Walker,anna.walker1456@mail.com,Consumer,7,Boston,10494,2021-11-29,Active
1457,Daniel,Anderson,daniel.anderson1457@mail.com,Consumer,4,Marseille,75312,2024-11-12,Active
1458,Amelia,Lopez,amelia.lopez1458@mail.com,Consumer,6,Rotterdam,10364,2023-01-06,Active
1459,Noah,King,noah.king1459@mail.com,Consumer,4,Lyon,75586,2021-04-17,Active
1460,Emma,Müller,emma.müller1460@mail.com,Consumer,4,Paris,75430,2024-03-27,Active
1461,Julia,Young,julia.young1461@mail.com,Consumer,5,Seville,28442,2020-02-02,Active
1462,James,Williams,james.williams1462@mail.com,Consumer,5,Seville,28659,2024-01-06,Active
1463,Isabella,White,isabella.white1463@mail.com,Consumer,6,Eindhoven,10848,2025-02-12,Inactive
1464,Henry,Wilson,henry.wilson1464@mail.com,Consumer,4,Toulouse,75794,2024-03-08,Inactive
1465,Natalie,Young,natalie.young1465@mail.com,Small Business,2,Bristol,SW210,2022-08-17,Inactive
1466,Jack,Jansen,jack.jansen1466@mail.com,Consumer,3,Munich,10624,2024-06-29,Active
1467,Robert,De Vries,robert.de vries1467@mail.com,Consumer,8,Ottawa,M869,2025-11-16,Active
1468,Emma,White,emma.white1468@mail.com,Corporate,1,Galway,D911,2020-08-08,Active
1469,Isabella,Martin,isabella.martin1469@mail.com,Consumer,7,Chicago,10305,2021-11-08,Active
1470,Oliver,Williams,oliver.williams1470@mail.com,Small Business,2,Leeds,SW192,2022-08-25,Active
1471,Ella,Hall,ella.hall1471@mail.com,Consumer,1,Cork,D452,2024-03-12,Active
1472,Anna,Martin,anna.martin1472@mail.com,Small Business,4,Toulouse,75951,2022-05-20,Inactive
1473,David,King,david.king1473@mail.com,Consumer,6,Utrecht,10881,2021-01-27,Active
1474,Emma,Young,emma.young1474@mail.com,Small Business,3,Frankfurt,10711,2023-03-05,Inactive
1475,Olivia,Garcia,olivia.garcia1475@mail.com,Consumer,4,Nice,75282,2020-04-20,Active
1476,Emma,Martinez,emma.martinez1476@mail.com,Consumer,3,Frankfurt,10179,2020-01-07,Active
1477,Daniel,Kelly,daniel.kelly1477@mail.com,Consumer,1,Dublin,D447,2022-05-15,Inactive
1478,Sophia,Jones,sophia.jones1478@mail.com,Consumer,5,Seville,28135,2023-03-13,Active
1479,Sophia,Williams,sophia.williams1479@mail.com,Consumer,8,Ottawa,M954,2021-10-31,Active
1480,Oliver,Müller,oliver.müller1480@mail.com,Consumer,4,Toulouse,75922,2021-02-19,Active
1481,Lucas,Jansen,lucas.jansen1481@mail.com,Consumer,2,Leeds,SW111,2025-09-07,Inactive
1482,Anna,Martin,anna.martin1482@mail.com,Small Business,5,Valencia,28535,2024-09-26,Active
1483,James,De Vries,james.de vries1483@mail.com,Consumer,6,Eindhoven,10829,2025-01-18,Active
1484,Olivia,Brown,olivia.brown1484@mail.com,Corporate,7,Boston,10877,2022-01-02,Inactive
1485,Oliver,Jones,oliver.jones1485@mail.com,Consumer,7,Boston,10364,2020-01-29,Active
1486,Emily,Thompson,emily.thompson1486@mail.com,Consumer,4,Toulouse,75388,2025-02-06,Active
1487,Mia,Dubois,mia.dubois1487@mail.com,Consumer,1,Athlone,D802,2024-02-12,Active
1488,Emma,Miller,emma.miller1488@mail.com,Small Business,2,London,SW655,2023-04-28,Active
1489,Olivia,Bernard,olivia.bernard1489@mail.com,Consumer,2,Birmingham,SW751,2020-03-12,Active
1490,Olivia,Thompson,olivia.thompson1490@mail.com,Consumer,5,Seville,28354,2020-05-29,Active
1491,James,Jones,james.jones1491@mail.com,Consumer,1,Limerick,D381,2021-08-15,Active
1492,Michael,De Vries,michael.de vries1492@mail.com,Small Business,8,Ottawa,M682,2022-09-26,Inactive
1493,Emma,Müller,emma.müller1493@mail.com,Consumer,1,Dublin,D491,2020-06-05,Active
1494,Sergey,Thompson,sergey.thompson1494@mail.com,Consumer,3,Berlin,10288,2023-05-21,Active
1495,Laura,Young,laura.young1495@mail.com,Small Business,6,Eindhoven,10219,2020-11-20,Active
1496,Leo,De Vries,leo.de vries1496@mail.com,Consumer,4,Lyon,75810,2025-10-06,Active
1497,Mia,Taylor,mia.taylor1497@mail.com,Consumer,3,Munich,10383,2024-11-24,Active
1498,Natalie,Williams,natalie.williams1498@mail.com,Consumer,5,Seville,28312,2023-03-13,Active
1499,Anna,Jones,anna.jones1499@mail.com,Consumer,7,Boston,10909,2023-01-30,Active
1500,Henry,Murphy,henry.murphy1500@mail.com,Consumer,1,Athlone,D394,2023-08-22,Inactive
1501,Sergey,De Vries,sergey.de vries1501@mail.com,Consumer,5,Seville,28671,2023-09-08,Active
1502,Emma,Müller,emma.müller1502@mail.com,Consumer,3,Frankfurt,10315,2024-12-25,Active
1503,Jack,Martin,jack.martin1503@mail.com,Consumer,5,Bilbao,28180,2020-05-12,Inactive
1504,Olivia,Smith,olivia.smith1504@mail.com,Small Business,4,Nice,75478,2022-04-30,Active
1505,Emma,Dubois,emma.dubois1505@mail.com,Consumer,2,Bristol,SW698,2025-03-29,Active
1506,Grace,Bernard,grace.bernard1506@mail.com,Corporate,5,Madrid,28869,2024-08-28,Active
1507,Mia,Davies,mia.davies1507@mail.com,Corporate,4,Lyon,75487,2024-03-17,Active
1508,Daniel,Taylor,daniel.taylor1508@mail.com,Consumer,1,Cork,D985,2021-03-29,Active
1509,Laura,Martin,laura.martin1509@mail.com,Consumer,6,Rotterdam,10528,2024-07-31,Active
1510,Olivia,Johnson,olivia.johnson1510@mail.com,Consumer,2,Birmingham,SW614,2021-03-08,Inactive
1511,Ava,Garcia,ava.garcia1511@mail.com,Consumer,2,Leeds,SW260,2025-03-15,Active
1512,Liam,Lopez,liam.lopez1512@mail.com,Small Business,3,Munich,10799,2023-09-30,Active
1513,Sergey,Bernard,sergey.bernard1513@mail.com,Consumer,3,Berlin,10733,2024-09-09,Active
1514,Emily,Martinez,emily.martinez1514@mail.com,Consumer,1,Limerick,D123,2020-11-25,Active
1515,Ethan,Jansen,ethan.jansen1515@mail.com,Consumer,5,Valencia,28123,2025-04-16,Inactive
1516,Julia,Taylor,julia.taylor1516@mail.com,Consumer,4,Lyon,75279,2021-10-23,Inactive
1517,Natalie,Taylor,natalie.taylor1517@mail.com,Consumer,8,Toronto,M131,2023-08-14,Active
1518,Isabella,Davies,isabella.davies1518@mail.com,Corporate,4,Lyon,75572,2024-12-22,Active
1519,Thomas,Schmidt,thomas.schmidt1519@mail.com,Consumer,7,New York,10107,2021-10-14,Active
1520,Sophia,Hall,sophia.hall1520@mail.com,Corporate,6,Eindhoven,10172,2025-10-29,Inactive
1521,Robert,Anderson,robert.anderson1521@mail.com,Consumer,8,Ottawa,M762,2021-05-10,Active
1522,Thomas,Thompson,thomas.thompson1522@mail.com,Consumer,3,Frankfurt,10948,2020-09-01,Active
1523,Michael,King,michael.king1523@mail.com,Consumer,3,Frankfurt,10538,2025-09-26,Active
1524,Julia,Wilson,julia.wilson1524@mail.com,Small Business,1,Galway,D522,2021-04-02,Active
1525,Henry,White,henry.white1525@mail.com,Consumer,1,Dublin,D437,2025-05-30,Active
1526,Michael,Garcia,michael.garcia1526@mail.com,Small Business,3,Hamburg,10402,2022-09-29,Inactive
1527,Isabella,Anderson,isabella.anderson1527@mail.com,Consumer,3,Cologne,10136,2022-11-22,Active
1528,Leo,Murphy,leo.murphy1528@mail.com,Small Business,1,Athlone,D471,2022-06-24,Active
1529,Michael,Williams,michael.williams1529@mail.com,Consumer,2,Leeds,SW789,2023-06-02,Active
1530,Sarah,Anderson,sarah.anderson1530@mail.com,Consumer,1,Galway,D979,2021-06-10,Inactive
1531,Henry,Murphy,henry.murphy1531@mail.com,Consumer,2,Manchester,SW698,2022-05-16,Active
1532,Laura,Martinez,laura.martinez1532@mail.com,Consumer,2,Bristol,SW274,2025-10-17,Active
1533,Grace,Hall,grace.hall1533@mail.com,Consumer,5,Valencia,28487,2025-08-14,Inactive
1534,Julia,Martinez,julia.martinez1534@mail.com,Consumer,5,Seville,28114,2025-05-28,Active
1535,Leo,Taylor,leo.taylor1535@mail.com,Consumer,3,Cologne,10896,2022-07-07,Active
1536,Olivia,Garcia,olivia.garcia1536@mail.com,Consumer,5,Madrid,28960,2025-02-24,Active
1537,Olivia,Miller,olivia.miller1537@mail.com,Consumer,6,Amsterdam,10437,2020-05-14,Active
1538,Ella,Hall,ella.hall1538@mail.com,Corporate,2,London,SW557,2020-11-21,Active
1539,Sarah,Thompson,sarah.thompson1539@mail.com,Consumer,2,Manchester,SW333,2022-01-18,Inactive
1540,Emily,Wilson,emily.wilson1540@mail.com,Consumer,2,Manchester,SW850,2023-02-10,Active
1541,Lucas,Martinez,lucas.martinez1541@mail.com,Consumer,7,Chicago,10349,2023-05-25,Inactive
1542,Ella,Young,ella.young1542@mail.com,Consumer,4,Paris,75301,2020-07-28,Inactive
1543,Oliver,Garcia,oliver.garcia1543@mail.com,Consumer,1,Athlone,D320,2022-03-19,Inactive
1544,Liam,Jansen,liam.jansen1544@mail.com,Small Business,2,London,SW837,2024-10-26,Inactive
1545,Daniel,Jansen,daniel.jansen1545@mail.com,Corporate,7,Austin,10872,2025-02-11,Inactive
1546,Mia,Johnson,mia.johnson1546@mail.com,Consumer,5,Seville,28626,2021-12-24,Active
1547,Leo,Wilson,leo.wilson1547@mail.com,Consumer,8,Montreal,M794,2025-12-19,Active
1548,James,Clark,james.clark1548@mail.com,Consumer,5,Valencia,28621,2022-01-16,Inactive
1549,Ethan,Smith,ethan.smith1549@mail.com,Consumer,4,Paris,75982,2024-11-04,Inactive
1550,Anna,Lopez,anna.lopez1550@mail.com,Consumer,3,Berlin,10881,2022-01-18,Active
1551,Amelia,Evans,amelia.evans1551@mail.com,Small Business,2,Leeds,SW205,2023-08-03,Active
1552,Daniel,Jansen,daniel.jansen1552@mail.com,Consumer,8,Vancouver,M884,2021-09-25,Inactive
1553,Julia,Williams,julia.williams1553@mail.com,Consumer,7,Boston,10585,2021-10-05,Inactive
1554,Jack,Davies,jack.davies1554@mail.com,Consumer,7,Austin,10479,2022-12-12,Active
1555,Laura,Müller,laura.müller1555@mail.com,Consumer,2,Leeds,SW676,2023-07-15,Inactive
1556,Liam,Clark,liam.clark1556@mail.com,Consumer,6,Eindhoven,10462,2024-07-13,Active
1557,David,Wilson,david.wilson1557@mail.com,Small Business,8,Vancouver,M313,2020-03-20,Active
1558,Olivia,Murphy,olivia.murphy1558@mail.com,Consumer,2,Leeds,SW433,2023-08-11,Active
1559,Emily,Martinez,emily.martinez1559@mail.com,Small Business,7,New York,10176,2024-12-07,Active
1560,Laura,Garcia,laura.garcia1560@mail.com,Corporate,2,London,SW899,2025-04-08,Inactive
1561,Natalie,Anderson,natalie.anderson1561@mail.com,Consumer,6,The Hague,10700,2025-06-17,Inactive
1562,Noah,Johnson,noah.johnson1562@mail.com,Consumer,1,Galway,D548,2023-11-04,Active
1563,Lucas,Young,lucas.young1563@mail.com,Consumer,1,Limerick,D944,2020-10-30,Active
1564,Grace,Evans,grace.evans1564@mail.com,Consumer,7,Seattle,10351,2022-03-30,Active
1565,David,Miller,david.miller1565@mail.com,Consumer,4,Marseille,75806,2022-12-03,Active
1566,David,Smith,david.smith1566@mail.com,Corporate,1,Galway,D891,2023-07-09,Inactive
1567,Daniel,Williams,daniel.williams1567@mail.com,Consumer,6,Eindhoven,10470,2023-08-08,Active
1568,Michael,Wilson,michael.wilson1568@mail.com,Consumer,2,London,SW243,2022-11-11,Active
1569,Sophia,Martin,sophia.martin1569@mail.com,Small Business,5,Bilbao,28161,2025-06-15,Active
1570,Sophia,Kelly,sophia.kelly1570@mail.com,Small Business,1,Galway,D909,2025-08-27,Inactive
1571,Emma,Johnson,emma.johnson1571@mail.com,Small Business,2,Bristol,SW194,2020-10-01,Active
1572,Sarah,Martinez,sarah.martinez1572@mail.com,Consumer,4,Toulouse,75724,2020-12-25,Active
1573,David,Miller,david.miller1573@mail.com,Small Business,6,Eindhoven,10562,2024-10-31,Active
1574,Oliver,Williams,oliver.williams1574@mail.com,Consumer,5,Seville,28121,2023-10-23,Inactive
1575,Liam,De Vries,liam.de vries1575@mail.com,Consumer,4,Lyon,75430,2024-05-16,Inactive
1576,Julia,Davies,julia.davies1576@mail.com,Consumer,1,Cork,D888,2023-08-30,Active
1577,Michael,Hall,michael.hall1577@mail.com,Consumer,7,Chicago,10311,2021-09-17,Active
1578,Liam,Lopez,liam.lopez1578@mail.com,Small Business,2,Bristol,SW456,2020-06-10,Active
1579,Emma,King,emma.king1579@mail.com,Consumer,3,Munich,10410,2022-07-31,Active
1580,Jack,Davies,jack.davies1580@mail.com,Small Business,3,Berlin,10240,2022-06-08,Inactive
1581,Ava,Murphy,ava.murphy1581@mail.com,Small Business,1,Cork,D489,2024-12-23,Active
1582,Ava,Taylor,ava.taylor1582@mail.com,Small Business,3,Cologne,10934,2022-04-22,Active
1583,Ethan,Martinez,ethan.martinez1583@mail.com,Consumer,1,Cork,D223,2025-10-16,Inactive
1584,Olivia,Thompson,olivia.thompson1584@mail.com,Consumer,6,Rotterdam,10192,2023-07-21,Active
1585,Amelia,Brown,amelia.brown1585@mail.com,Consumer,4,Toulouse,75922,2025-02-14,Inactive
1586,Julia,Brown,julia.brown1586@mail.com,Consumer,3,Hamburg,10956,2023-12-23,Active
1587,Julia,Johnson,julia.johnson1587@mail.com,Consumer,3,Berlin,10766,2023-05-16,Inactive
1588,Liam,Wilson,liam.wilson1588@mail.com,Consumer,7,Chicago,10281,2023-08-17,Active
1589,Lucas,Jones,lucas.jones1589@mail.com,Small Business,1,Dublin,D710,2025-04-08,Active
1590,Anna,Evans,anna.evans1590@mail.com,Consumer,7,Chicago,10529,2024-03-02,Active
1591,Amelia,Jones,amelia.jones1591@mail.com,Consumer,2,London,SW905,2022-01-13,Active
1592,Daniel,Evans,daniel.evans1592@mail.com,Consumer,1,Galway,D736,2024-07-11,Active
1593,Liam,Schmidt,liam.schmidt1593@mail.com,Small Business,1,Dublin,D852,2020-04-26,Active
1594,Noah,Lopez,noah.lopez1594@mail.com,Small Business,7,Boston,10273,2024-03-24,Active
1595,Olivia,Young,olivia.young1595@mail.com,Consumer,1,Dublin,D215,2022-07-01,Inactive
1596,Sophia,Hall,sophia.hall1596@mail.com,Consumer,4,Nice,75928,2024-12-08,Active
1597,Mia,Young,mia.young1597@mail.com,Consumer,2,Bristol,SW474,2022-11-18,Active
1598,Laura,Walker,laura.walker1598@mail.com,Consumer,4,Nice,75232,2022-03-14,Active
1599,Oliver,Thompson,oliver.thompson1599@mail.com,Consumer,2,Birmingham,SW729,2021-01-23,Active
1600,Jack,Williams,jack.williams1600@mail.com,Consumer,2,Leeds,SW784,2023-05-18,Active
1601,Lucas,Schmidt,lucas.schmidt1601@mail.com,Consumer,6,Rotterdam,10693,2024-09-24,Active
1602,Sarah,Martin,sarah.martin1602@mail.com,Small Business,6,Rotterdam,10114,2020-07-15,Active
1603,Thomas,White,thomas.white1603@mail.com,Consumer,5,Valencia,28111,2022-09-01,Inactive
1604,Olivia,Taylor,olivia.taylor1604@mail.com,Consumer,4,Lyon,75564,2024-07-19,Active
1605,James,Thompson,james.thompson1605@mail.com,Consumer,4,Nice,75445,2023-02-18,Active
1606,Ethan,Wilson,ethan.wilson1606@mail.com,Small Business,8,Calgary,M890,2023-10-28,Inactive
1607,Anna,Hall,anna.hall1607@mail.com,Small Business,5,Valencia,28164,2023-11-03,Active
1608,Liam,Lopez,liam.lopez1608@mail.com,Consumer,3,Frankfurt,10949,2021-06-01,Active
1609,Michael,Evans,michael.evans1609@mail.com,Small Business,1,Galway,D563,2021-06-01,Inactive
1610,Oliver,Hall,oliver.hall1610@mail.com,Consumer,4,Nice,75299,2025-08-29,Active
1611,Henry,Clark,henry.clark1611@mail.com,Consumer,7,Austin,10638,2020-03-09,Active
1612,Amelia,Martinez,amelia.martinez1612@mail.com,Small Business,4,Marseille,75652,2020-07-11,Active
1613,Amelia,Williams,amelia.williams1613@mail.com,Consumer,6,Rotterdam,10750,2024-03-13,Active
1614,David,Anderson,david.anderson1614@mail.com,Consumer,7,Boston,10534,2021-09-14,Active
1615,Ava,Evans,ava.evans1615@mail.com,Small Business,2,Leeds,SW587,2024-05-15,Inactive
1616,Laura,Evans,laura.evans1616@mail.com,Consumer,3,Cologne,10784,2020-01-02,Active
1617,Laura,De Vries,laura.de vries1617@mail.com,Consumer,2,Leeds,SW243,2020-09-30,Active
1618,Ethan,Clark,ethan.clark1618@mail.com,Consumer,4,Lyon,75761,2022-09-20,Inactive
1619,Daniel,Davies,daniel.davies1619@mail.com,Consumer,3,Hamburg,10243,2023-12-06,Inactive
1620,Laura,Jansen,laura.jansen1620@mail.com,Consumer,1,Cork,D788,2021-09-13,Active
1621,Liam,Johnson,liam.johnson1621@mail.com,Consumer,6,The Hague,10205,2021-04-25,Inactive
1622,Isabella,Evans,isabella.evans1622@mail.com,Consumer,2,Bristol,SW565,2021-05-26,Active
1623,David,King,david.king1623@mail.com,Small Business,1,Dublin,D490,2023-10-30,Active
1624,Isabella,Bernard,isabella.bernard1624@mail.com,Small Business,1,Limerick,D876,2021-11-20,Active
1625,James,Smith,james.smith1625@mail.com,Consumer,2,Leeds,SW956,2024-01-25,Inactive
1626,Sergey,Brown,sergey.brown1626@mail.com,Small Business,3,Hamburg,10357,2023-02-21,Active
1627,Thomas,Wilson,thomas.wilson1627@mail.com,Consumer,3,Berlin,10830,2023-12-31,Inactive
1628,Mia,Davies,mia.davies1628@mail.com,Consumer,2,London,SW899,2024-11-11,Inactive
1629,Thomas,Jansen,thomas.jansen1629@mail.com,Consumer,4,Toulouse,75143,2024-03-19,Active
1630,Sarah,Johnson,sarah.johnson1630@mail.com,Consumer,5,Madrid,28882,2021-02-07,Active
1631,Anna,Anderson,anna.anderson1631@mail.com,Small Business,3,Berlin,10455,2024-09-23,Inactive
1632,Grace,Hall,grace.hall1632@mail.com,Consumer,7,Seattle,10932,2025-11-11,Inactive
1633,Liam,Taylor,liam.taylor1633@mail.com,Consumer,5,Valencia,28201,2022-01-10,Active
1634,Sarah,Murphy,sarah.murphy1634@mail.com,Small Business,8,Montreal,M467,2025-02-13,Active
1635,Henry,Wilson,henry.wilson1635@mail.com,Small Business,3,Hamburg,10569,2024-12-31,Active
1636,Ethan,Taylor,ethan.taylor1636@mail.com,Small Business,6,Utrecht,10899,2023-08-11,Active
1637,Julia,Smith,julia.smith1637@mail.com,Consumer,7,Boston,10857,2023-09-29,Active
1638,Leo,Brown,leo.brown1638@mail.com,Consumer,2,Birmingham,SW736,2021-01-05,Inactive
1639,David,Martin,david.martin1639@mail.com,Consumer,5,Seville,28459,2022-04-08,Active
1640,Robert,Müller,robert.müller1640@mail.com,Corporate,7,Austin,10116,2021-10-14,Active
1641,Leo,King,leo.king1641@mail.com,Consumer,2,Bristol,SW403,2025-09-04,Active
1642,Michael,Smith,michael.smith1642@mail.com,Consumer,3,Cologne,10997,2022-03-24,Inactive
1643,Lucas,Anderson,lucas.anderson1643@mail.com,Consumer,7,Seattle,10236,2023-10-25,Inactive
1644,Laura,Walker,laura.walker1644@mail.com,Consumer,1,Dublin,D431,2023-04-18,Active
1645,Noah,Davies,noah.davies1645@mail.com,Consumer,3,Hamburg,10126,2021-09-26,Inactive
1646,Michael,Davies,michael.davies1646@mail.com,Small Business,2,Leeds,SW763,2022-10-01,Active
1647,Leo,Davies,leo.davies1647@mail.com,Small Business,1,Limerick,D958,2020-03-26,Inactive
1648,Ella,Jansen,ella.jansen1648@mail.com,Consumer,3,Cologne,10694,2022-02-26,Inactive
1649,Robert,Young,robert.young1649@mail.com,Small Business,5,Valencia,28922,2024-05-04,Active
1650,Olivia,Young,olivia.young1650@mail.com,Consumer,3,Hamburg,10178,2022-08-19,Active
1651,Thomas,Anderson,thomas.anderson1651@mail.com,Small Business,3,Cologne,10231,2022-10-08,Active
1652,Sarah,Martinez,sarah.martinez1652@mail.com,Consumer,8,Toronto,M926,2025-05-02,Active
1653,Michael,Anderson,michael.anderson1653@mail.com,Consumer,6,The Hague,10956,2022-07-06,Active
1654,Isabella,Garcia,isabella.garcia1654@mail.com,Consumer,4,Lyon,75122,2024-11-21,Inactive
1655,Noah,Young,noah.young1655@mail.com,Consumer,4,Lyon,75165,2023-11-24,Active
1656,Laura,Wilson,laura.wilson1656@mail.com,Corporate,1,Dublin,D830,2022-10-29,Inactive
1657,David,Jones,david.jones1657@mail.com,Consumer,3,Frankfurt,10417,2024-06-11,Active
1658,Grace,White,grace.white1658@mail.com,Corporate,3,Munich,10884,2025-09-11,Active
1659,Emily,Kelly,emily.kelly1659@mail.com,Consumer,7,New York,10728,2024-01-07,Active
1660,Laura,Williams,laura.williams1660@mail.com,Consumer,4,Nice,75892,2022-03-08,Active
1661,Liam,Johnson,liam.johnson1661@mail.com,Small Business,7,Austin,10191,2025-07-20,Active
1662,Grace,Anderson,grace.anderson1662@mail.com,Small Business,8,Calgary,M813,2024-05-05,Inactive
1663,Emma,Williams,emma.williams1663@mail.com,Consumer,1,Cork,D824,2021-01-27,Inactive
1664,Mia,Smith,mia.smith1664@mail.com,Consumer,7,Chicago,10332,2022-01-25,Active
1665,Sergey,Smith,sergey.smith1665@mail.com,Consumer,8,Toronto,M636,2023-10-23,Active
1666,Emily,Kelly,emily.kelly1666@mail.com,Consumer,1,Dublin,D272,2020-08-30,Active
1667,Amelia,Murphy,amelia.murphy1667@mail.com,Consumer,8,Montreal,M128,2020-01-20,Active
1668,Ethan,Taylor,ethan.taylor1668@mail.com,Consumer,7,Chicago,10453,2025-08-02,Active
1669,Natalie,Jones,natalie.jones1669@mail.com,Consumer,7,Seattle,10823,2024-03-12,Active
1670,Thomas,Walker,thomas.walker1670@mail.com,Consumer,4,Paris,75650,2024-12-28,Active
1671,Leo,King,leo.king1671@mail.com,Consumer,7,Chicago,10704,2023-04-08,Active
1672,Mia,Taylor,mia.taylor1672@mail.com,Corporate,7,Austin,10565,2021-09-27,Inactive
1673,James,Miller,james.miller1673@mail.com,Consumer,7,Austin,10244,2020-09-25,Active
1674,Mia,Taylor,mia.taylor1674@mail.com,Consumer,8,Toronto,M591,2024-07-13,Active
1675,Oliver,Miller,oliver.miller1675@mail.com,Small Business,7,Boston,10688,2023-08-05,Inactive
1676,Sergey,Taylor,sergey.taylor1676@mail.com,Consumer,6,Eindhoven,10881,2023-03-03,Active
1677,Sergey,Bernard,sergey.bernard1677@mail.com,Consumer,2,London,SW602,2024-07-13,Active
1678,Emma,Lopez,emma.lopez1678@mail.com,Consumer,4,Marseille,75609,2025-06-05,Active
1679,Michael,Kelly,michael.kelly1679@mail.com,Small Business,7,Chicago,10191,2025-11-30,Active
1680,Laura,Young,laura.young1680@mail.com,Consumer,7,New York,10647,2021-12-11,Active
1681,Leo,Martin,leo.martin1681@mail.com,Consumer,1,Athlone,D153,2022-02-10,Inactive
1682,Amelia,Hall,amelia.hall1682@mail.com,Consumer,6,Amsterdam,10319,2021-12-31,Active
1683,Ethan,Young,ethan.young1683@mail.com,Consumer,3,Berlin,10831,2022-06-26,Active
1684,Grace,Johnson,grace.johnson1684@mail.com,Consumer,4,Toulouse,75310,2020-03-04,Active
1685,Liam,Young,liam.young1685@mail.com,Consumer,8,Montreal,M281,2022-09-11,Inactive
1686,Olivia,King,olivia.king1686@mail.com,Consumer,7,Chicago,10713,2024-07-04,Active
1687,Jack,Young,jack.young1687@mail.com,Consumer,5,Valencia,28309,2024-09-27,Active
1688,Liam,Bernard,liam.bernard1688@mail.com,Consumer,3,Munich,10936,2024-08-21,Inactive
1689,Liam,Johnson,liam.johnson1689@mail.com,Consumer,2,Leeds,SW231,2024-06-07,Active
1690,James,Brown,james.brown1690@mail.com,Small Business,1,Limerick,D168,2021-10-12,Active
1691,Ethan,Thompson,ethan.thompson1691@mail.com,Corporate,4,Toulouse,75391,2022-11-16,Active
1692,Grace,Wilson,grace.wilson1692@mail.com,Small Business,2,Leeds,SW942,2021-03-20,Active
1693,Ella,Hall,ella.hall1693@mail.com,Consumer,8,Ottawa,M136,2025-08-01,Inactive
1694,James,Davies,james.davies1694@mail.com,Small Business,4,Lyon,75185,2020-06-04,Active
1695,Emily,Müller,emily.müller1695@mail.com,Small Business,2,Leeds,SW711,2024-11-29,Active
1696,Amelia,Clark,amelia.clark1696@mail.com,Small Business,5,Valencia,28144,2022-02-13,Active
1697,Emma,Hall,emma.hall1697@mail.com,Corporate,8,Montreal,M573,2022-10-24,Active
1698,Noah,Martin,noah.martin1698@mail.com,Consumer,7,Austin,10617,2024-04-05,Active
1699,Sergey,Taylor,sergey.taylor1699@mail.com,Consumer,2,Leeds,SW125,2023-10-07,Inactive
1700,Henry,De Vries,henry.de vries1700@mail.com,Consumer,1,Cork,D246,2025-12-04,Active
1701,Anna,Smith,anna.smith1701@mail.com,Consumer,1,Dublin,D733,2024-08-06,Active
1702,Emma,Müller,emma.müller1702@mail.com,Consumer,6,Amsterdam,10800,2020-06-06,Active
1703,Liam,Jansen,liam.jansen1703@mail.com,Small Business,1,Athlone,D222,2020-08-27,Active
1704,Noah,Jansen,noah.jansen1704@mail.com,Consumer,6,Eindhoven,10685,2020-10-29,Inactive
1705,Emily,Martin,emily.martin1705@mail.com,Small Business,2,Manchester,SW799,2025-01-15,Inactive
1706,Olivia,Johnson,olivia.johnson1706@mail.com,Consumer,5,Barcelona,28565,2025-02-06,Active
1707,Leo,Johnson,leo.johnson1707@mail.com,Corporate,2,Leeds,SW363,2021-12-15,Active
1708,Liam,Bernard,liam.bernard1708@mail.com,Consumer,3,Frankfurt,10520,2023-05-13,Active
1709,Lucas,Walker,lucas.walker1709@mail.com,Consumer,8,Calgary,M531,2023-12-16,Inactive
1710,Isabella,Dubois,isabella.dubois1710@mail.com,Consumer,4,Marseille,75433,2024-05-10,Inactive
1711,Amelia,Taylor,amelia.taylor1711@mail.com,Consumer,1,Cork,D682,2022-10-04,Active
1712,Laura,Miller,laura.miller1712@mail.com,Small Business,8,Ottawa,M983,2024-01-28,Inactive
1713,Leo,Taylor,leo.taylor1713@mail.com,Consumer,3,Berlin,10655,2024-05-28,Inactive
1714,Thomas,Clark,thomas.clark1714@mail.com,Consumer,2,Manchester,SW445,2024-08-15,Active
1715,Natalie,Martinez,natalie.martinez1715@mail.com,Consumer,5,Seville,28124,2024-11-03,Active
1716,Anna,Williams,anna.williams1716@mail.com,Corporate,3,Cologne,10887,2023-01-24,Active
1717,Grace,White,grace.white1717@mail.com,Consumer,5,Valencia,28579,2022-03-21,Active
1718,Lucas,Clark,lucas.clark1718@mail.com,Consumer,7,Boston,10643,2025-06-16,Active
1719,Sarah,Smith,sarah.smith1719@mail.com,Consumer,5,Madrid,28439,2020-12-17,Active
1720,Robert,Müller,robert.müller1720@mail.com,Small Business,2,Manchester,SW414,2022-04-11,Active
1721,Natalie,Schmidt,natalie.schmidt1721@mail.com,Consumer,3,Munich,10396,2025-01-03,Active
1722,Ella,Williams,ella.williams1722@mail.com,Consumer,1,Dublin,D645,2021-09-14,Inactive
1723,Ella,Johnson,ella.johnson1723@mail.com,Consumer,1,Galway,D806,2025-04-07,Active
1724,Anna,Jones,anna.jones1724@mail.com,Consumer,8,Toronto,M238,2024-12-27,Inactive
1725,Mia,Williams,mia.williams1725@mail.com,Consumer,4,Marseille,75551,2020-03-22,Active
1726,Liam,Garcia,liam.garcia1726@mail.com,Small Business,3,Berlin,10478,2023-11-09,Active
1727,Emily,Evans,emily.evans1727@mail.com,Small Business,2,London,SW909,2024-05-31,Active
1728,Emma,Evans,emma.evans1728@mail.com,Consumer,8,Calgary,M116,2020-12-06,Inactive
1729,Olivia,Hall,olivia.hall1729@mail.com,Consumer,8,Montreal,M632,2022-11-01,Active
1730,Robert,Williams,robert.williams1730@mail.com,Consumer,4,Marseille,75369,2020-08-01,Inactive
1731,Emma,Kelly,emma.kelly1731@mail.com,Small Business,8,Calgary,M775,2023-01-22,Active
1732,Noah,Jones,noah.jones1732@mail.com,Small Business,3,Berlin,10409,2020-02-13,Inactive
1733,Mia,Martin,mia.martin1733@mail.com,Consumer,2,Birmingham,SW813,2024-05-09,Inactive
1734,Sarah,Martinez,sarah.martinez1734@mail.com,Consumer,3,Hamburg,10235,2024-10-04,Active
1735,Ella,Taylor,ella.taylor1735@mail.com,Consumer,6,Amsterdam,10560,2025-06-25,Active
1736,Natalie,Schmidt,natalie.schmidt1736@mail.com,Small Business,7,New York,10930,2025-09-15,Active
1737,James,Davies,james.davies1737@mail.com,Consumer,7,New York,10257,2020-10-31,Active
1738,Julia,Smith,julia.smith1738@mail.com,Small Business,7,Austin,10991,2020-02-09,Active
1739,Sergey,Hall,sergey.hall1739@mail.com,Consumer,1,Galway,D904,2025-03-02,Active
1740,Noah,Anderson,noah.anderson1740@mail.com,Consumer,5,Madrid,28290,2021-07-22,Active
1741,Oliver,Murphy,oliver.murphy1741@mail.com,Small Business,6,Rotterdam,10315,2024-11-08,Active
1742,Ava,Schmidt,ava.schmidt1742@mail.com,Consumer,6,Rotterdam,10825,2025-12-08,Inactive
1743,Ethan,Garcia,ethan.garcia1743@mail.com,Small Business,5,Bilbao,28985,2023-03-25,Active
1744,Amelia,Murphy,amelia.murphy1744@mail.com,Consumer,3,Munich,10369,2020-11-21,Active
1745,Grace,Taylor,grace.taylor1745@mail.com,Consumer,7,New York,10292,2021-05-22,Active
1746,David,Davies,david.davies1746@mail.com,Consumer,7,Boston,10403,2021-10-27,Inactive
1747,Leo,Taylor,leo.taylor1747@mail.com,Consumer,4,Marseille,75853,2024-10-13,Active
1748,Sergey,Young,sergey.young1748@mail.com,Consumer,4,Lyon,75166,2022-10-27,Active
1749,Olivia,Young,olivia.young1749@mail.com,Consumer,1,Limerick,D181,2020-09-04,Inactive
1750,Laura,Miller,laura.miller1750@mail.com,Consumer,1,Galway,D814,2020-12-27,Active
1751,Laura,Walker,laura.walker1751@mail.com,Consumer,4,Toulouse,75479,2023-07-30,Inactive
1752,Mia,Schmidt,mia.schmidt1752@mail.com,Consumer,2,Manchester,SW143,2022-02-18,Active
1753,Robert,Dubois,robert.dubois1753@mail.com,Corporate,3,Frankfurt,10574,2023-08-21,Inactive
1754,Lucas,Thompson,lucas.thompson1754@mail.com,Consumer,3,Berlin,10994,2024-04-28,Active
1755,Ava,Hall,ava.hall1755@mail.com,Consumer,7,New York,10544,2021-09-03,Active
1756,Ethan,Taylor,ethan.taylor1756@mail.com,Consumer,1,Limerick,D253,2021-01-23,Active
1757,Liam,Garcia,liam.garcia1757@mail.com,Consumer,3,Cologne,10384,2024-05-25,Active
1758,Emily,Thompson,emily.thompson1758@mail.com,Consumer,2,Manchester,SW599,2025-08-06,Active
1759,James,Smith,james.smith1759@mail.com,Consumer,3,Cologne,10396,2023-08-17,Active
1760,Mia,White,mia.white1760@mail.com,Consumer,2,London,SW415,2022-06-05,Active
1761,Leo,Miller,leo.miller1761@mail.com,Consumer,3,Cologne,10232,2024-10-23,Active
1762,Olivia,White,olivia.white1762@mail.com,Consumer,3,Frankfurt,10164,2021-06-08,Active
1763,Sophia,Davies,sophia.davies1763@mail.com,Corporate,3,Munich,10992,2022-05-07,Active
1764,Robert,Garcia,robert.garcia1764@mail.com,Consumer,5,Bilbao,28912,2023-02-23,Active
1765,Robert,Jones,robert.jones1765@mail.com,Small Business,6,The Hague,10334,2023-08-11,Active
1766,Henry,Garcia,henry.garcia1766@mail.com,Small Business,7,Austin,10623,2025-04-08,Active
1767,Lucas,De Vries,lucas.de vries1767@mail.com,Consumer,3,Frankfurt,10573,2023-08-10,Active
1768,Ava,Clark,ava.clark1768@mail.com,Small Business,1,Galway,D828,2022-03-02,Active
1769,David,Kelly,david.kelly1769@mail.com,Consumer,3,Berlin,10435,2025-04-24,Active
1770,Mia,Lopez,mia.lopez1770@mail.com,Small Business,7,Austin,10596,2021-08-21,Active
1771,Ella,Taylor,ella.taylor1771@mail.com,Corporate,5,Bilbao,28719,2022-02-09,Active
1772,Noah,Thompson,noah.thompson1772@mail.com,Consumer,2,Bristol,SW389,2022-03-09,Active
1773,Sophia,Anderson,sophia.anderson1773@mail.com,Consumer,7,Chicago,10247,2020-02-14,Active
1774,Sergey,Johnson,sergey.johnson1774@mail.com,Consumer,1,Limerick,D894,2024-09-22,Active
1775,Ava,Lopez,ava.lopez1775@mail.com,Consumer,3,Hamburg,10210,2021-10-04,Active
1776,Daniel,Anderson,daniel.anderson1776@mail.com,Consumer,3,Cologne,10231,2025-01-30,Active
1777,James,Kelly,james.kelly1777@mail.com,Consumer,8,Montreal,M245,2023-08-30,Active
1778,Ava,Lopez,ava.lopez1778@mail.com,Consumer,7,Austin,10505,2020-04-14,Active
1779,Thomas,Clark,thomas.clark1779@mail.com,Consumer,3,Hamburg,10679,2020-05-21,Active
1780,Noah,Thompson,noah.thompson1780@mail.com,Consumer,7,New York,10243,2021-06-24,Active
1781,Ethan,Anderson,ethan.anderson1781@mail.com,Consumer,1,Galway,D465,2022-08-20,Active
1782,Emma,Clark,emma.clark1782@mail.com,Consumer,1,Athlone,D163,2020-10-11,Inactive
1783,Ava,Anderson,ava.anderson1783@mail.com,Consumer,5,Madrid,28933,2021-09-26,Active
1784,James,Clark,james.clark1784@mail.com,Consumer,3,Berlin,10760,2022-12-04,Active
1785,Thomas,Anderson,thomas.anderson1785@mail.com,Consumer,1,Dublin,D324,2022-07-12,Active
1786,Julia,Jones,julia.jones1786@mail.com,Consumer,8,Calgary,M874,2025-08-12,Inactive
1787,David,Evans,david.evans1787@mail.com,Consumer,1,Limerick,D663,2025-07-09,Active
1788,Grace,Kelly,grace.kelly1788@mail.com,Consumer,1,Limerick,D107,2022-05-05,Active
1789,Grace,Young,grace.young1789@mail.com,Consumer,6,Rotterdam,10506,2024-02-16,Active
1790,Liam,King,liam.king1790@mail.com,Consumer,1,Galway,D623,2023-02-26,Inactive
1791,Daniel,Clark,daniel.clark1791@mail.com,Consumer,1,Galway,D366,2022-11-15,Inactive
1792,Leo,Dubois,leo.dubois1792@mail.com,Consumer,1,Athlone,D888,2020-04-28,Inactive
1793,James,Kelly,james.kelly1793@mail.com,Small Business,2,Manchester,SW304,2024-05-06,Active
1794,Anna,Taylor,anna.taylor1794@mail.com,Consumer,7,New York,10763,2023-05-27,Active
1795,Robert,Walker,robert.walker1795@mail.com,Consumer,4,Paris,75417,2022-10-30,Active
1796,Ethan,Hall,ethan.hall1796@mail.com,Consumer,2,Leeds,SW837,2023-09-29,Active
1797,Ava,De Vries,ava.de vries1797@mail.com,Corporate,3,Frankfurt,10674,2021-11-07,Active
1798,Anna,Hall,anna.hall1798@mail.com,Consumer,7,New York,10100,2022-10-14,Active
1799,Julia,Murphy,julia.murphy1799@mail.com,Corporate,5,Valencia,28555,2023-01-28,Inactive
1800,Ethan,Brown,ethan.brown1800@mail.com,Consumer,6,Rotterdam,10533,2020-08-07,Active
1801,Sophia,Johnson,sophia.johnson1801@mail.com,Consumer,1,Dublin,D222,2020-04-01,Active
1802,Isabella,King,isabella.king1802@mail.com,Consumer,1,Dublin,D587,2022-04-18,Active
1803,Oliver,Thompson,oliver.thompson1803@mail.com,Consumer,1,Athlone,D811,2022-08-19,Active
1804,Michael,Jansen,michael.jansen1804@mail.com,Consumer,2,Manchester,SW320,2025-05-18,Active
1805,Ava,Murphy,ava.murphy1805@mail.com,Consumer,3,Frankfurt,10522,2020-06-01,Active
1806,Grace,Young,grace.young1806@mail.com,Consumer,8,Montreal,M826,2020-06-29,Active
1807,Daniel,White,daniel.white1807@mail.com,Consumer,6,Utrecht,10992,2022-12-30,Active
1808,Isabella,White,isabella.white1808@mail.com,Corporate,2,London,SW994,2020-01-08,Inactive
1809,Michael,Garcia,michael.garcia1809@mail.com,Consumer,4,Paris,75393,2022-08-06,Active
1810,Olivia,Dubois,olivia.dubois1810@mail.com,Consumer,1,Galway,D774,2025-04-19,Active
1811,Ella,Jones,ella.jones1811@mail.com,Small Business,6,Utrecht,10516,2023-08-06,Active
1812,Olivia,Dubois,olivia.dubois1812@mail.com,Small Business,5,Barcelona,28933,2023-11-24,Inactive
1813,Sophia,Müller,sophia.müller1813@mail.com,Consumer,5,Valencia,28240,2024-11-03,Active
1814,Sergey,Dubois,sergey.dubois1814@mail.com,Small Business,8,Vancouver,M143,2025-01-20,Active
1815,Julia,Johnson,julia.johnson1815@mail.com,Consumer,4,Nice,75747,2021-08-17,Active
1816,Grace,Jones,grace.jones1816@mail.com,Small Business,7,Seattle,10183,2022-04-23,Inactive
1817,Amelia,Lopez,amelia.lopez1817@mail.com,Consumer,7,Boston,10104,2020-06-20,Active
1818,Anna,Williams,anna.williams1818@mail.com,Consumer,8,Montreal,M600,2022-07-17,Active
1819,Thomas,White,thomas.white1819@mail.com,Consumer,3,Frankfurt,10635,2024-03-09,Inactive
1820,Olivia,Thompson,olivia.thompson1820@mail.com,Consumer,2,London,SW331,2024-07-29,Inactive
1821,Michael,Young,michael.young1821@mail.com,Consumer,1,Athlone,D919,2022-02-10,Active
1822,Natalie,Smith,natalie.smith1822@mail.com,Consumer,4,Toulouse,75410,2023-06-09,Active
1823,James,Walker,james.walker1823@mail.com,Consumer,4,Paris,75402,2022-02-21,Active
1824,Thomas,Clark,thomas.clark1824@mail.com,Consumer,2,Leeds,SW221,2020-10-19,Inactive
1825,Anna,Martin,anna.martin1825@mail.com,Consumer,8,Montreal,M451,2020-02-13,Inactive
1826,Leo,Bernard,leo.bernard1826@mail.com,Consumer,3,Cologne,10142,2025-05-13,Inactive
1827,Mia,Schmidt,mia.schmidt1827@mail.com,Consumer,8,Calgary,M981,2023-12-10,Inactive
1828,David,Brown,david.brown1828@mail.com,Consumer,6,The Hague,10459,2024-09-27,Inactive
1829,Ava,Kelly,ava.kelly1829@mail.com,Small Business,8,Toronto,M586,2025-06-19,Active
1830,Oliver,Davies,oliver.davies1830@mail.com,Consumer,4,Marseille,75347,2021-01-20,Inactive
1831,Leo,Lopez,leo.lopez1831@mail.com,Consumer,1,Limerick,D197,2025-01-22,Active
1832,Grace,Hall,grace.hall1832@mail.com,Corporate,6,Eindhoven,10170,2020-04-25,Active
1833,Michael,Jansen,michael.jansen1833@mail.com,Small Business,4,Nice,75769,2024-05-08,Active
1834,James,Anderson,james.anderson1834@mail.com,Consumer,2,Leeds,SW400,2025-10-17,Active
1835,Emily,Schmidt,emily.schmidt1835@mail.com,Consumer,1,Cork,D957,2024-10-13,Active
1836,Mia,Davies,mia.davies1836@mail.com,Consumer,2,Manchester,SW891,2020-01-24,Inactive
1837,Ethan,Davies,ethan.davies1837@mail.com,Small Business,1,Athlone,D965,2023-10-24,Inactive
1838,Isabella,White,isabella.white1838@mail.com,Consumer,2,Manchester,SW235,2021-04-20,Active
1839,Olivia,White,olivia.white1839@mail.com,Consumer,3,Cologne,10810,2024-10-27,Active
1840,James,Bernard,james.bernard1840@mail.com,Consumer,5,Seville,28670,2025-04-24,Inactive
1841,Oliver,Wilson,oliver.wilson1841@mail.com,Consumer,1,Athlone,D349,2024-01-04,Active
1842,Ethan,Smith,ethan.smith1842@mail.com,Consumer,1,Limerick,D775,2022-02-04,Active
1843,Mia,Smith,mia.smith1843@mail.com,Consumer,4,Paris,75673,2022-01-29,Active
1844,Lucas,Evans,lucas.evans1844@mail.com,Small Business,2,Leeds,SW111,2021-06-29,Active
1845,Sarah,Murphy,sarah.murphy1845@mail.com,Consumer,1,Galway,D699,2021-04-06,Active
1846,Sarah,Jones,sarah.jones1846@mail.com,Corporate,2,Leeds,SW920,2023-08-01,Active
1847,Mia,Garcia,mia.garcia1847@mail.com,Consumer,2,Manchester,SW497,2025-05-14,Active
1848,Lucas,Hall,lucas.hall1848@mail.com,Consumer,1,Dublin,D589,2025-09-19,Active
1849,Henry,Johnson,henry.johnson1849@mail.com,Small Business,4,Marseille,75330,2024-08-20,Active
1850,David,Bernard,david.bernard1850@mail.com,Small Business,3,Frankfurt,10128,2020-06-24,Active
1851,Natalie,Müller,natalie.müller1851@mail.com,Consumer,5,Barcelona,28866,2024-05-19,Active
1852,Sarah,Martinez,sarah.martinez1852@mail.com,Consumer,4,Lyon,75347,2024-07-23,Active
1853,Oliver,Bernard,oliver.bernard1853@mail.com,Consumer,4,Nice,75186,2020-05-06,Active
1854,Noah,Müller,noah.müller1854@mail.com,Consumer,7,Seattle,10765,2023-02-10,Active
1855,Ella,De Vries,ella.de vries1855@mail.com,Small Business,2,Leeds,SW623,2023-09-01,Inactive
1856,Julia,Walker,julia.walker1856@mail.com,Consumer,3,Berlin,10808,2021-07-16,Inactive
1857,Ella,Martinez,ella.martinez1857@mail.com,Consumer,8,Montreal,M377,2020-09-14,Active
1858,Henry,Schmidt,henry.schmidt1858@mail.com,Small Business,5,Bilbao,28295,2023-08-20,Active
1859,Daniel,Walker,daniel.walker1859@mail.com,Consumer,8,Calgary,M385,2023-10-04,Active
1860,Anna,Miller,anna.miller1860@mail.com,Small Business,5,Barcelona,28921,2022-02-10,Active
1861,Anna,Müller,anna.müller1861@mail.com,Consumer,2,Leeds,SW695,2023-08-08,Active
1862,Laura,Young,laura.young1862@mail.com,Consumer,1,Cork,D712,2023-04-08,Active
1863,Sergey,White,sergey.white1863@mail.com,Consumer,2,Leeds,SW595,2025-07-28,Active
1864,Isabella,Lopez,isabella.lopez1864@mail.com,Consumer,8,Ottawa,M173,2023-10-30,Active
1865,Ava,Walker,ava.walker1865@mail.com,Consumer,1,Cork,D931,2024-05-29,Active
1866,Isabella,King,isabella.king1866@mail.com,Consumer,8,Calgary,M303,2023-02-08,Active
1867,Sophia,Johnson,sophia.johnson1867@mail.com,Consumer,1,Limerick,D547,2025-06-28,Inactive
1868,Lucas,Williams,lucas.williams1868@mail.com,Consumer,2,London,SW142,2021-05-18,Active
1869,Ella,Lopez,ella.lopez1869@mail.com,Consumer,2,London,SW860,2023-01-04,Inactive
1870,Robert,Miller,robert.miller1870@mail.com,Consumer,2,Birmingham,SW739,2020-09-02,Active
1871,Henry,Davies,henry.davies1871@mail.com,Consumer,2,Bristol,SW869,2022-06-21,Active
1872,Olivia,Walker,olivia.walker1872@mail.com,Consumer,8,Ottawa,M698,2022-08-26,Active
1873,Ethan,White,ethan.white1873@mail.com,Consumer,6,The Hague,10117,2024-04-18,Active
1874,Laura,De Vries,laura.de vries1874@mail.com,Small Business,1,Dublin,D197,2023-01-09,Active
1875,Henry,Davies,henry.davies1875@mail.com,Consumer,7,Chicago,10325,2025-02-25,Active
1876,Henry,Miller,henry.miller1876@mail.com,Consumer,1,Athlone,D969,2023-06-17,Inactive
1877,Henry,Brown,henry.brown1877@mail.com,Consumer,3,Frankfurt,10553,2020-12-01,Active
1878,Ava,Hall,ava.hall1878@mail.com,Consumer,6,Utrecht,10310,2024-04-06,Inactive
1879,Robert,Martinez,robert.martinez1879@mail.com,Consumer,3,Frankfurt,10619,2023-11-03,Inactive
1880,Emily,Taylor,emily.taylor1880@mail.com,Consumer,7,New York,10715,2024-03-07,Inactive
1881,Ava,Taylor,ava.taylor1881@mail.com,Consumer,2,Leeds,SW380,2022-06-11,Active
1882,Robert,Davies,robert.davies1882@mail.com,Consumer,6,Eindhoven,10124,2024-04-03,Active
1883,Oliver,Dubois,oliver.dubois1883@mail.com,Consumer,5,Valencia,28468,2020-03-30,Inactive
1884,Sophia,Thompson,sophia.thompson1884@mail.com,Small Business,1,Dublin,D547,2024-12-29,Active
1885,Jack,Müller,jack.müller1885@mail.com,Consumer,3,Munich,10324,2022-11-30,Active
1886,Ava,Müller,ava.müller1886@mail.com,Small Business,7,New York,10824,2020-07-15,Active
1887,Michael,Lopez,michael.lopez1887@mail.com,Consumer,1,Athlone,D361,2020-07-24,Inactive
1888,Lucas,Hall,lucas.hall1888@mail.com,Consumer,1,Cork,D334,2024-11-20,Inactive
1889,Amelia,Smith,amelia.smith1889@mail.com,Small Business,2,Bristol,SW153,2022-08-07,Active
1890,Mia,Bernard,mia.bernard1890@mail.com,Consumer,2,Manchester,SW717,2021-11-18,Active
1891,James,Wilson,james.wilson1891@mail.com,Consumer,1,Limerick,D666,2022-01-02,Active
1892,Lucas,Lopez,lucas.lopez1892@mail.com,Consumer,6,Amsterdam,10433,2022-02-04,Active
1893,Amelia,Walker,amelia.walker1893@mail.com,Consumer,6,Amsterdam,10503,2020-03-25,Active
1894,Mia,Jones,mia.jones1894@mail.com,Consumer,2,Bristol,SW954,2021-06-25,Active
1895,Jack,Dubois,jack.dubois1895@mail.com,Consumer,4,Paris,75830,2022-10-03,Active
1896,Emily,Clark,emily.clark1896@mail.com,Consumer,2,Leeds,SW239,2020-06-22,Active
1897,Amelia,White,amelia.white1897@mail.com,Consumer,2,Leeds,SW663,2025-06-29,Inactive
1898,Isabella,Johnson,isabella.johnson1898@mail.com,Consumer,7,Boston,10691,2025-10-29,Inactive
1899,Amelia,King,amelia.king1899@mail.com,Consumer,6,Eindhoven,10229,2024-07-27,Active
1900,Emily,Müller,emily.müller1900@mail.com,Consumer,2,Leeds,SW491,2023-05-07,Inactive
1901,Liam,Schmidt,liam.schmidt1901@mail.com,Consumer,2,London,SW320,2025-06-18,Inactive
1902,David,Jones,david.jones1902@mail.com,Small Business,7,Chicago,10764,2025-01-16,Active
1903,Lucas,Murphy,lucas.murphy1903@mail.com,Small Business,3,Hamburg,10598,2022-07-19,Inactive
1904,Isabella,Müller,isabella.müller1904@mail.com,Consumer,4,Toulouse,75152,2022-04-18,Active
1905,Robert,Johnson,robert.johnson1905@mail.com,Consumer,8,Toronto,M458,2021-02-18,Inactive
1906,Robert,Johnson,robert.johnson1906@mail.com,Consumer,7,Austin,10463,2024-11-10,Inactive
1907,Julia,Hall,julia.hall1907@mail.com,Consumer,1,Galway,D298,2025-05-17,Active
1908,Ethan,Murphy,ethan.murphy1908@mail.com,Consumer,8,Ottawa,M376,2021-02-18,Active
1909,Daniel,Johnson,daniel.johnson1909@mail.com,Consumer,1,Limerick,D513,2025-11-04,Active
1910,Isabella,Müller,isabella.müller1910@mail.com,Consumer,7,New York,10920,2023-08-30,Active
1911,David,Garcia,david.garcia1911@mail.com,Small Business,7,New York,10782,2024-11-10,Active
1912,Lucas,King,lucas.king1912@mail.com,Consumer,8,Calgary,M849,2024-03-27,Active
1913,David,King,david.king1913@mail.com,Consumer,1,Limerick,D382,2022-03-15,Inactive
1914,Noah,Evans,noah.evans1914@mail.com,Corporate,2,Manchester,SW528,2020-02-19,Active
1915,Thomas,Young,thomas.young1915@mail.com,Consumer,3,Cologne,10361,2021-09-13,Active
1916,Oliver,Williams,oliver.williams1916@mail.com,Consumer,1,Limerick,D905,2020-06-02,Active
1917,Natalie,Williams,natalie.williams1917@mail.com,Consumer,2,Leeds,SW931,2025-07-14,Active
1918,Olivia,Hall,olivia.hall1918@mail.com,Corporate,5,Valencia,28690,2025-04-04,Active
1919,Emma,Martinez,emma.martinez1919@mail.com,Consumer,5,Bilbao,28632,2021-09-29,Active
1920,David,Young,david.young1920@mail.com,Consumer,7,New York,10544,2022-10-01,Inactive
1921,Amelia,Evans,amelia.evans1921@mail.com,Corporate,2,Leeds,SW152,2025-08-05,Active
1922,Jack,Brown,jack.brown1922@mail.com,Consumer,7,Chicago,10354,2021-08-29,Inactive
1923,Natalie,Brown,natalie.brown1923@mail.com,Consumer,7,Seattle,10529,2025-09-02,Active
1924,Henry,Williams,henry.williams1924@mail.com,Corporate,2,London,SW893,2025-05-24,Active
1925,Noah,Bernard,noah.bernard1925@mail.com,Small Business,8,Vancouver,M524,2024-07-20,Inactive
1926,Emma,Müller,emma.müller1926@mail.com,Consumer,8,Calgary,M603,2021-04-29,Inactive
1927,Ava,Bernard,ava.bernard1927@mail.com,Consumer,5,Bilbao,28923,2022-08-21,Active
1928,Emily,Schmidt,emily.schmidt1928@mail.com,Small Business,3,Berlin,10184,2024-03-23,Active
1929,Liam,Jones,liam.jones1929@mail.com,Consumer,7,New York,10912,2024-10-21,Active
1930,Liam,Garcia,liam.garcia1930@mail.com,Consumer,8,Montreal,M963,2021-12-28,Active
1931,Natalie,Walker,natalie.walker1931@mail.com,Consumer,5,Madrid,28141,2024-01-03,Active
1932,Emma,Brown,emma.brown1932@mail.com,Corporate,7,New York,10140,2020-06-08,Active
1933,Daniel,White,daniel.white1933@mail.com,Small Business,7,Seattle,10210,2021-11-27,Active
1934,Emily,Walker,emily.walker1934@mail.com,Consumer,5,Bilbao,28391,2025-11-24,Active
1935,Emily,Hall,emily.hall1935@mail.com,Consumer,1,Athlone,D198,2022-11-30,Inactive
1936,Michael,Evans,michael.evans1936@mail.com,Consumer,5,Valencia,28780,2020-05-11,Active
1937,Sarah,Dubois,sarah.dubois1937@mail.com,Corporate,6,Utrecht,10400,2024-01-09,Inactive
1938,Natalie,Davies,natalie.davies1938@mail.com,Consumer,3,Munich,10346,2023-06-20,Inactive
1939,Lucas,Kelly,lucas.kelly1939@mail.com,Consumer,1,Dublin,D251,2020-11-21,Active
1940,Lucas,Jones,lucas.jones1940@mail.com,Consumer,8,Montreal,M804,2020-10-27,Active
1941,Michael,Garcia,michael.garcia1941@mail.com,Consumer,4,Nice,75846,2024-11-18,Active
1942,Daniel,Young,daniel.young1942@mail.com,Consumer,8,Montreal,M260,2025-04-22,Inactive
1943,Oliver,Kelly,oliver.kelly1943@mail.com,Small Business,2,Birmingham,SW498,2020-05-08,Active
1944,Isabella,Miller,isabella.miller1944@mail.com,Small Business,7,Austin,10560,2024-06-16,Active
1945,Laura,Anderson,laura.anderson1945@mail.com,Consumer,7,Boston,10988,2024-09-25,Active
1946,Sarah,Williams,sarah.williams1946@mail.com,Consumer,1,Limerick,D996,2022-10-23,Active
1947,Robert,Jones,robert.jones1947@mail.com,Consumer,1,Limerick,D384,2022-09-10,Active
1948,Sophia,Kelly,sophia.kelly1948@mail.com,Consumer,6,Utrecht,10919,2020-02-07,Active
1949,James,Garcia,james.garcia1949@mail.com,Consumer,3,Munich,10440,2025-08-14,Active
1950,Robert,Martinez,robert.martinez1950@mail.com,Consumer,4,Paris,75565,2022-03-16,Active
1951,David,Dubois,david.dubois1951@mail.com,Consumer,4,Paris,75517,2020-07-01,Active
1952,Robert,Bernard,robert.bernard1952@mail.com,Small Business,4,Nice,75685,2025-03-13,Active
1953,Thomas,Jansen,thomas.jansen1953@mail.com,Consumer,8,Montreal,M767,2022-07-01,Active
1954,Anna,Young,anna.young1954@mail.com,Consumer,7,New York,10643,2022-11-06,Active
1955,Thomas,Dubois,thomas.dubois1955@mail.com,Consumer,1,Limerick,D148,2022-09-05,Active
1956,Jack,Lopez,jack.lopez1956@mail.com,Consumer,7,Austin,10887,2024-09-03,Active
1957,Grace,Taylor,grace.taylor1957@mail.com,Consumer,4,Marseille,75898,2025-12-27,Active
1958,Natalie,Martin,natalie.martin1958@mail.com,Consumer,7,Chicago,10114,2023-09-07,Inactive
1959,Sergey,Davies,sergey.davies1959@mail.com,Consumer,1,Cork,D867,2025-05-19,Active
1960,Leo,Miller,leo.miller1960@mail.com,Consumer,2,Leeds,SW308,2022-11-19,Active
1961,David,King,david.king1961@mail.com,Consumer,3,Cologne,10808,2023-03-28,Active
1962,Lucas,Hall,lucas.hall1962@mail.com,Small Business,1,Dublin,D345,2021-05-12,Active
1963,Sarah,Clark,sarah.clark1963@mail.com,Corporate,7,New York,10883,2023-01-11,Inactive
1964,Amelia,Clark,amelia.clark1964@mail.com,Consumer,3,Berlin,10592,2025-12-29,Active
1965,Olivia,White,olivia.white1965@mail.com,Consumer,7,Seattle,10925,2021-01-11,Active
1966,Jack,Thompson,jack.thompson1966@mail.com,Small Business,4,Nice,75923,2020-03-15,Active
1967,Ethan,Jones,ethan.jones1967@mail.com,Consumer,8,Ottawa,M298,2023-11-02,Inactive
1968,David,Johnson,david.johnson1968@mail.com,Consumer,8,Calgary,M911,2023-12-10,Inactive
1969,Amelia,Clark,amelia.clark1969@mail.com,Consumer,1,Cork,D735,2024-07-06,Inactive
1970,Laura,Anderson,laura.anderson1970@mail.com,Corporate,7,Chicago,10954,2020-10-01,Inactive
1971,Isabella,Martin,isabella.martin1971@mail.com,Consumer,4,Lyon,75142,2023-08-12,Active
1972,Liam,Jansen,liam.jansen1972@mail.com,Consumer,3,Hamburg,10764,2023-12-26,Active
1973,Thomas,Murphy,thomas.murphy1973@mail.com,Small Business,3,Berlin,10237,2023-07-14,Active
1974,Ella,Clark,ella.clark1974@mail.com,Consumer,5,Seville,28606,2021-04-22,Active
1975,Sarah,Kelly,sarah.kelly1975@mail.com,Consumer,1,Athlone,D941,2023-07-22,Inactive
1976,Julia,Brown,julia.brown1976@mail.com,Corporate,2,Manchester,SW812,2020-08-12,Active
1977,Lucas,Wilson,lucas.wilson1977@mail.com,Small Business,7,New York,10643,2023-10-24,Active
1978,Leo,Thompson,leo.thompson1978@mail.com,Consumer,1,Dublin,D391,2023-05-13,Active
1979,Oliver,Hall,oliver.hall1979@mail.com,Corporate,2,Bristol,SW713,2021-07-16,Active
1980,James,Wilson,james.wilson1980@mail.com,Consumer,3,Berlin,10287,2023-09-29,Active
1981,Oliver,Davies,oliver.davies1981@mail.com,Consumer,5,Bilbao,28872,2020-07-20,Active
1982,Ella,King,ella.king1982@mail.com,Small Business,7,Austin,10202,2023-05-02,Inactive
1983,Noah,Evans,noah.evans1983@mail.com,Consumer,6,Utrecht,10375,2024-09-17,Active
1984,James,Jansen,james.jansen1984@mail.com,Consumer,1,Limerick,D143,2020-01-17,Inactive
1985,Ava,Lopez,ava.lopez1985@mail.com,Consumer,7,Boston,10674,2021-03-13,Active
1986,Ethan,Williams,ethan.williams1986@mail.com,Consumer,1,Dublin,D581,2021-03-01,Active
1987,Lucas,Williams,lucas.williams1987@mail.com,Consumer,6,Eindhoven,10105,2025-09-18,Active
1988,Laura,Clark,laura.clark1988@mail.com,Consumer,4,Lyon,75160,2022-02-07,Inactive
1989,Anna,Martin,anna.martin1989@mail.com,Small Business,2,Birmingham,SW452,2022-02-27,Active
1990,Grace,Bernard,grace.bernard1990@mail.com,Consumer,3,Cologne,10976,2023-03-24,Active
1991,Jack,Johnson,jack.johnson1991@mail.com,Consumer,6,Amsterdam,10515,2025-07-31,Active
1992,Michael,Jones,michael.jones1992@mail.com,Small Business,6,The Hague,10222,2022-01-25,Active
1993,Noah,Davies,noah.davies1993@mail.com,Small Business,1,Dublin,D800,2022-10-20,Inactive
1994,Daniel,Wilson,daniel.wilson1994@mail.com,Consumer,1,Cork,D834,2021-04-06,Active
1995,Liam,Bernard,liam.bernard1995@mail.com,Consumer,7,Seattle,10247,2021-03-14,Active
1996,Sarah,Brown,sarah.brown1996@mail.com,Consumer,6,Eindhoven,10487,2024-02-19,Active
1997,Daniel,Hall,daniel.hall1997@mail.com,Consumer,3,Hamburg,10292,2021-08-20,Active
1998,Jack,Bernard,jack.bernard1998@mail.com,Consumer,4,Toulouse,75574,2020-07-19,Active
1999,Robert,Walker,robert.walker1999@mail.com,Small Business,1,Athlone,D396,2020-09-01,Active
2000,Robert,Evans,robert.evans2000@mail.com,Consumer,3,Munich,10536,2021-07-30,Active
2001,David,Martinez,david.martinez2001@mail.com,Consumer,4,Marseille,75410,2020-09-24,Active
2002,Michael,Hall,michael.hall2002@mail.com,Small Business,3,Frankfurt,10376,2023-02-02,Active
2003,Isabella,Young,isabella.young2003@mail.com,Consumer,4,Lyon,75760,2021-06-30,Inactive
2004,Ella,Martinez,ella.martinez2004@mail.com,Consumer,3,Hamburg,10634,2021-08-15,Active
2005,Jack,Hall,jack.hall2005@mail.com,Small Business,6,Eindhoven,10120,2025-10-16,Active
2006,Robert,Brown,robert.brown2006@mail.com,Small Business,4,Marseille,75929,2022-09-15,Active
2007,Anna,King,anna.king2007@mail.com,Corporate,6,Eindhoven,10641,2025-12-10,Active
2008,Liam,Schmidt,liam.schmidt2008@mail.com,Consumer,1,Dublin,D592,2024-09-15,Active
2009,Laura,Evans,laura.evans2009@mail.com,Consumer,2,Birmingham,SW700,2024-10-06,Active
2010,Anna,Walker,anna.walker2010@mail.com,Consumer,5,Seville,28739,2024-01-01,Active
2011,Emma,Kelly,emma.kelly2011@mail.com,Consumer,7,Chicago,10645,2023-10-08,Active
2012,Sophia,Lopez,sophia.lopez2012@mail.com,Consumer,4,Paris,75678,2020-03-08,Active
2013,Julia,Kelly,julia.kelly2013@mail.com,Consumer,2,Bristol,SW856,2022-04-19,Active
2014,Ella,Dubois,ella.dubois2014@mail.com,Consumer,1,Cork,D323,2021-07-09,Active
2015,Jack,Murphy,jack.murphy2015@mail.com,Consumer,1,Galway,D758,2024-08-02,Inactive
2016,Oliver,Schmidt,oliver.schmidt2016@mail.com,Consumer,7,New York,10924,2022-08-27,Active
2017,Ella,Thompson,ella.thompson2017@mail.com,Consumer,7,Austin,10654,2022-09-14,Active
2018,Michael,Thompson,michael.thompson2018@mail.com,Corporate,5,Seville,28936,2020-01-27,Active
2019,Robert,Schmidt,robert.schmidt2019@mail.com,Consumer,7,Boston,10334,2021-02-13,Active
2020,Michael,Müller,michael.müller2020@mail.com,Small Business,1,Athlone,D812,2024-01-01,Active
2021,James,Johnson,james.johnson2021@mail.com,Consumer,1,Cork,D276,2020-03-28,Active
2022,Noah,Thompson,noah.thompson2022@mail.com,Consumer,2,Manchester,SW302,2022-01-04,Active
2023,Noah,Miller,noah.miller2023@mail.com,Consumer,2,Manchester,SW132,2025-01-15,Active
2024,Laura,Taylor,laura.taylor2024@mail.com,Consumer,6,Utrecht,10954,2024-02-10,Inactive
2025,Oliver,Walker,oliver.walker2025@mail.com,Consumer,1,Dublin,D275,2021-10-13,Active
2026,Ethan,Miller,ethan.miller2026@mail.com,Consumer,1,Cork,D316,2024-09-17,Active
2027,James,Bernard,james.bernard2027@mail.com,Consumer,1,Cork,D372,2022-07-28,Active
2028,Ethan,Walker,ethan.walker2028@mail.com,Consumer,7,Chicago,10559,2025-12-22,Inactive
2029,Thomas,White,thomas.white2029@mail.com,Consumer,2,Birmingham,SW720,2024-12-28,Active
2030,Sarah,Clark,sarah.clark2030@mail.com,Consumer,8,Montreal,M484,2020-03-23,Inactive
2031,Julia,Jansen,julia.jansen2031@mail.com,Small Business,8,Vancouver,M155,2021-04-17,Active
2032,Ella,Hall,ella.hall2032@mail.com,Consumer,6,Eindhoven,10765,2021-04-08,Active
2033,Ethan,Lopez,ethan.lopez2033@mail.com,Small Business,1,Cork,D151,2022-08-07,Active
2034,Ella,Smith,ella.smith2034@mail.com,Consumer,2,London,SW365,2023-10-21,Active
2035,Lucas,Walker,lucas.walker2035@mail.com,Consumer,3,Frankfurt,10970,2021-12-31,Active
2036,Sarah,Davies,sarah.davies2036@mail.com,Consumer,1,Athlone,D552,2021-01-01,Active
2037,Sergey,Lopez,sergey.lopez2037@mail.com,Small Business,3,Hamburg,10571,2020-11-24,Active
2038,Julia,Schmidt,julia.schmidt2038@mail.com,Consumer,6,Amsterdam,10898,2020-05-02,Active
2039,Michael,Murphy,michael.murphy2039@mail.com,Consumer,7,Chicago,10875,2020-05-04,Active
2040,Daniel,Garcia,daniel.garcia2040@mail.com,Consumer,1,Athlone,D763,2021-02-06,Active
2041,Sergey,Thompson,sergey.thompson2041@mail.com,Consumer,1,Galway,D420,2020-04-15,Inactive
2042,Sarah,King,sarah.king2042@mail.com,Consumer,5,Valencia,28367,2025-08-26,Active
2043,Thomas,Jones,thomas.jones2043@mail.com,Consumer,1,Athlone,D886,2025-05-06,Active
2044,Thomas,Clark,thomas.clark2044@mail.com,Consumer,1,Dublin,D421,2023-03-29,Inactive
2045,Amelia,Bernard,amelia.bernard2045@mail.com,Consumer,4,Nice,75150,2025-03-29,Active
2046,Robert,Davies,robert.davies2046@mail.com,Consumer,5,Valencia,28190,2024-03-27,Active
2047,Jack,Martinez,jack.martinez2047@mail.com,Consumer,6,The Hague,10225,2021-09-06,Active
2048,Sarah,Wilson,sarah.wilson2048@mail.com,Consumer,3,Hamburg,10478,2025-09-26,Active
2049,Thomas,Williams,thomas.williams2049@mail.com,Small Business,3,Cologne,10831,2024-03-17,Active
2050,Noah,Bernard,noah.bernard2050@mail.com,Consumer,5,Bilbao,28976,2022-05-01,Inactive
2051,Sarah,Murphy,sarah.murphy2051@mail.com,Consumer,5,Madrid,28162,2025-11-23,Active
2052,Natalie,Brown,natalie.brown2052@mail.com,Consumer,7,Boston,10227,2024-05-23,Active
2053,Laura,Wilson,laura.wilson2053@mail.com,Consumer,2,Leeds,SW610,2021-12-27,Active
2054,Ava,Anderson,ava.anderson2054@mail.com,Consumer,4,Paris,75509,2022-02-07,Active
2055,Anna,Smith,anna.smith2055@mail.com,Consumer,2,Bristol,SW794,2021-08-02,Active
2056,Amelia,Jansen,amelia.jansen2056@mail.com,Consumer,6,Rotterdam,10121,2023-06-13,Active
2057,David,Anderson,david.anderson2057@mail.com,Consumer,7,Boston,10541,2021-06-18,Active
2058,David,Wilson,david.wilson2058@mail.com,Consumer,1,Dublin,D941,2020-12-02,Inactive
2059,Sergey,Martin,sergey.martin2059@mail.com,Consumer,2,Birmingham,SW875,2021-10-03,Active
2060,Noah,Williams,noah.williams2060@mail.com,Small Business,7,Austin,10448,2024-07-09,Active
2061,Julia,King,julia.king2061@mail.com,Consumer,2,Leeds,SW486,2020-04-05,Active
2062,Jack,Hall,jack.hall2062@mail.com,Consumer,3,Cologne,10617,2023-04-05,Active
2063,Laura,Brown,laura.brown2063@mail.com,Consumer,7,Boston,10631,2024-02-17,Active
2064,Jack,Schmidt,jack.schmidt2064@mail.com,Consumer,7,New York,10789,2021-07-03,Active
2065,Anna,Johnson,anna.johnson2065@mail.com,Corporate,1,Galway,D344,2020-08-23,Active
2066,Daniel,Clark,daniel.clark2066@mail.com,Consumer,7,Boston,10363,2023-12-25,Active
2067,James,Martin,james.martin2067@mail.com,Small Business,7,New York,10192,2022-06-27,Active
2068,Isabella,Martinez,isabella.martinez2068@mail.com,Small Business,6,Amsterdam,10657,2025-03-25,Active
2069,Daniel,Davies,daniel.davies2069@mail.com,Consumer,5,Barcelona,28604,2021-01-09,Active
2070,Sergey,Schmidt,sergey.schmidt2070@mail.com,Consumer,1,Limerick,D975,2022-07-13,Active
2071,Oliver,King,oliver.king2071@mail.com,Consumer,6,Utrecht,10498,2025-08-30,Active
2072,Amelia,Hall,amelia.hall2072@mail.com,Small Business,4,Nice,75108,2024-07-25,Active
2073,Daniel,Walker,daniel.walker2073@mail.com,Corporate,7,New York,10700,2020-04-18,Active
2074,Sophia,Brown,sophia.brown2074@mail.com,Small Business,3,Cologne,10113,2021-06-07,Active
2075,Emma,Garcia,emma.garcia2075@mail.com,Consumer,6,Utrecht,10942,2025-07-30,Active
2076,Natalie,Bernard,natalie.bernard2076@mail.com,Small Business,8,Vancouver,M501,2020-01-13,Active
2077,Olivia,Jones,olivia.jones2077@mail.com,Consumer,5,Bilbao,28172,2020-08-25,Active
2078,Sergey,Clark,sergey.clark2078@mail.com,Consumer,7,Austin,10331,2023-03-20,Active
2079,Mia,Schmidt,mia.schmidt2079@mail.com,Consumer,3,Frankfurt,10299,2020-04-18,Active
2080,Ethan,Taylor,ethan.taylor2080@mail.com,Consumer,7,Chicago,10562,2025-09-02,Active
2081,Sophia,Smith,sophia.smith2081@mail.com,Consumer,3,Berlin,10812,2021-01-12,Active
2082,Ella,Bernard,ella.bernard2082@mail.com,Small Business,1,Dublin,D896,2020-06-24,Active
2083,Natalie,Martin,natalie.martin2083@mail.com,Consumer,2,London,SW631,2024-10-21,Active
2084,Lucas,Bernard,lucas.bernard2084@mail.com,Corporate,1,Cork,D995,2020-03-14,Active
2085,Daniel,Müller,daniel.müller2085@mail.com,Consumer,4,Nice,75190,2024-05-18,Active
2086,Anna,Dubois,anna.dubois2086@mail.com,Consumer,3,Munich,10202,2020-10-24,Active
2087,Jack,Young,jack.young2087@mail.com,Consumer,6,Eindhoven,10621,2023-10-26,Active
2088,James,Garcia,james.garcia2088@mail.com,Consumer,3,Cologne,10759,2025-06-10,Active
2089,Amelia,Walker,amelia.walker2089@mail.com,Consumer,5,Madrid,28218,2022-12-16,Active
2090,Ella,Murphy,ella.murphy2090@mail.com,Corporate,2,Manchester,SW450,2025-12-01,Active
2091,Julia,Miller,julia.miller2091@mail.com,Consumer,2,London,SW317,2025-12-05,Active
2092,Emily,Thompson,emily.thompson2092@mail.com,Consumer,5,Valencia,28562,2021-05-23,Active
2093,Noah,Martinez,noah.martinez2093@mail.com,Corporate,5,Bilbao,28824,2024-02-17,Active
2094,Leo,Jansen,leo.jansen2094@mail.com,Corporate,7,Seattle,10361,2022-01-14,Active
2095,Emily,Anderson,emily.anderson2095@mail.com,Small Business,3,Cologne,10927,2024-09-19,Inactive
2096,Anna,Evans,anna.evans2096@mail.com,Consumer,7,Boston,10402,2025-02-11,Active
2097,Olivia,Jansen,olivia.jansen2097@mail.com,Consumer,4,Nice,75354,2024-04-22,Active
2098,James,Evans,james.evans2098@mail.com,Small Business,3,Hamburg,10683,2020-03-28,Active
2099,Robert,Taylor,robert.taylor2099@mail.com,Consumer,8,Vancouver,M401,2021-03-19,Active
2100,Sophia,Martin,sophia.martin2100@mail.com,Consumer,7,New York,10671,2020-08-12,Inactive
2101,Sergey,Brown,sergey.brown2101@mail.com,Small Business,1,Dublin,D757,2025-02-15,Inactive
2102,Daniel,Evans,daniel.evans2102@mail.com,Consumer,2,Manchester,SW433,2022-07-23,Active
2103,Robert,Martinez,robert.martinez2103@mail.com,Consumer,5,Bilbao,28875,2021-07-21,Active
2104,Leo,Walker,leo.walker2104@mail.com,Small Business,7,Seattle,10779,2020-01-13,Active
2105,Robert,Anderson,robert.anderson2105@mail.com,Consumer,8,Ottawa,M923,2024-11-13,Active
2106,David,Müller,david.müller2106@mail.com,Consumer,3,Hamburg,10195,2021-08-23,Inactive
2107,Olivia,Bernard,olivia.bernard2107@mail.com,Corporate,4,Lyon,75115,2020-10-25,Inactive
2108,James,Miller,james.miller2108@mail.com,Small Business,7,Boston,10421,2021-08-19,Active
2109,David,Brown,david.brown2109@mail.com,Small Business,8,Montreal,M508,2022-10-28,Active
2110,Sarah,Clark,sarah.clark2110@mail.com,Small Business,2,Birmingham,SW741,2023-06-26,Active
2111,Thomas,Williams,thomas.williams2111@mail.com,Small Business,7,New York,10106,2025-05-13,Inactive
2112,Natalie,Young,natalie.young2112@mail.com,Consumer,5,Madrid,28219,2024-05-13,Inactive
2113,Oliver,Smith,oliver.smith2113@mail.com,Small Business,4,Marseille,75943,2022-03-02,Active
2114,Oliver,Martin,oliver.martin2114@mail.com,Consumer,1,Galway,D182,2025-12-01,Active
2115,Oliver,Hall,oliver.hall2115@mail.com,Consumer,5,Seville,28892,2023-08-09,Active
2116,Amelia,Taylor,amelia.taylor2116@mail.com,Consumer,7,Chicago,10151,2024-12-20,Active
2117,Jack,Wilson,jack.wilson2117@mail.com,Small Business,2,Leeds,SW553,2020-03-09,Active
2118,Noah,Anderson,noah.anderson2118@mail.com,Small Business,3,Frankfurt,10881,2025-01-13,Inactive
2119,Emily,Jones,emily.jones2119@mail.com,Consumer,5,Madrid,28863,2023-11-12,Inactive
2120,Thomas,Garcia,thomas.garcia2120@mail.com,Corporate,6,Rotterdam,10678,2024-04-23,Active
2121,Jack,Murphy,jack.murphy2121@mail.com,Corporate,6,The Hague,10369,2024-06-15,Active
2122,Daniel,Taylor,daniel.taylor2122@mail.com,Consumer,8,Vancouver,M421,2025-02-02,Active
2123,Ethan,Taylor,ethan.taylor2123@mail.com,Small Business,6,Eindhoven,10211,2023-11-13,Inactive
2124,Oliver,Dubois,oliver.dubois2124@mail.com,Consumer,4,Lyon,75794,2020-02-13,Active
2125,Ethan,Murphy,ethan.murphy2125@mail.com,Consumer,1,Limerick,D343,2024-04-04,Active
2126,Mia,Lopez,mia.lopez2126@mail.com,Consumer,1,Cork,D323,2023-11-13,Inactive
2127,Anna,Lopez,anna.lopez2127@mail.com,Consumer,1,Athlone,D150,2023-04-30,Active
2128,Emma,Kelly,emma.kelly2128@mail.com,Small Business,7,Austin,10622,2021-07-30,Active
2129,James,Bernard,james.bernard2129@mail.com,Consumer,8,Toronto,M342,2023-02-02,Inactive
2130,Jack,Walker,jack.walker2130@mail.com,Consumer,2,Bristol,SW210,2021-02-20,Active
2131,Laura,White,laura.white2131@mail.com,Consumer,7,Chicago,10291,2025-08-08,Active
2132,Ethan,Johnson,ethan.johnson2132@mail.com,Small Business,1,Athlone,D649,2021-01-12,Active
2133,Daniel,Wilson,daniel.wilson2133@mail.com,Corporate,1,Limerick,D275,2025-10-28,Active
2134,Mia,White,mia.white2134@mail.com,Consumer,6,Eindhoven,10987,2024-11-28,Active
2135,Ella,Davies,ella.davies2135@mail.com,Small Business,7,Chicago,10656,2021-04-15,Active
2136,Emma,Davies,emma.davies2136@mail.com,Corporate,3,Berlin,10604,2025-01-15,Inactive
2137,Natalie,Brown,natalie.brown2137@mail.com,Consumer,3,Berlin,10512,2025-01-31,Inactive
2138,Ava,Martinez,ava.martinez2138@mail.com,Small Business,2,London,SW473,2021-08-23,Active
2139,Lucas,Smith,lucas.smith2139@mail.com,Consumer,3,Hamburg,10435,2021-12-01,Active
2140,Ava,Miller,ava.miller2140@mail.com,Consumer,1,Galway,D652,2024-02-08,Inactive
2141,Anna,Wilson,anna.wilson2141@mail.com,Consumer,8,Toronto,M635,2024-07-16,Active
2142,Grace,Jones,grace.jones2142@mail.com,Consumer,1,Limerick,D873,2023-09-02,Active
2143,Ella,Clark,ella.clark2143@mail.com,Consumer,4,Nice,75723,2023-01-04,Active
2144,Julia,Murphy,julia.murphy2144@mail.com,Consumer,7,New York,10971,2021-10-10,Active
2145,Emily,Anderson,emily.anderson2145@mail.com,Consumer,7,Boston,10543,2022-07-30,Active
2146,Leo,Johnson,leo.johnson2146@mail.com,Consumer,4,Nice,75445,2021-06-16,Active
2147,Leo,Müller,leo.müller2147@mail.com,Consumer,5,Bilbao,28568,2025-01-24,Active
2148,Isabella,Smith,isabella.smith2148@mail.com,Corporate,6,Rotterdam,10657,2024-01-02,Inactive
2149,Mia,Taylor,mia.taylor2149@mail.com,Consumer,3,Cologne,10562,2022-02-03,Active
2150,Oliver,De Vries,oliver.de vries2150@mail.com,Consumer,3,Frankfurt,10606,2020-09-17,Inactive
2151,Lucas,Hall,lucas.hall2151@mail.com,Consumer,3,Munich,10957,2024-11-22,Active
2152,Grace,Taylor,grace.taylor2152@mail.com,Corporate,3,Berlin,10909,2025-07-16,Active
2153,Liam,Martin,liam.martin2153@mail.com,Consumer,6,Rotterdam,10477,2022-02-01,Active
2154,Robert,Murphy,robert.murphy2154@mail.com,Small Business,6,Eindhoven,10490,2024-01-16,Active
2155,Grace,Kelly,grace.kelly2155@mail.com,Consumer,6,Rotterdam,10386,2020-05-05,Active
2156,Emma,Hall,emma.hall2156@mail.com,Consumer,7,Chicago,10636,2024-03-14,Inactive
2157,Ava,Taylor,ava.taylor2157@mail.com,Consumer,4,Nice,75401,2021-07-28,Active
2158,Sergey,Jones,sergey.jones2158@mail.com,Small Business,5,Valencia,28908,2025-12-21,Inactive
2159,Henry,Hall,henry.hall2159@mail.com,Consumer,7,Boston,10205,2022-03-07,Active
2160,Jack,Smith,jack.smith2160@mail.com,Consumer,3,Hamburg,10839,2023-09-04,Inactive
2161,Emma,Martin,emma.martin2161@mail.com,Corporate,2,Manchester,SW513,2021-11-17,Active
2162,Henry,Schmidt,henry.schmidt2162@mail.com,Consumer,7,Austin,10204,2025-12-09,Active
2163,Amelia,Brown,amelia.brown2163@mail.com,Consumer,7,New York,10761,2024-05-21,Inactive
2164,Ava,Hall,ava.hall2164@mail.com,Consumer,4,Marseille,75874,2023-08-21,Inactive
2165,Leo,Walker,leo.walker2165@mail.com,Consumer,7,Chicago,10413,2022-12-07,Active
2166,Robert,Martinez,robert.martinez2166@mail.com,Corporate,7,New York,10592,2020-11-01,Inactive
2167,Daniel,Martinez,daniel.martinez2167@mail.com,Consumer,2,Birmingham,SW912,2023-09-28,Active
2168,Olivia,Taylor,olivia.taylor2168@mail.com,Consumer,1,Galway,D400,2024-06-03,Inactive
2169,Thomas,Schmidt,thomas.schmidt2169@mail.com,Consumer,1,Cork,D474,2022-04-08,Active
2170,Mia,Thompson,mia.thompson2170@mail.com,Consumer,7,Seattle,10558,2025-11-18,Active
2171,Emily,Wilson,emily.wilson2171@mail.com,Consumer,1,Dublin,D390,2021-09-05,Active
2172,Olivia,Williams,olivia.williams2172@mail.com,Consumer,1,Athlone,D224,2025-02-13,Inactive
2173,Emily,Thompson,emily.thompson2173@mail.com,Small Business,4,Paris,75378,2021-06-23,Active
2174,Julia,Martinez,julia.martinez2174@mail.com,Consumer,1,Galway,D511,2025-11-27,Active
2175,Natalie,Schmidt,natalie.schmidt2175@mail.com,Consumer,7,Austin,10984,2024-10-19,Inactive
2176,Isabella,Lopez,isabella.lopez2176@mail.com,Consumer,7,Chicago,10241,2024-12-16,Inactive
2177,Amelia,Schmidt,amelia.schmidt2177@mail.com,Consumer,6,Utrecht,10850,2023-02-19,Inactive
2178,Sarah,Hall,sarah.hall2178@mail.com,Small Business,8,Ottawa,M394,2023-07-23,Active
2179,Leo,De Vries,leo.de vries2179@mail.com,Corporate,4,Toulouse,75440,2021-05-01,Active
2180,Julia,Murphy,julia.murphy2180@mail.com,Consumer,1,Galway,D481,2020-06-10,Active
2181,Robert,Davies,robert.davies2181@mail.com,Corporate,5,Barcelona,28758,2020-10-24,Active
2182,Julia,Schmidt,julia.schmidt2182@mail.com,Consumer,7,Austin,10448,2020-10-10,Inactive
2183,Daniel,Johnson,daniel.johnson2183@mail.com,Consumer,1,Cork,D798,2024-10-09,Active
2184,Leo,Hall,leo.hall2184@mail.com,Consumer,2,Leeds,SW495,2025-10-30,Inactive
2185,Julia,Anderson,julia.anderson2185@mail.com,Consumer,1,Limerick,D836,2022-06-28,Active
2186,Lucas,Thompson,lucas.thompson2186@mail.com,Consumer,5,Bilbao,28856,2020-01-27,Active
2187,Leo,Taylor,leo.taylor2187@mail.com,Consumer,7,Chicago,10824,2020-10-12,Active
2188,Daniel,Walker,daniel.walker2188@mail.com,Consumer,6,The Hague,10246,2020-09-14,Active
2189,Emily,Smith,emily.smith2189@mail.com,Consumer,5,Madrid,28192,2020-08-29,Active
2190,Mia,Williams,mia.williams2190@mail.com,Consumer,3,Frankfurt,10453,2022-04-15,Active
2191,David,Garcia,david.garcia2191@mail.com,Consumer,4,Paris,75781,2024-07-12,Inactive
2192,Ethan,Young,ethan.young2192@mail.com,Consumer,2,Birmingham,SW366,2023-12-04,Active
2193,Jack,Garcia,jack.garcia2193@mail.com,Consumer,4,Nice,75133,2021-07-09,Active
2194,Oliver,Martinez,oliver.martinez2194@mail.com,Consumer,1,Athlone,D346,2025-01-31,Active
2195,Ella,Hall,ella.hall2195@mail.com,Consumer,3,Berlin,10760,2022-01-14,Inactive
2196,Isabella,Miller,isabella.miller2196@mail.com,Consumer,2,Manchester,SW678,2022-05-30,Active
2197,Natalie,Murphy,natalie.murphy2197@mail.com,Consumer,8,Vancouver,M690,2023-08-27,Active
2198,Robert,Williams,robert.williams2198@mail.com,Small Business,6,Utrecht,10773,2021-02-16,Active
2199,Henry,Lopez,henry.lopez2199@mail.com,Consumer,5,Barcelona,28432,2021-08-12,Active
2200,Henry,White,henry.white2200@mail.com,Consumer,6,Utrecht,10373,2022-04-12,Inactive
2201,Laura,Johnson,laura.johnson2201@mail.com,Small Business,1,Limerick,D324,2025-03-11,Active
2202,Leo,Davies,leo.davies2202@mail.com,Consumer,7,Austin,10986,2020-03-21,Active
2203,David,Garcia,david.garcia2203@mail.com,Consumer,4,Toulouse,75718,2021-04-22,Inactive
2204,Grace,Williams,grace.williams2204@mail.com,Consumer,1,Dublin,D439,2024-12-07,Active
2205,Emily,Dubois,emily.dubois2205@mail.com,Small Business,5,Madrid,28319,2025-11-28,Inactive
2206,Thomas,Schmidt,thomas.schmidt2206@mail.com,Consumer,6,The Hague,10631,2021-07-20,Active
2207,Liam,White,liam.white2207@mail.com,Consumer,1,Galway,D506,2021-02-07,Active
2208,Ethan,Kelly,ethan.kelly2208@mail.com,Consumer,4,Nice,75600,2020-07-01,Inactive
2209,Amelia,Hall,amelia.hall2209@mail.com,Consumer,4,Lyon,75809,2024-11-30,Active
2210,Olivia,Williams,olivia.williams2210@mail.com,Consumer,5,Seville,28162,2022-08-27,Active
2211,Jack,Evans,jack.evans2211@mail.com,Corporate,2,London,SW934,2022-08-25,Active
2212,Oliver,Müller,oliver.müller2212@mail.com,Corporate,1,Athlone,D988,2021-10-29,Active
2213,Lucas,Johnson,lucas.johnson2213@mail.com,Small Business,1,Athlone,D867,2021-11-16,Active
2214,Oliver,Evans,oliver.evans2214@mail.com,Consumer,5,Bilbao,28297,2022-03-25,Active
2215,Daniel,King,daniel.king2215@mail.com,Consumer,5,Seville,28184,2020-01-21,Active
2216,Mia,Smith,mia.smith2216@mail.com,Consumer,6,Amsterdam,10748,2021-04-16,Active
2217,James,Taylor,james.taylor2217@mail.com,Consumer,6,Eindhoven,10519,2021-10-06,Inactive
2218,Lucas,Kelly,lucas.kelly2218@mail.com,Consumer,6,Amsterdam,10218,2021-04-16,Active
2219,James,Jones,james.jones2219@mail.com,Consumer,3,Cologne,10838,2022-01-10,Active
2220,Laura,Schmidt,laura.schmidt2220@mail.com,Small Business,3,Munich,10302,2025-12-07,Active
2221,Grace,Taylor,grace.taylor2221@mail.com,Consumer,1,Cork,D649,2024-11-02,Active
2222,Isabella,Johnson,isabella.johnson2222@mail.com,Small Business,5,Madrid,28253,2023-05-19,Active
2223,Oliver,Evans,oliver.evans2223@mail.com,Small Business,2,Leeds,SW740,2020-04-03,Active
2224,Julia,Murphy,julia.murphy2224@mail.com,Corporate,8,Vancouver,M710,2023-08-30,Active
2225,Liam,Walker,liam.walker2225@mail.com,Consumer,3,Hamburg,10458,2022-03-04,Inactive
2226,Oliver,White,oliver.white2226@mail.com,Small Business,7,Chicago,10832,2020-01-06,Active
2227,Michael,Jansen,michael.jansen2227@mail.com,Small Business,1,Dublin,D334,2025-07-26,Inactive
2228,Jack,Taylor,jack.taylor2228@mail.com,Corporate,1,Athlone,D434,2024-10-02,Active
2229,David,King,david.king2229@mail.com,Consumer,3,Berlin,10365,2021-06-17,Active
2230,David,Jones,david.jones2230@mail.com,Consumer,7,Seattle,10155,2020-04-15,Inactive
2231,Emily,Williams,emily.williams2231@mail.com,Consumer,1,Limerick,D384,2025-05-17,Active
2232,Emily,Kelly,emily.kelly2232@mail.com,Consumer,2,London,SW541,2024-12-19,Inactive
2233,Liam,Bernard,liam.bernard2233@mail.com,Consumer,7,Austin,10643,2022-07-23,Active
2234,Jack,Hall,jack.hall2234@mail.com,Small Business,3,Berlin,10327,2021-10-11,Active
2235,Noah,Brown,noah.brown2235@mail.com,Consumer,1,Limerick,D608,2020-03-10,Inactive
2236,Robert,White,robert.white2236@mail.com,Consumer,3,Hamburg,10553,2023-06-16,Active
2237,Sophia,Walker,sophia.walker2237@mail.com,Corporate,3,Hamburg,10591,2021-12-07,Active
2238,Sarah,Wilson,sarah.wilson2238@mail.com,Consumer,1,Dublin,D145,2025-03-06,Active
2239,Sarah,White,sarah.white2239@mail.com,Consumer,6,Rotterdam,10127,2025-10-07,Inactive
2240,James,Dubois,james.dubois2240@mail.com,Consumer,4,Paris,75600,2024-06-20,Active
2241,Noah,Lopez,noah.lopez2241@mail.com,Consumer,3,Hamburg,10558,2020-02-23,Active
2242,Liam,Hall,liam.hall2242@mail.com,Corporate,1,Dublin,D574,2021-03-19,Active
2243,Noah,Bernard,noah.bernard2243@mail.com,Consumer,2,London,SW573,2025-01-29,Active
2244,Noah,Walker,noah.walker2244@mail.com,Consumer,3,Cologne,10382,2023-03-24,Inactive
2245,Sarah,Martin,sarah.martin2245@mail.com,Consumer,2,Manchester,SW125,2021-12-17,Active
2246,Ethan,Müller,ethan.müller2246@mail.com,Small Business,4,Marseille,75557,2025-12-17,Inactive
2247,Emily,Wilson,emily.wilson2247@mail.com,Consumer,6,Amsterdam,10674,2025-07-25,Active
2248,Anna,White,anna.white2248@mail.com,Consumer,3,Munich,10942,2022-03-31,Inactive
2249,Thomas,Bernard,thomas.bernard2249@mail.com,Consumer,8,Vancouver,M180,2024-05-31,Active
2250,Amelia,Davies,amelia.davies2250@mail.com,Consumer,5,Seville,28119,2021-07-20,Active
2251,Jack,Martin,jack.martin2251@mail.com,Consumer,1,Galway,D438,2024-08-26,Active
2252,Sarah,Brown,sarah.brown2252@mail.com,Consumer,6,Eindhoven,10782,2020-07-26,Inactive
2253,Jack,Kelly,jack.kelly2253@mail.com,Small Business,1,Galway,D699,2020-03-21,Active
2254,Ella,Smith,ella.smith2254@mail.com,Consumer,4,Marseille,75355,2023-01-09,Active
2255,Ethan,Kelly,ethan.kelly2255@mail.com,Consumer,2,Bristol,SW138,2022-11-12,Active
2256,Emily,Walker,emily.walker2256@mail.com,Corporate,5,Seville,28902,2025-07-28,Inactive
2257,Sergey,Smith,sergey.smith2257@mail.com,Consumer,5,Seville,28801,2022-03-24,Active
2258,Ava,De Vries,ava.de vries2258@mail.com,Consumer,7,Seattle,10201,2023-04-13,Active
2259,Leo,Kelly,leo.kelly2259@mail.com,Consumer,2,Birmingham,SW354,2025-06-09,Active
2260,David,Schmidt,david.schmidt2260@mail.com,Consumer,7,Boston,10785,2024-11-24,Active
2261,Natalie,Brown,natalie.brown2261@mail.com,Small Business,5,Madrid,28828,2025-01-01,Active
2262,Sophia,Hall,sophia.hall2262@mail.com,Consumer,2,Leeds,SW152,2021-07-25,Inactive
2263,Ella,Hall,ella.hall2263@mail.com,Consumer,7,Seattle,10156,2021-12-03,Active
2264,Anna,Murphy,anna.murphy2264@mail.com,Consumer,5,Bilbao,28918,2022-11-28,Active
2265,Anna,Anderson,anna.anderson2265@mail.com,Consumer,2,Bristol,SW559,2025-10-02,Active
2266,Oliver,Dubois,oliver.dubois2266@mail.com,Small Business,7,Boston,10615,2020-04-01,Active
2267,Amelia,Murphy,amelia.murphy2267@mail.com,Corporate,8,Calgary,M366,2020-10-16,Active
2268,Ethan,Clark,ethan.clark2268@mail.com,Consumer,4,Marseille,75634,2021-05-07,Active
2269,Isabella,Martinez,isabella.martinez2269@mail.com,Consumer,4,Paris,75652,2024-03-11,Active
2270,Liam,Wilson,liam.wilson2270@mail.com,Consumer,1,Galway,D584,2020-07-10,Active
2271,Ethan,Walker,ethan.walker2271@mail.com,Consumer,7,New York,10406,2022-02-12,Inactive
2272,Sergey,Miller,sergey.miller2272@mail.com,Corporate,1,Athlone,D611,2020-12-10,Active
2273,Emily,Miller,emily.miller2273@mail.com,Consumer,7,Boston,10254,2024-09-30,Inactive
2274,Ava,Jansen,ava.jansen2274@mail.com,Consumer,6,Amsterdam,10373,2025-05-08,Active
2275,Henry,Anderson,henry.anderson2275@mail.com,Consumer,5,Madrid,28909,2021-04-27,Inactive
2276,Sophia,Kelly,sophia.kelly2276@mail.com,Small Business,1,Cork,D281,2025-07-17,Inactive
2277,Robert,White,robert.white2277@mail.com,Consumer,2,Leeds,SW462,2022-07-07,Active
2278,Isabella,Jansen,isabella.jansen2278@mail.com,Consumer,7,New York,10719,2024-06-18,Inactive
2279,Leo,Walker,leo.walker2279@mail.com,Consumer,6,Rotterdam,10837,2024-03-21,Active
2280,Sophia,Murphy,sophia.murphy2280@mail.com,Consumer,8,Montreal,M255,2022-12-24,Active
2281,Lucas,Lopez,lucas.lopez2281@mail.com,Consumer,3,Munich,10263,2023-10-16,Active
2282,Henry,Walker,henry.walker2282@mail.com,Consumer,4,Nice,75228,2024-07-23,Active
2283,Grace,White,grace.white2283@mail.com,Consumer,4,Toulouse,75645,2022-06-28,Active
2284,Robert,Bernard,robert.bernard2284@mail.com,Corporate,5,Seville,28591,2021-07-17,Active
2285,David,Martinez,david.martinez2285@mail.com,Consumer,8,Toronto,M535,2024-12-28,Active
2286,Oliver,Smith,oliver.smith2286@mail.com,Consumer,5,Madrid,28700,2023-05-13,Active
2287,David,De Vries,david.de vries2287@mail.com,Corporate,3,Munich,10831,2021-10-30,Inactive
2288,Daniel,Garcia,daniel.garcia2288@mail.com,Small Business,1,Galway,D291,2024-07-27,Active
2289,Jack,Schmidt,jack.schmidt2289@mail.com,Consumer,1,Galway,D898,2025-09-24,Active
2290,Olivia,King,olivia.king2290@mail.com,Small Business,7,Seattle,10248,2023-02-14,Active
2291,James,Bernard,james.bernard2291@mail.com,Consumer,1,Cork,D813,2023-07-26,Active
2292,Sarah,Jansen,sarah.jansen2292@mail.com,Consumer,2,London,SW581,2024-09-01,Inactive
2293,Natalie,Thompson,natalie.thompson2293@mail.com,Small Business,7,Chicago,10816,2020-09-24,Active
2294,Grace,Clark,grace.clark2294@mail.com,Consumer,5,Madrid,28987,2020-06-20,Inactive
2295,Ella,Jones,ella.jones2295@mail.com,Consumer,4,Toulouse,75377,2021-01-31,Inactive
2296,James,White,james.white2296@mail.com,Small Business,4,Nice,75289,2022-07-16,Inactive
2297,Jack,Lopez,jack.lopez2297@mail.com,Consumer,5,Bilbao,28732,2024-09-25,Active
2298,Grace,Martin,grace.martin2298@mail.com,Consumer,6,The Hague,10490,2024-12-08,Active
2299,Julia,Smith,julia.smith2299@mail.com,Consumer,6,Utrecht,10421,2023-09-02,Active
2300,Emily,Jones,emily.jones2300@mail.com,Consumer,1,Limerick,D469,2022-01-09,Active
2301,Ava,Young,ava.young2301@mail.com,Consumer,6,Amsterdam,10585,2020-07-01,Active
2302,Laura,Kelly,laura.kelly2302@mail.com,Small Business,3,Cologne,10870,2022-07-19,Inactive
2303,Emma,Davies,emma.davies2303@mail.com,Corporate,2,Manchester,SW202,2024-08-09,Active
2304,Emily,Kelly,emily.kelly2304@mail.com,Consumer,3,Berlin,10125,2024-04-01,Active
2305,Leo,Martinez,leo.martinez2305@mail.com,Consumer,7,Austin,10485,2022-10-21,Inactive
2306,Jack,White,jack.white2306@mail.com,Consumer,6,Eindhoven,10151,2024-11-16,Active
2307,Jack,Williams,jack.williams2307@mail.com,Small Business,7,Austin,10422,2020-02-28,Inactive
2308,Mia,Clark,mia.clark2308@mail.com,Consumer,7,New York,10684,2024-12-19,Inactive
2309,Leo,Clark,leo.clark2309@mail.com,Corporate,7,Chicago,10900,2023-07-30,Active
2310,Henry,Hall,henry.hall2310@mail.com,Consumer,3,Frankfurt,10996,2024-02-22,Inactive
2311,Julia,Johnson,julia.johnson2311@mail.com,Small Business,7,Austin,10817,2022-01-24,Active
2312,Ava,Johnson,ava.johnson2312@mail.com,Consumer,1,Galway,D334,2023-09-30,Active
2313,Natalie,Miller,natalie.miller2313@mail.com,Consumer,1,Cork,D221,2024-10-08,Active
2314,Ethan,Clark,ethan.clark2314@mail.com,Consumer,1,Limerick,D810,2025-01-25,Inactive
2315,Lucas,Clark,lucas.clark2315@mail.com,Consumer,2,Leeds,SW128,2023-07-18,Active
2316,Jack,Anderson,jack.anderson2316@mail.com,Consumer,1,Athlone,D934,2021-02-13,Active
2317,Amelia,Johnson,amelia.johnson2317@mail.com,Corporate,4,Paris,75878,2024-05-09,Active
2318,Grace,Martinez,grace.martinez2318@mail.com,Consumer,1,Limerick,D672,2024-06-10,Active
2319,Oliver,Williams,oliver.williams2319@mail.com,Consumer,2,London,SW921,2024-01-07,Active
2320,Michael,Bernard,michael.bernard2320@mail.com,Small Business,3,Frankfurt,10177,2022-12-13,Active
2321,Natalie,Williams,natalie.williams2321@mail.com,Consumer,6,Utrecht,10334,2020-08-07,Inactive
2322,Sophia,Müller,sophia.müller2322@mail.com,Small Business,3,Cologne,10149,2024-04-29,Inactive
2323,Thomas,Johnson,thomas.johnson2323@mail.com,Consumer,4,Marseille,75626,2021-11-22,Active
2324,James,Miller,james.miller2324@mail.com,Consumer,2,Birmingham,SW470,2022-08-10,Active
2325,Anna,Bernard,anna.bernard2325@mail.com,Consumer,1,Galway,D392,2022-11-08,Inactive
2326,Lucas,Hall,lucas.hall2326@mail.com,Small Business,3,Berlin,10214,2022-03-17,Active
2327,Lucas,King,lucas.king2327@mail.com,Consumer,8,Ottawa,M729,2025-01-06,Inactive
2328,Emily,Thompson,emily.thompson2328@mail.com,Consumer,6,Eindhoven,10882,2020-12-13,Active
2329,Leo,Johnson,leo.johnson2329@mail.com,Consumer,2,London,SW296,2021-11-12,Inactive
2330,Thomas,Smith,thomas.smith2330@mail.com,Consumer,6,Amsterdam,10770,2025-04-28,Active
2331,Oliver,De Vries,oliver.de vries2331@mail.com,Corporate,7,New York,10361,2024-05-04,Active
2332,Daniel,Kelly,daniel.kelly2332@mail.com,Consumer,6,Rotterdam,10432,2024-05-02,Active
2333,Robert,Davies,robert.davies2333@mail.com,Small Business,2,Birmingham,SW112,2023-09-17,Active
2334,Julia,Anderson,julia.anderson2334@mail.com,Consumer,7,Seattle,10551,2021-03-01,Inactive
2335,Amelia,Young,amelia.young2335@mail.com,Small Business,4,Marseille,75276,2020-10-01,Active
2336,Natalie,Miller,natalie.miller2336@mail.com,Consumer,2,Leeds,SW154,2024-01-12,Active
2337,Robert,Müller,robert.müller2337@mail.com,Consumer,7,Boston,10322,2020-09-27,Inactive
2338,Ella,Brown,ella.brown2338@mail.com,Consumer,6,Utrecht,10346,2020-03-04,Active
2339,Isabella,Martinez,isabella.martinez2339@mail.com,Consumer,1,Athlone,D852,2025-09-30,Inactive
2340,Grace,Jansen,grace.jansen2340@mail.com,Corporate,7,Boston,10626,2024-10-09,Active
2341,David,Anderson,david.anderson2341@mail.com,Consumer,7,Austin,10592,2020-09-06,Active
2342,James,Wilson,james.wilson2342@mail.com,Consumer,7,Austin,10485,2025-01-14,Active
2343,Oliver,Hall,oliver.hall2343@mail.com,Consumer,1,Cork,D374,2024-04-10,Active
2344,Thomas,Lopez,thomas.lopez2344@mail.com,Consumer,7,Chicago,10633,2022-07-16,Active
2345,Sarah,Brown,sarah.brown2345@mail.com,Corporate,2,Bristol,SW611,2021-09-10,Active
2346,Thomas,Williams,thomas.williams2346@mail.com,Corporate,3,Cologne,10987,2022-05-10,Active
2347,Ella,King,ella.king2347@mail.com,Consumer,6,Amsterdam,10145,2022-05-18,Active
2348,Henry,Williams,henry.williams2348@mail.com,Consumer,1,Athlone,D495,2020-01-09,Inactive
2349,James,Kelly,james.kelly2349@mail.com,Consumer,3,Cologne,10787,2020-05-02,Inactive
2350,James,Murphy,james.murphy2350@mail.com,Small Business,6,Rotterdam,10481,2020-12-08,Inactive
2351,Leo,Kelly,leo.kelly2351@mail.com,Small Business,7,Austin,10426,2022-08-21,Active
2352,Oliver,Jansen,oliver.jansen2352@mail.com,Small Business,5,Seville,28382,2025-09-21,Inactive
2353,David,Hall,david.hall2353@mail.com,Consumer,7,Austin,10518,2021-07-20,Active
2354,Sarah,Brown,sarah.brown2354@mail.com,Consumer,7,New York,10568,2020-05-22,Inactive
2355,Liam,Müller,liam.müller2355@mail.com,Corporate,7,Boston,10488,2023-02-16,Inactive
2356,Emma,Murphy,emma.murphy2356@mail.com,Consumer,7,Seattle,10532,2020-07-07,Active
2357,Liam,Young,liam.young2357@mail.com,Small Business,1,Galway,D988,2024-05-28,Active
2358,Michael,Walker,michael.walker2358@mail.com,Corporate,6,Amsterdam,10927,2022-07-09,Inactive
2359,James,Martin,james.martin2359@mail.com,Small Business,4,Toulouse,75142,2023-01-06,Active
2360,Ella,Clark,ella.clark2360@mail.com,Consumer,3,Cologne,10307,2022-03-08,Active
2361,Ava,Lopez,ava.lopez2361@mail.com,Consumer,4,Nice,75570,2024-07-17,Active
2362,Ella,Bernard,ella.bernard2362@mail.com,Small Business,4,Nice,75221,2025-10-31,Inactive
2363,Anna,Miller,anna.miller2363@mail.com,Small Business,4,Paris,75472,2025-06-10,Active
2364,Grace,Bernard,grace.bernard2364@mail.com,Consumer,3,Berlin,10683,2022-01-09,Inactive
2365,Liam,Anderson,liam.anderson2365@mail.com,Consumer,7,New York,10235,2022-08-27,Inactive
2366,David,Müller,david.müller2366@mail.com,Small Business,7,Boston,10691,2025-02-04,Active
2367,Leo,Smith,leo.smith2367@mail.com,Small Business,3,Cologne,10477,2020-01-24,Active
2368,Sarah,Dubois,sarah.dubois2368@mail.com,Consumer,8,Montreal,M220,2024-01-19,Inactive
2369,Leo,Anderson,leo.anderson2369@mail.com,Consumer,4,Lyon,75599,2021-01-04,Active
2370,Ethan,White,ethan.white2370@mail.com,Consumer,3,Cologne,10248,2020-11-01,Active
2371,Michael,Jansen,michael.jansen2371@mail.com,Corporate,1,Limerick,D372,2024-07-07,Active
2372,Emily,Garcia,emily.garcia2372@mail.com,Consumer,2,London,SW560,2023-10-01,Active
2373,Robert,King,robert.king2373@mail.com,Small Business,7,Austin,10372,2022-12-18,Active
2374,Ella,Müller,ella.müller2374@mail.com,Consumer,1,Dublin,D426,2023-04-17,Inactive
2375,Lucas,Murphy,lucas.murphy2375@mail.com,Consumer,7,Austin,10608,2021-08-02,Active
2376,Liam,Thompson,liam.thompson2376@mail.com,Consumer,6,Eindhoven,10324,2020-07-22,Active
2377,Noah,Dubois,noah.dubois2377@mail.com,Consumer,3,Munich,10385,2021-12-04,Inactive
2378,Amelia,Williams,amelia.williams2378@mail.com,Small Business,8,Montreal,M105,2023-09-05,Active
2379,Amelia,Johnson,amelia.johnson2379@mail.com,Consumer,1,Galway,D834,2025-10-17,Inactive
2380,Lucas,Bernard,lucas.bernard2380@mail.com,Consumer,2,Bristol,SW913,2020-10-23,Active
2381,Oliver,Kelly,oliver.kelly2381@mail.com,Corporate,1,Dublin,D193,2023-12-10,Active
2382,Liam,De Vries,liam.de vries2382@mail.com,Small Business,4,Paris,75935,2021-12-30,Active
2383,Sophia,Smith,sophia.smith2383@mail.com,Small Business,2,Manchester,SW936,2020-06-27,Inactive
2384,Grace,Jones,grace.jones2384@mail.com,Consumer,1,Limerick,D172,2022-03-28,Inactive
2385,Anna,Murphy,anna.murphy2385@mail.com,Corporate,5,Valencia,28817,2020-01-19,Active
2386,Grace,White,grace.white2386@mail.com,Consumer,7,Austin,10815,2023-07-03,Active
2387,Sergey,Jones,sergey.jones2387@mail.com,Consumer,2,Bristol,SW668,2025-11-07,Active
2388,Sophia,Müller,sophia.müller2388@mail.com,Consumer,7,Austin,10583,2021-06-22,Active
2389,Laura,Smith,laura.smith2389@mail.com,Corporate,3,Frankfurt,10307,2025-10-09,Active
2390,Oliver,Taylor,oliver.taylor2390@mail.com,Consumer,7,Austin,10146,2020-10-16,Active
2391,Ella,Miller,ella.miller2391@mail.com,Consumer,3,Munich,10170,2024-07-09,Inactive
2392,Daniel,Young,daniel.young2392@mail.com,Consumer,7,Boston,10882,2024-01-14,Active
2393,Natalie,Jones,natalie.jones2393@mail.com,Consumer,3,Frankfurt,10982,2024-09-19,Active
2394,Sophia,Kelly,sophia.kelly2394@mail.com,Consumer,8,Ottawa,M661,2024-10-24,Active
2395,Jack,Young,jack.young2395@mail.com,Corporate,8,Ottawa,M299,2023-05-12,Active
2396,Emma,White,emma.white2396@mail.com,Consumer,8,Montreal,M515,2022-07-22,Active
2397,Emma,Schmidt,emma.schmidt2397@mail.com,Consumer,4,Toulouse,75383,2020-08-05,Active
2398,Isabella,De Vries,isabella.de vries2398@mail.com,Consumer,3,Hamburg,10506,2023-10-06,Active
2399,Ethan,Thompson,ethan.thompson2399@mail.com,Consumer,2,Bristol,SW441,2020-02-09,Active
2400,Mia,Johnson,mia.johnson2400@mail.com,Small Business,1,Athlone,D204,2023-06-21,Active
2401,Oliver,Brown,oliver.brown2401@mail.com,Small Business,1,Limerick,D197,2025-03-10,Active
2402,Sarah,Evans,sarah.evans2402@mail.com,Consumer,1,Dublin,D803,2024-12-28,Active
2403,Liam,Martin,liam.martin2403@mail.com,Small Business,2,Birmingham,SW937,2024-02-28,Active
2404,Oliver,Miller,oliver.miller2404@mail.com,Corporate,6,Amsterdam,10782,2021-12-26,Active
2405,Robert,Schmidt,robert.schmidt2405@mail.com,Small Business,2,London,SW110,2024-01-03,Active
2406,David,White,david.white2406@mail.com,Consumer,7,New York,10445,2020-07-26,Active
2407,Natalie,Williams,natalie.williams2407@mail.com,Corporate,7,Boston,10365,2023-11-22,Inactive
2408,Emily,Schmidt,emily.schmidt2408@mail.com,Consumer,5,Madrid,28954,2020-05-11,Inactive
2409,Isabella,Anderson,isabella.anderson2409@mail.com,Small Business,1,Limerick,D709,2022-02-22,Active
2410,Michael,Thompson,michael.thompson2410@mail.com,Consumer,8,Vancouver,M782,2024-02-08,Active
2411,Ava,Evans,ava.evans2411@mail.com,Corporate,1,Dublin,D308,2022-06-04,Active
2412,Olivia,Jones,olivia.jones2412@mail.com,Small Business,1,Limerick,D146,2020-05-08,Active
2413,Ella,Evans,ella.evans2413@mail.com,Corporate,1,Galway,D730,2021-01-19,Active
2414,Olivia,Müller,olivia.müller2414@mail.com,Small Business,8,Ottawa,M448,2022-09-24,Active
2415,Ava,Smith,ava.smith2415@mail.com,Consumer,1,Limerick,D683,2020-05-16,Active
2416,Ava,Jansen,ava.jansen2416@mail.com,Corporate,5,Bilbao,28160,2024-10-21,Active
2417,Michael,Dubois,michael.dubois2417@mail.com,Consumer,4,Lyon,75590,2025-05-09,Active
2418,Lucas,Anderson,lucas.anderson2418@mail.com,Consumer,6,The Hague,10968,2022-06-11,Active
2419,Michael,Müller,michael.müller2419@mail.com,Consumer,2,Leeds,SW602,2022-07-10,Inactive
2420,Julia,Hall,julia.hall2420@mail.com,Consumer,3,Berlin,10323,2021-10-05,Active
2421,Thomas,Murphy,thomas.murphy2421@mail.com,Consumer,5,Seville,28420,2020-10-25,Active
2422,Ava,Williams,ava.williams2422@mail.com,Consumer,1,Athlone,D360,2023-03-16,Active
2423,Sergey,Williams,sergey.williams2423@mail.com,Consumer,5,Barcelona,28415,2021-09-04,Active
2424,Oliver,Murphy,oliver.murphy2424@mail.com,Consumer,7,Seattle,10959,2020-05-10,Active
2425,Liam,Johnson,liam.johnson2425@mail.com,Consumer,3,Munich,10114,2024-08-22,Active
2426,James,Smith,james.smith2426@mail.com,Consumer,7,Chicago,10913,2024-04-21,Active
2427,Liam,Evans,liam.evans2427@mail.com,Corporate,5,Seville,28442,2023-10-02,Inactive
2428,Grace,Hall,grace.hall2428@mail.com,Consumer,3,Cologne,10854,2022-02-01,Inactive
2429,Ava,Kelly,ava.kelly2429@mail.com,Corporate,2,Manchester,SW529,2022-08-03,Active
2430,Robert,Anderson,robert.anderson2430@mail.com,Consumer,7,Austin,10633,2021-08-02,Active
2431,Isabella,Dubois,isabella.dubois2431@mail.com,Consumer,1,Cork,D101,2020-04-11,Inactive
2432,Sarah,Müller,sarah.müller2432@mail.com,Consumer,1,Athlone,D106,2021-10-25,Active
2433,Michael,Williams,michael.williams2433@mail.com,Consumer,2,Bristol,SW842,2021-02-09,Active
2434,Natalie,King,natalie.king2434@mail.com,Small Business,1,Athlone,D686,2025-11-18,Inactive
2435,Anna,Müller,anna.müller2435@mail.com,Consumer,6,Amsterdam,10615,2021-01-21,Inactive
2436,Olivia,Schmidt,olivia.schmidt2436@mail.com,Small Business,2,Birmingham,SW682,2020-11-30,Inactive
2437,Mia,Williams,mia.williams2437@mail.com,Consumer,6,The Hague,10145,2021-01-20,Active
2438,David,Schmidt,david.schmidt2438@mail.com,Consumer,6,The Hague,10978,2022-08-26,Active
2439,Ava,De Vries,ava.de vries2439@mail.com,Consumer,1,Athlone,D591,2021-09-25,Active
2440,Jack,Schmidt,jack.schmidt2440@mail.com,Small Business,7,New York,10626,2023-06-27,Active
2441,David,Garcia,david.garcia2441@mail.com,Consumer,2,Manchester,SW664,2021-10-27,Active
2442,Ella,Jones,ella.jones2442@mail.com,Consumer,5,Barcelona,28160,2022-07-25,Active
2443,Jack,Garcia,jack.garcia2443@mail.com,Consumer,1,Cork,D867,2023-02-15,Active
2444,Olivia,Jansen,olivia.jansen2444@mail.com,Consumer,1,Cork,D853,2022-03-14,Active
2445,Sergey,Taylor,sergey.taylor2445@mail.com,Consumer,1,Cork,D324,2020-07-26,Active
2446,Isabella,Garcia,isabella.garcia2446@mail.com,Small Business,1,Cork,D812,2024-01-11,Active
2447,Michael,Taylor,michael.taylor2447@mail.com,Small Business,2,Manchester,SW615,2020-06-18,Active
2448,Robert,Kelly,robert.kelly2448@mail.com,Consumer,3,Munich,10102,2024-07-25,Active
2449,Sarah,De Vries,sarah.de vries2449@mail.com,Corporate,3,Frankfurt,10567,2022-08-03,Inactive
2450,Robert,Jansen,robert.jansen2450@mail.com,Consumer,3,Munich,10235,2021-01-28,Active
2451,Sergey,Williams,sergey.williams2451@mail.com,Consumer,6,Amsterdam,10580,2021-01-02,Active
2452,Emily,Kelly,emily.kelly2452@mail.com,Consumer,3,Cologne,10323,2021-10-13,Active
2453,Liam,Wilson,liam.wilson2453@mail.com,Small Business,8,Ottawa,M940,2022-10-12,Active
2454,Ava,Martin,ava.martin2454@mail.com,Consumer,1,Dublin,D920,2021-10-26,Active
2455,Sophia,Garcia,sophia.garcia2455@mail.com,Consumer,8,Montreal,M515,2020-02-27,Active
2456,Sophia,Walker,sophia.walker2456@mail.com,Consumer,8,Toronto,M492,2024-05-29,Active
2457,Natalie,Jones,natalie.jones2457@mail.com,Consumer,6,Eindhoven,10470,2020-12-10,Active
2458,Grace,Evans,grace.evans2458@mail.com,Consumer,1,Dublin,D551,2022-11-09,Inactive
2459,Daniel,Miller,daniel.miller2459@mail.com,Consumer,3,Munich,10834,2023-06-08,Active
2460,Olivia,Murphy,olivia.murphy2460@mail.com,Consumer,4,Toulouse,75271,2023-05-23,Inactive
2461,Julia,Williams,julia.williams2461@mail.com,Consumer,2,London,SW190,2024-04-27,Active
2462,Jack,Taylor,jack.taylor2462@mail.com,Consumer,8,Montreal,M770,2024-08-10,Active
2463,Lucas,Brown,lucas.brown2463@mail.com,Small Business,2,London,SW646,2025-10-09,Inactive
2464,Emily,Miller,emily.miller2464@mail.com,Small Business,8,Calgary,M251,2021-02-05,Active
2465,Natalie,Walker,natalie.walker2465@mail.com,Consumer,6,The Hague,10799,2020-12-12,Inactive
2466,Daniel,Lopez,daniel.lopez2466@mail.com,Small Business,2,Manchester,SW837,2023-10-19,Active
2467,Ethan,Young,ethan.young2467@mail.com,Consumer,8,Montreal,M644,2024-02-06,Active
2468,Jack,Taylor,jack.taylor2468@mail.com,Small Business,2,Manchester,SW179,2020-05-22,Active
2469,Olivia,Hall,olivia.hall2469@mail.com,Consumer,6,Amsterdam,10482,2025-12-06,Active
2470,Isabella,Clark,isabella.clark2470@mail.com,Small Business,3,Cologne,10791,2024-05-18,Active
2471,Sarah,Dubois,sarah.dubois2471@mail.com,Consumer,4,Marseille,75839,2024-07-02,Active
2472,Olivia,Davies,olivia.davies2472@mail.com,Consumer,8,Calgary,M977,2024-11-23,Active
2473,Natalie,Thompson,natalie.thompson2473@mail.com,Consumer,3,Berlin,10541,2025-08-21,Active
2474,Lucas,Smith,lucas.smith2474@mail.com,Consumer,7,Austin,10122,2021-12-26,Active
2475,Natalie,Walker,natalie.walker2475@mail.com,Consumer,4,Marseille,75289,2023-06-08,Inactive
2476,Emma,White,emma.white2476@mail.com,Consumer,5,Seville,28409,2024-02-29,Inactive
2477,Julia,King,julia.king2477@mail.com,Consumer,2,Birmingham,SW239,2022-09-08,Active
2478,Michael,Jansen,michael.jansen2478@mail.com,Consumer,3,Frankfurt,10225,2021-05-01,Active
2479,Anna,Wilson,anna.wilson2479@mail.com,Consumer,1,Cork,D525,2022-03-11,Active
2480,Emma,Young,emma.young2480@mail.com,Consumer,2,London,SW563,2023-06-19,Inactive
2481,David,Dubois,david.dubois2481@mail.com,Consumer,2,London,SW130,2022-07-14,Active
2482,Amelia,Walker,amelia.walker2482@mail.com,Small Business,4,Lyon,75223,2023-12-30,Active
2483,Ella,Dubois,ella.dubois2483@mail.com,Small Business,3,Cologne,10387,2021-01-13,Active
2484,Olivia,Walker,olivia.walker2484@mail.com,Small Business,1,Cork,D543,2023-02-18,Inactive
2485,Julia,Miller,julia.miller2485@mail.com,Consumer,2,Leeds,SW298,2025-08-02,Active
2486,Natalie,Walker,natalie.walker2486@mail.com,Consumer,7,Seattle,10915,2020-04-13,Active
2487,Thomas,Jones,thomas.jones2487@mail.com,Small Business,7,Seattle,10563,2022-06-30,Active
2488,Ava,Miller,ava.miller2488@mail.com,Consumer,4,Lyon,75579,2023-08-19,Active
2489,Natalie,Kelly,natalie.kelly2489@mail.com,Corporate,1,Galway,D934,2020-07-10,Active
2490,Natalie,Lopez,natalie.lopez2490@mail.com,Consumer,7,Austin,10433,2020-09-14,Active
2491,Natalie,Jones,natalie.jones2491@mail.com,Small Business,1,Cork,D846,2025-06-04,Active
2492,Ethan,Schmidt,ethan.schmidt2492@mail.com,Consumer,1,Cork,D222,2025-03-11,Inactive
2493,Leo,Davies,leo.davies2493@mail.com,Small Business,1,Cork,D881,2021-05-20,Inactive
2494,Sergey,Anderson,sergey.anderson2494@mail.com,Consumer,4,Lyon,75135,2020-12-21,Active
2495,Ava,De Vries,ava.de vries2495@mail.com,Consumer,1,Cork,D630,2023-11-17,Inactive
2496,Laura,Murphy,laura.murphy2496@mail.com,Consumer,2,Leeds,SW902,2022-02-02,Active
2497,Laura,Müller,laura.müller2497@mail.com,Small Business,3,Munich,10340,2023-12-13,Active
2498,Sergey,Anderson,sergey.anderson2498@mail.com,Consumer,2,Bristol,SW294,2024-12-18,Active
2499,Olivia,Hall,olivia.hall2499@mail.com,Consumer,1,Cork,D900,2025-04-24,Active
2500,Henry,Bernard,henry.bernard2500@mail.com,Consumer,2,Birmingham,SW135,2024-10-14,Inactive
2501,Natalie,Kelly,natalie.kelly2501@mail.com,Consumer,3,Munich,10498,2025-02-23,Inactive
2502,James,Clark,james.clark2502@mail.com,Small Business,7,Chicago,10490,2025-09-02,Active
2503,Mia,Brown,mia.brown2503@mail.com,Consumer,1,Galway,D760,2021-09-30,Active
2504,Ella,Miller,ella.miller2504@mail.com,Consumer,7,Seattle,10782,2022-01-19,Inactive
2505,David,Wilson,david.wilson2505@mail.com,Small Business,8,Calgary,M589,2025-12-27,Active
2506,David,Wilson,david.wilson2506@mail.com,Consumer,3,Munich,10807,2021-06-20,Active
2507,Ethan,King,ethan.king2507@mail.com,Consumer,1,Dublin,D872,2025-09-13,Active
2508,Lucas,Müller,lucas.müller2508@mail.com,Consumer,2,Manchester,SW282,2021-09-23,Active
2509,Ava,Williams,ava.williams2509@mail.com,Consumer,3,Berlin,10498,2023-10-14,Active
2510,Sergey,White,sergey.white2510@mail.com,Small Business,7,Chicago,10168,2025-05-15,Active
2511,Jack,Martin,jack.martin2511@mail.com,Consumer,4,Lyon,75106,2025-07-07,Inactive
2512,Henry,Hall,henry.hall2512@mail.com,Small Business,5,Bilbao,28431,2023-06-02,Active
2513,Anna,Smith,anna.smith2513@mail.com,Small Business,1,Cork,D510,2022-06-19,Active
2514,Leo,Miller,leo.miller2514@mail.com,Consumer,4,Toulouse,75772,2024-06-23,Active
2515,Emma,Thompson,emma.thompson2515@mail.com,Small Business,3,Berlin,10470,2023-02-07,Active
2516,Oliver,White,oliver.white2516@mail.com,Corporate,2,London,SW477,2021-12-14,Active
2517,Laura,Wilson,laura.wilson2517@mail.com,Consumer,3,Hamburg,10437,2020-10-21,Inactive
2518,Grace,King,grace.king2518@mail.com,Consumer,2,Leeds,SW706,2021-01-09,Active
2519,Isabella,Lopez,isabella.lopez2519@mail.com,Consumer,5,Barcelona,28161,2025-07-27,Inactive
2520,Sarah,Jones,sarah.jones2520@mail.com,Consumer,7,Seattle,10262,2020-03-15,Active
2521,Julia,Johnson,julia.johnson2521@mail.com,Consumer,1,Dublin,D253,2025-07-25,Active
2522,Daniel,Jansen,daniel.jansen2522@mail.com,Small Business,1,Limerick,D735,2022-09-24,Inactive
2523,Grace,Johnson,grace.johnson2523@mail.com,Consumer,4,Nice,75635,2025-02-02,Inactive
2524,Ethan,Bernard,ethan.bernard2524@mail.com,Small Business,2,Manchester,SW181,2025-07-02,Active
2525,Sergey,Martin,sergey.martin2525@mail.com,Consumer,1,Galway,D812,2020-04-25,Inactive
2526,Sophia,Müller,sophia.müller2526@mail.com,Small Business,5,Barcelona,28746,2022-08-29,Active
2527,Emily,Smith,emily.smith2527@mail.com,Consumer,2,Manchester,SW131,2024-04-14,Active
2528,James,Jones,james.jones2528@mail.com,Consumer,2,Bristol,SW170,2020-07-06,Active
2529,David,Müller,david.müller2529@mail.com,Small Business,7,Austin,10389,2025-06-14,Inactive
2530,Leo,Garcia,leo.garcia2530@mail.com,Consumer,7,New York,10243,2020-01-29,Inactive
2531,Isabella,Martin,isabella.martin2531@mail.com,Consumer,8,Calgary,M608,2023-06-08,Inactive
2532,Isabella,Jansen,isabella.jansen2532@mail.com,Corporate,2,London,SW529,2025-01-17,Active
2533,Olivia,Bernard,olivia.bernard2533@mail.com,Consumer,3,Hamburg,10133,2020-05-18,Active
2534,Olivia,Schmidt,olivia.schmidt2534@mail.com,Consumer,3,Berlin,10702,2022-06-22,Inactive
2535,Grace,Bernard,grace.bernard2535@mail.com,Corporate,8,Calgary,M180,2022-02-02,Active
2536,Grace,Johnson,grace.johnson2536@mail.com,Consumer,7,Seattle,10328,2024-01-06,Active
2537,Michael,Müller,michael.müller2537@mail.com,Consumer,2,Manchester,SW476,2025-03-23,Active
2538,Amelia,Williams,amelia.williams2538@mail.com,Consumer,1,Cork,D536,2025-03-10,Active
2539,Oliver,Hall,oliver.hall2539@mail.com,Consumer,2,Bristol,SW735,2023-07-10,Active
2540,Olivia,King,olivia.king2540@mail.com,Consumer,5,Seville,28353,2023-02-27,Active
2541,David,Wilson,david.wilson2541@mail.com,Small Business,8,Montreal,M826,2023-04-11,Active
2542,Sarah,Young,sarah.young2542@mail.com,Consumer,7,Seattle,10683,2023-06-04,Active
2543,Henry,Walker,henry.walker2543@mail.com,Consumer,6,Eindhoven,10391,2022-11-24,Active
2544,Jack,Young,jack.young2544@mail.com,Consumer,4,Nice,75877,2024-08-06,Active
2545,Noah,Jansen,noah.jansen2545@mail.com,Consumer,1,Cork,D719,2023-09-06,Inactive
2546,Daniel,Jansen,daniel.jansen2546@mail.com,Consumer,6,The Hague,10696,2025-12-23,Active
2547,Ethan,Brown,ethan.brown2547@mail.com,Corporate,1,Athlone,D556,2020-02-02,Active
2548,Ethan,Brown,ethan.brown2548@mail.com,Small Business,1,Limerick,D434,2025-05-14,Active
2549,Amelia,Müller,amelia.müller2549@mail.com,Consumer,7,Seattle,10479,2022-02-28,Active
2550,Grace,Jones,grace.jones2550@mail.com,Consumer,4,Paris,75143,2021-05-29,Active
2551,Sophia,Hall,sophia.hall2551@mail.com,Consumer,2,London,SW251,2023-05-31,Active
2552,Thomas,Murphy,thomas.murphy2552@mail.com,Small Business,4,Marseille,75209,2021-08-02,Active
2553,Daniel,Thompson,daniel.thompson2553@mail.com,Consumer,7,Seattle,10985,2025-03-05,Active
2554,Emily,Martin,emily.martin2554@mail.com,Consumer,4,Marseille,75743,2022-02-18,Inactive
2555,Ella,Bernard,ella.bernard2555@mail.com,Corporate,8,Ottawa,M323,2020-11-19,Active
2556,Olivia,Lopez,olivia.lopez2556@mail.com,Consumer,2,Birmingham,SW506,2023-05-07,Inactive
2557,Oliver,Davies,oliver.davies2557@mail.com,Consumer,2,Manchester,SW403,2024-02-28,Active
2558,Sophia,Williams,sophia.williams2558@mail.com,Consumer,2,Manchester,SW299,2021-07-09,Active
2559,Ethan,Wilson,ethan.wilson2559@mail.com,Consumer,3,Berlin,10119,2024-07-23,Active
2560,Isabella,Anderson,isabella.anderson2560@mail.com,Consumer,2,Leeds,SW900,2024-08-29,Active
2561,Sarah,Young,sarah.young2561@mail.com,Consumer,1,Cork,D682,2023-07-09,Active
2562,Grace,Kelly,grace.kelly2562@mail.com,Small Business,3,Berlin,10762,2021-09-18,Inactive
2563,Leo,Smith,leo.smith2563@mail.com,Consumer,3,Berlin,10409,2025-03-22,Active
2564,Noah,Jones,noah.jones2564@mail.com,Consumer,7,Austin,10148,2022-07-24,Active
2565,Ella,De Vries,ella.de vries2565@mail.com,Consumer,2,Birmingham,SW285,2023-02-22,Inactive
2566,Laura,Hall,laura.hall2566@mail.com,Consumer,6,Rotterdam,10632,2021-10-15,Active
2567,Henry,Murphy,henry.murphy2567@mail.com,Consumer,5,Valencia,28510,2021-07-12,Active
2568,Robert,Murphy,robert.murphy2568@mail.com,Consumer,2,Manchester,SW359,2022-07-29,Inactive
2569,Oliver,Thompson,oliver.thompson2569@mail.com,Consumer,4,Toulouse,75902,2021-05-18,Inactive
2570,Thomas,Murphy,thomas.murphy2570@mail.com,Small Business,3,Munich,10894,2024-11-27,Inactive
2571,Olivia,Clark,olivia.clark2571@mail.com,Consumer,5,Madrid,28277,2023-07-15,Active
2572,Daniel,Kelly,daniel.kelly2572@mail.com,Corporate,5,Barcelona,28336,2020-11-16,Active
2573,Ethan,Davies,ethan.davies2573@mail.com,Consumer,7,Chicago,10147,2020-04-28,Active
2574,Isabella,Smith,isabella.smith2574@mail.com,Consumer,4,Lyon,75267,2020-03-08,Active
2575,Robert,Müller,robert.müller2575@mail.com,Consumer,2,Leeds,SW951,2020-08-27,Active
2576,Ella,Dubois,ella.dubois2576@mail.com,Small Business,5,Seville,28757,2021-02-20,Inactive
2577,Jack,Bernard,jack.bernard2577@mail.com,Consumer,3,Cologne,10982,2021-03-09,Active
2578,Noah,Martin,noah.martin2578@mail.com,Consumer,8,Vancouver,M649,2024-01-13,Inactive
2579,Anna,Garcia,anna.garcia2579@mail.com,Consumer,1,Dublin,D284,2021-08-30,Active
2580,Noah,White,noah.white2580@mail.com,Consumer,2,Bristol,SW388,2023-11-06,Active
2581,Laura,Thompson,laura.thompson2581@mail.com,Corporate,7,Seattle,10355,2021-08-26,Active
2582,David,Smith,david.smith2582@mail.com,Consumer,3,Berlin,10188,2022-02-02,Active
2583,Isabella,Martinez,isabella.martinez2583@mail.com,Consumer,1,Galway,D804,2020-06-20,Inactive
2584,Laura,De Vries,laura.de vries2584@mail.com,Consumer,7,New York,10565,2020-07-23,Active
2585,Mia,Evans,mia.evans2585@mail.com,Small Business,7,Chicago,10712,2020-05-27,Active
2586,Grace,De Vries,grace.de vries2586@mail.com,Consumer,3,Munich,10712,2022-10-28,Active
2587,Robert,Clark,robert.clark2587@mail.com,Consumer,6,Rotterdam,10279,2021-03-24,Active
2588,Ava,Thompson,ava.thompson2588@mail.com,Consumer,7,Boston,10565,2022-11-08,Active
2589,Olivia,Hall,olivia.hall2589@mail.com,Consumer,2,London,SW484,2023-03-30,Active
2590,Emma,Miller,emma.miller2590@mail.com,Consumer,3,Frankfurt,10970,2022-12-03,Active
2591,Laura,Thompson,laura.thompson2591@mail.com,Consumer,7,Chicago,10307,2020-01-07,Active
2592,Isabella,Young,isabella.young2592@mail.com,Consumer,2,Bristol,SW611,2020-03-16,Active
2593,Isabella,Murphy,isabella.murphy2593@mail.com,Consumer,1,Galway,D728,2021-11-11,Inactive
2594,Anna,Müller,anna.müller2594@mail.com,Consumer,6,Utrecht,10294,2020-10-19,Inactive
2595,Emily,Anderson,emily.anderson2595@mail.com,Consumer,4,Lyon,75263,2022-01-14,Active
2596,Jack,Williams,jack.williams2596@mail.com,Corporate,3,Frankfurt,10426,2025-01-26,Active
2597,Olivia,Jansen,olivia.jansen2597@mail.com,Consumer,2,London,SW508,2021-09-21,Active
2598,Lucas,White,lucas.white2598@mail.com,Consumer,4,Marseille,75686,2021-07-02,Active
2599,Leo,Brown,leo.brown2599@mail.com,Consumer,1,Limerick,D323,2020-10-19,Active
2600,Emma,Schmidt,emma.schmidt2600@mail.com,Consumer,1,Cork,D574,2024-07-05,Active
2601,Ethan,Walker,ethan.walker2601@mail.com,Consumer,5,Barcelona,28143,2023-04-30,Inactive
2602,Emma,Miller,emma.miller2602@mail.com,Consumer,3,Berlin,10761,2022-11-27,Active
2603,Daniel,Thompson,daniel.thompson2603@mail.com,Consumer,1,Athlone,D878,2021-03-14,Active
2604,Grace,Lopez,grace.lopez2604@mail.com,Consumer,1,Cork,D165,2022-07-08,Active
2605,Lucas,Brown,lucas.brown2605@mail.com,Small Business,2,Birmingham,SW867,2021-12-09,Active
2606,Natalie,Young,natalie.young2606@mail.com,Consumer,4,Nice,75257,2021-04-06,Inactive
2607,Ella,Garcia,ella.garcia2607@mail.com,Consumer,4,Paris,75206,2024-07-02,Active
2608,Jack,Lopez,jack.lopez2608@mail.com,Consumer,4,Marseille,75868,2020-08-27,Active
2609,Anna,Murphy,anna.murphy2609@mail.com,Small Business,7,Chicago,10683,2020-06-23,Inactive
2610,Amelia,Garcia,amelia.garcia2610@mail.com,Small Business,3,Cologne,10435,2022-09-28,Inactive
2611,Leo,Hall,leo.hall2611@mail.com,Small Business,5,Madrid,28710,2024-06-23,Inactive
2612,Daniel,Evans,daniel.evans2612@mail.com,Consumer,6,Rotterdam,10832,2022-01-08,Inactive
2613,Ethan,Smith,ethan.smith2613@mail.com,Consumer,7,Austin,10806,2022-03-02,Active
2614,Ethan,De Vries,ethan.de vries2614@mail.com,Consumer,1,Dublin,D388,2022-11-02,Inactive
2615,Natalie,Young,natalie.young2615@mail.com,Consumer,8,Ottawa,M557,2021-04-03,Active
2616,Sophia,Jansen,sophia.jansen2616@mail.com,Consumer,7,Boston,10198,2023-02-11,Active
2617,Daniel,Brown,daniel.brown2617@mail.com,Consumer,4,Toulouse,75532,2020-03-22,Inactive
2618,Michael,Thompson,michael.thompson2618@mail.com,Consumer,1,Dublin,D105,2021-11-19,Active
2619,Laura,Williams,laura.williams2619@mail.com,Consumer,8,Calgary,M293,2023-10-10,Active
2620,Sergey,Kelly,sergey.kelly2620@mail.com,Small Business,1,Galway,D350,2023-08-30,Active
2621,Liam,King,liam.king2621@mail.com,Consumer,4,Lyon,75527,2023-12-26,Active
2622,Grace,Clark,grace.clark2622@mail.com,Consumer,5,Seville,28646,2020-09-12,Inactive
2623,Isabella,Clark,isabella.clark2623@mail.com,Corporate,2,Manchester,SW281,2024-11-21,Active
2624,Amelia,De Vries,amelia.de vries2624@mail.com,Consumer,7,Chicago,10319,2024-04-27,Inactive
2625,Laura,Smith,laura.smith2625@mail.com,Consumer,3,Berlin,10746,2025-09-02,Inactive
2626,Isabella,Brown,isabella.brown2626@mail.com,Consumer,2,Birmingham,SW895,2022-10-12,Active
2627,Oliver,Taylor,oliver.taylor2627@mail.com,Consumer,1,Cork,D305,2021-09-27,Active
2628,Lucas,Brown,lucas.brown2628@mail.com,Small Business,6,Rotterdam,10457,2025-09-12,Active
2629,Emily,Thompson,emily.thompson2629@mail.com,Consumer,4,Marseille,75825,2020-09-16,Active
2630,Robert,Garcia,robert.garcia2630@mail.com,Consumer,3,Berlin,10532,2025-07-12,Active
2631,Ethan,Murphy,ethan.murphy2631@mail.com,Consumer,7,Austin,10353,2025-11-10,Active
2632,Isabella,De Vries,isabella.de vries2632@mail.com,Corporate,5,Madrid,28571,2024-12-26,Active
2633,Grace,Bernard,grace.bernard2633@mail.com,Consumer,3,Cologne,10809,2025-12-24,Active
2634,Mia,Williams,mia.williams2634@mail.com,Corporate,3,Munich,10818,2020-03-09,Inactive
2635,Michael,Walker,michael.walker2635@mail.com,Consumer,3,Munich,10726,2024-06-23,Active
2636,James,Jones,james.jones2636@mail.com,Consumer,4,Marseille,75731,2023-08-18,Active
2637,Henry,De Vries,henry.de vries2637@mail.com,Consumer,3,Berlin,10882,2023-01-22,Inactive
2638,Robert,Jones,robert.jones2638@mail.com,Consumer,6,Eindhoven,10246,2020-04-02,Inactive
2639,Leo,Smith,leo.smith2639@mail.com,Consumer,3,Frankfurt,10596,2024-11-28,Active
2640,Ella,White,ella.white2640@mail.com,Consumer,4,Toulouse,75361,2025-02-16,Active
2641,Julia,Jansen,julia.jansen2641@mail.com,Consumer,6,Amsterdam,10621,2023-03-10,Active
2642,Sarah,Martinez,sarah.martinez2642@mail.com,Consumer,7,Seattle,10348,2023-05-23,Active
2643,Amelia,Johnson,amelia.johnson2643@mail.com,Consumer,7,Boston,10649,2023-11-07,Active
2644,Leo,Clark,leo.clark2644@mail.com,Consumer,8,Montreal,M423,2025-12-26,Active
2645,Ethan,Miller,ethan.miller2645@mail.com,Small Business,7,New York,10434,2025-10-09,Active
2646,Robert,Kelly,robert.kelly2646@mail.com,Consumer,1,Limerick,D140,2021-11-02,Inactive
2647,Ella,De Vries,ella.de vries2647@mail.com,Consumer,3,Cologne,10283,2020-09-07,Active
2648,Jack,Müller,jack.müller2648@mail.com,Consumer,4,Lyon,75100,2025-10-31,Active
2649,Sarah,Kelly,sarah.kelly2649@mail.com,Consumer,7,Boston,10664,2023-09-13,Active
2650,Laura,Garcia,laura.garcia2650@mail.com,Small Business,5,Madrid,28666,2022-12-08,Active
2651,Julia,Davies,julia.davies2651@mail.com,Consumer,3,Frankfurt,10907,2020-02-29,Active
2652,Noah,Murphy,noah.murphy2652@mail.com,Consumer,7,Austin,10837,2022-05-21,Inactive
2653,Ava,Brown,ava.brown2653@mail.com,Consumer,6,Amsterdam,10466,2023-12-28,Inactive
2654,Ella,Wilson,ella.wilson2654@mail.com,Small Business,2,Bristol,SW780,2022-02-23,Active
2655,Grace,Kelly,grace.kelly2655@mail.com,Small Business,3,Berlin,10769,2025-08-20,Active
2656,Ethan,Bernard,ethan.bernard2656@mail.com,Consumer,4,Lyon,75537,2020-05-23,Active
2657,James,Kelly,james.kelly2657@mail.com,Consumer,7,Austin,10410,2022-08-03,Active
2658,Emily,Kelly,emily.kelly2658@mail.com,Consumer,1,Galway,D532,2024-05-30,Inactive
2659,Olivia,Williams,olivia.williams2659@mail.com,Corporate,7,Seattle,10245,2023-05-17,Active
2660,Natalie,Müller,natalie.müller2660@mail.com,Small Business,1,Cork,D422,2024-11-21,Inactive
2661,Ethan,Hall,ethan.hall2661@mail.com,Consumer,6,Amsterdam,10439,2022-01-10,Active
2662,Sergey,Johnson,sergey.johnson2662@mail.com,Consumer,2,London,SW364,2023-04-22,Inactive
2663,Robert,Martin,robert.martin2663@mail.com,Consumer,2,Birmingham,SW481,2023-05-28,Active
2664,Emma,Williams,emma.williams2664@mail.com,Small Business,5,Barcelona,28647,2021-01-29,Active
2665,Mia,Walker,mia.walker2665@mail.com,Corporate,2,Birmingham,SW441,2020-12-01,Active
2666,Ethan,Anderson,ethan.anderson2666@mail.com,Consumer,2,Manchester,SW503,2020-08-18,Active
2667,Oliver,King,oliver.king2667@mail.com,Corporate,5,Seville,28342,2020-10-05,Active
2668,Isabella,Garcia,isabella.garcia2668@mail.com,Consumer,5,Valencia,28648,2021-10-05,Active
2669,Ella,Schmidt,ella.schmidt2669@mail.com,Consumer,5,Barcelona,28285,2023-08-08,Active
2670,Thomas,Müller,thomas.müller2670@mail.com,Consumer,2,Birmingham,SW203,2021-07-27,Inactive
2671,Amelia,Schmidt,amelia.schmidt2671@mail.com,Consumer,1,Dublin,D559,2025-06-26,Active
2672,Natalie,Kelly,natalie.kelly2672@mail.com,Small Business,1,Dublin,D471,2025-12-07,Active
2673,Jack,Dubois,jack.dubois2673@mail.com,Consumer,5,Seville,28335,2025-02-03,Active
2674,Olivia,Clark,olivia.clark2674@mail.com,Consumer,5,Bilbao,28849,2021-08-01,Active
2675,Sarah,Hall,sarah.hall2675@mail.com,Consumer,1,Athlone,D407,2025-03-04,Inactive
2676,Leo,Hall,leo.hall2676@mail.com,Consumer,2,Manchester,SW600,2022-04-12,Active
2677,James,Martinez,james.martinez2677@mail.com,Consumer,2,London,SW804,2022-06-10,Active
2678,Sergey,Martinez,sergey.martinez2678@mail.com,Consumer,2,London,SW625,2022-01-16,Inactive
2679,Robert,Williams,robert.williams2679@mail.com,Consumer,4,Lyon,75591,2020-10-06,Inactive
2680,Leo,Walker,leo.walker2680@mail.com,Consumer,2,London,SW420,2024-11-15,Active
2681,Michael,Evans,michael.evans2681@mail.com,Consumer,1,Cork,D435,2024-07-31,Active
2682,Sarah,White,sarah.white2682@mail.com,Consumer,4,Nice,75678,2025-09-27,Active
2683,Anna,Garcia,anna.garcia2683@mail.com,Consumer,3,Frankfurt,10608,2022-02-09,Active
2684,Isabella,Thompson,isabella.thompson2684@mail.com,Corporate,6,The Hague,10928,2024-03-31,Inactive
2685,Oliver,Evans,oliver.evans2685@mail.com,Consumer,5,Seville,28239,2022-07-08,Active
2686,Sergey,White,sergey.white2686@mail.com,Consumer,7,Austin,10153,2024-10-27,Active
2687,James,Kelly,james.kelly2687@mail.com,Consumer,6,Utrecht,10591,2025-12-20,Active
2688,Ella,Young,ella.young2688@mail.com,Small Business,4,Marseille,75267,2022-08-16,Active
2689,Ella,De Vries,ella.de vries2689@mail.com,Consumer,6,Utrecht,10394,2024-08-04,Active
2690,Ava,Wilson,ava.wilson2690@mail.com,Small Business,5,Valencia,28734,2025-10-08,Inactive
2691,Isabella,Williams,isabella.williams2691@mail.com,Small Business,5,Seville,28436,2024-02-28,Active
2692,Lucas,Martinez,lucas.martinez2692@mail.com,Small Business,6,Amsterdam,10283,2021-03-31,Active
2693,Laura,Jansen,laura.jansen2693@mail.com,Small Business,1,Athlone,D776,2025-03-10,Active
2694,Leo,Martinez,leo.martinez2694@mail.com,Consumer,7,Seattle,10183,2022-02-07,Inactive
2695,Emma,Clark,emma.clark2695@mail.com,Consumer,1,Galway,D436,2025-12-07,Active
2696,Sarah,King,sarah.king2696@mail.com,Consumer,7,Chicago,10635,2022-04-24,Inactive
2697,James,Smith,james.smith2697@mail.com,Small Business,8,Toronto,M314,2022-01-16,Active
2698,Julia,Lopez,julia.lopez2698@mail.com,Small Business,6,The Hague,10351,2021-04-12,Inactive
2699,Oliver,Wilson,oliver.wilson2699@mail.com,Consumer,7,New York,10855,2023-10-10,Active
2700,Isabella,Dubois,isabella.dubois2700@mail.com,Consumer,7,Chicago,10673,2020-07-11,Inactive
2701,Grace,Taylor,grace.taylor2701@mail.com,Small Business,8,Montreal,M191,2022-06-24,Active
2702,Ella,Clark,ella.clark2702@mail.com,Small Business,6,Eindhoven,10866,2020-03-25,Active
2703,Anna,Schmidt,anna.schmidt2703@mail.com,Consumer,6,Eindhoven,10120,2022-03-10,Active
2704,Henry,White,henry.white2704@mail.com,Consumer,1,Athlone,D228,2020-11-22,Inactive
2705,Sergey,Hall,sergey.hall2705@mail.com,Consumer,2,Manchester,SW840,2023-07-14,Inactive
2706,Noah,Anderson,noah.anderson2706@mail.com,Consumer,1,Athlone,D916,2025-12-15,Active
2707,Michael,Brown,michael.brown2707@mail.com,Consumer,7,New York,10238,2020-06-23,Active
2708,Isabella,Taylor,isabella.taylor2708@mail.com,Consumer,2,Birmingham,SW813,2024-06-28,Inactive
2709,David,Martin,david.martin2709@mail.com,Small Business,2,London,SW322,2021-07-26,Active
2710,Emily,Martin,emily.martin2710@mail.com,Consumer,4,Lyon,75917,2022-10-01,Active
2711,Sergey,Schmidt,sergey.schmidt2711@mail.com,Corporate,6,Eindhoven,10192,2023-08-10,Active
2712,Leo,Dubois,leo.dubois2712@mail.com,Consumer,5,Valencia,28981,2022-10-05,Inactive
2713,Henry,Jansen,henry.jansen2713@mail.com,Consumer,7,Austin,10455,2025-06-19,Active
2714,Leo,Davies,leo.davies2714@mail.com,Corporate,1,Athlone,D143,2024-05-28,Active
2715,Natalie,Davies,natalie.davies2715@mail.com,Consumer,7,Seattle,10128,2025-04-15,Active
2716,Sophia,Clark,sophia.clark2716@mail.com,Consumer,4,Marseille,75355,2024-03-29,Active
2717,Oliver,Martin,oliver.martin2717@mail.com,Consumer,2,Leeds,SW178,2022-11-10,Active
2718,Emily,Anderson,emily.anderson2718@mail.com,Corporate,7,Austin,10749,2025-03-06,Active
2719,Julia,Walker,julia.walker2719@mail.com,Consumer,3,Hamburg,10143,2023-05-12,Active
2720,Noah,Taylor,noah.taylor2720@mail.com,Consumer,8,Vancouver,M108,2020-01-06,Active
2721,Sophia,Taylor,sophia.taylor2721@mail.com,Consumer,1,Athlone,D993,2024-09-25,Active
2722,Jack,Miller,jack.miller2722@mail.com,Consumer,2,Bristol,SW873,2023-01-13,Active
2723,Sarah,Taylor,sarah.taylor2723@mail.com,Consumer,5,Bilbao,28916,2020-03-29,Active
2724,Ava,Wilson,ava.wilson2724@mail.com,Consumer,3,Munich,10617,2020-01-15,Active
2725,Amelia,Dubois,amelia.dubois2725@mail.com,Small Business,8,Montreal,M214,2023-01-09,Active
2726,David,Schmidt,david.schmidt2726@mail.com,Consumer,7,Seattle,10226,2025-02-01,Inactive
2727,Daniel,Murphy,daniel.murphy2727@mail.com,Small Business,2,Bristol,SW222,2024-10-06,Active
2728,Thomas,Walker,thomas.walker2728@mail.com,Small Business,6,Amsterdam,10307,2023-01-14,Active
2729,Grace,Martinez,grace.martinez2729@mail.com,Small Business,8,Ottawa,M605,2025-11-11,Active
2730,Isabella,Johnson,isabella.johnson2730@mail.com,Corporate,4,Lyon,75849,2024-01-11,Active
2731,Leo,Clark,leo.clark2731@mail.com,Consumer,2,Birmingham,SW196,2025-04-29,Active
2732,Emily,Murphy,emily.murphy2732@mail.com,Corporate,6,Utrecht,10297,2021-04-06,Inactive
2733,Ethan,Lopez,ethan.lopez2733@mail.com,Consumer,8,Montreal,M370,2021-06-07,Active
2734,Natalie,Wilson,natalie.wilson2734@mail.com,Consumer,8,Vancouver,M983,2020-10-04,Active
2735,Emily,Kelly,emily.kelly2735@mail.com,Consumer,7,Chicago,10107,2023-12-29,Active
2736,Oliver,Murphy,oliver.murphy2736@mail.com,Consumer,6,Eindhoven,10806,2020-08-19,Active
2737,Daniel,Williams,daniel.williams2737@mail.com,Consumer,1,Cork,D960,2023-01-13,Active
2738,Mia,Anderson,mia.anderson2738@mail.com,Consumer,1,Cork,D247,2023-06-21,Active
2739,Isabella,Murphy,isabella.murphy2739@mail.com,Consumer,4,Toulouse,75361,2025-04-28,Inactive
2740,Ethan,Müller,ethan.müller2740@mail.com,Corporate,2,Birmingham,SW912,2020-11-16,Active
2741,Liam,Wilson,liam.wilson2741@mail.com,Consumer,2,London,SW210,2022-05-26,Active
2742,Leo,Martin,leo.martin2742@mail.com,Consumer,1,Limerick,D320,2025-11-23,Active
2743,Lucas,Lopez,lucas.lopez2743@mail.com,Consumer,4,Lyon,75157,2024-06-23,Active
2744,Noah,De Vries,noah.de vries2744@mail.com,Small Business,7,Chicago,10500,2023-10-05,Inactive
2745,Oliver,Jansen,oliver.jansen2745@mail.com,Consumer,6,The Hague,10697,2024-01-16,Active
2746,Isabella,Garcia,isabella.garcia2746@mail.com,Consumer,1,Dublin,D606,2023-07-06,Active
2747,Sarah,Jansen,sarah.jansen2747@mail.com,Consumer,1,Limerick,D321,2020-02-20,Inactive
2748,David,Clark,david.clark2748@mail.com,Consumer,1,Cork,D264,2020-05-21,Active
2749,Ella,Walker,ella.walker2749@mail.com,Consumer,1,Athlone,D583,2024-04-08,Active
2750,Mia,Jones,mia.jones2750@mail.com,Consumer,5,Valencia,28423,2022-01-30,Active
2751,Sarah,Brown,sarah.brown2751@mail.com,Consumer,6,Rotterdam,10660,2025-07-24,Active
2752,Liam,Dubois,liam.dubois2752@mail.com,Consumer,4,Toulouse,75155,2022-11-17,Active
2753,David,Evans,david.evans2753@mail.com,Small Business,7,Chicago,10288,2023-04-15,Active
2754,Sergey,Martin,sergey.martin2754@mail.com,Consumer,1,Cork,D319,2020-03-04,Active
2755,Lucas,Thompson,lucas.thompson2755@mail.com,Consumer,6,Utrecht,10859,2020-03-10,Inactive
2756,Mia,Young,mia.young2756@mail.com,Consumer,7,New York,10313,2022-01-08,Active
2757,Sergey,Müller,sergey.müller2757@mail.com,Consumer,3,Munich,10581,2023-07-17,Inactive
2758,Isabella,De Vries,isabella.de vries2758@mail.com,Small Business,1,Dublin,D793,2023-05-14,Active
2759,Olivia,Walker,olivia.walker2759@mail.com,Consumer,2,Birmingham,SW214,2024-01-10,Inactive
2760,James,Brown,james.brown2760@mail.com,Consumer,1,Athlone,D695,2021-03-28,Active
2761,Sophia,Lopez,sophia.lopez2761@mail.com,Corporate,2,Birmingham,SW850,2024-07-15,Inactive
2762,Ella,Bernard,ella.bernard2762@mail.com,Consumer,2,Manchester,SW319,2025-10-05,Inactive
2763,Noah,King,noah.king2763@mail.com,Consumer,3,Hamburg,10419,2020-02-09,Inactive
2764,Amelia,Thompson,amelia.thompson2764@mail.com,Consumer,2,Bristol,SW190,2022-08-03,Active
2765,Mia,Evans,mia.evans2765@mail.com,Consumer,4,Marseille,75144,2021-06-19,Active
2766,Laura,Thompson,laura.thompson2766@mail.com,Corporate,3,Munich,10502,2025-12-07,Active
2767,Sarah,Schmidt,sarah.schmidt2767@mail.com,Consumer,7,Austin,10622,2022-08-01,Inactive
2768,Noah,Martinez,noah.martinez2768@mail.com,Consumer,2,Bristol,SW640,2021-10-08,Inactive
2769,Sophia,Williams,sophia.williams2769@mail.com,Consumer,2,London,SW272,2021-08-29,Active
2770,Daniel,Thompson,daniel.thompson2770@mail.com,Consumer,8,Vancouver,M987,2025-07-06,Active
2771,Emma,Murphy,emma.murphy2771@mail.com,Small Business,3,Berlin,10162,2022-05-02,Active
2772,Amelia,Martin,amelia.martin2772@mail.com,Small Business,1,Limerick,D564,2022-10-15,Active
2773,Emily,Murphy,emily.murphy2773@mail.com,Consumer,5,Bilbao,28886,2020-01-14,Active
2774,James,Martin,james.martin2774@mail.com,Consumer,1,Dublin,D493,2020-01-11,Active
2775,Lucas,Miller,lucas.miller2775@mail.com,Consumer,7,Seattle,10859,2025-07-18,Inactive
2776,Emily,Kelly,emily.kelly2776@mail.com,Consumer,6,Utrecht,10407,2024-05-09,Active
2777,Julia,King,julia.king2777@mail.com,Consumer,8,Montreal,M497,2024-10-07,Active
2778,Liam,King,liam.king2778@mail.com,Consumer,1,Cork,D355,2025-10-10,Inactive
2779,James,Thompson,james.thompson2779@mail.com,Corporate,1,Dublin,D198,2022-09-27,Active
2780,Anna,De Vries,anna.de vries2780@mail.com,Consumer,2,Birmingham,SW613,2024-02-21,Active
2781,Sarah,Evans,sarah.evans2781@mail.com,Corporate,6,Rotterdam,10751,2021-09-06,Active
2782,Anna,Murphy,anna.murphy2782@mail.com,Consumer,7,Austin,10880,2020-10-07,Active
2783,Sophia,Murphy,sophia.murphy2783@mail.com,Consumer,2,Bristol,SW721,2025-01-02,Active
2784,Robert,Anderson,robert.anderson2784@mail.com,Small Business,2,Leeds,SW552,2023-01-24,Active
2785,James,Kelly,james.kelly2785@mail.com,Consumer,6,Amsterdam,10929,2021-07-19,Active
2786,Ella,King,ella.king2786@mail.com,Consumer,6,Rotterdam,10241,2021-01-10,Active
2787,Emily,King,emily.king2787@mail.com,Corporate,4,Lyon,75500,2023-03-29,Active
2788,Olivia,Martinez,olivia.martinez2788@mail.com,Consumer,1,Galway,D239,2020-10-13,Inactive
2789,Natalie,Müller,natalie.müller2789@mail.com,Consumer,2,Manchester,SW327,2022-02-28,Active
2790,Liam,Murphy,liam.murphy2790@mail.com,Consumer,8,Ottawa,M196,2023-04-21,Active
2791,Emma,Brown,emma.brown2791@mail.com,Consumer,4,Paris,75743,2021-04-20,Active
2792,Emma,Müller,emma.müller2792@mail.com,Consumer,7,Seattle,10217,2020-03-14,Active
2793,Emily,Williams,emily.williams2793@mail.com,Consumer,1,Limerick,D518,2022-06-16,Active
2794,Lucas,Lopez,lucas.lopez2794@mail.com,Consumer,1,Limerick,D188,2022-09-19,Active
2795,Robert,Thompson,robert.thompson2795@mail.com,Consumer,1,Cork,D681,2021-12-20,Inactive
2796,Oliver,Jones,oliver.jones2796@mail.com,Consumer,1,Galway,D645,2020-04-30,Active
2797,Laura,Bernard,laura.bernard2797@mail.com,Small Business,1,Cork,D934,2024-11-17,Active
2798,Laura,Kelly,laura.kelly2798@mail.com,Consumer,2,Manchester,SW550,2023-06-05,Inactive
2799,Julia,Johnson,julia.johnson2799@mail.com,Consumer,8,Toronto,M209,2023-05-13,Active
2800,Liam,Müller,liam.müller2800@mail.com,Consumer,3,Munich,10849,2025-08-06,Active
2801,Lucas,Wilson,lucas.wilson2801@mail.com,Consumer,4,Toulouse,75185,2022-08-20,Inactive
2802,Ella,Williams,ella.williams2802@mail.com,Corporate,8,Toronto,M867,2021-10-30,Active
2803,Anna,Williams,anna.williams2803@mail.com,Consumer,7,New York,10621,2024-06-02,Inactive
2804,Michael,White,michael.white2804@mail.com,Corporate,7,Seattle,10256,2024-05-05,Active
2805,Oliver,King,oliver.king2805@mail.com,Small Business,2,Leeds,SW972,2024-12-15,Inactive
2806,Julia,Wilson,julia.wilson2806@mail.com,Consumer,4,Paris,75778,2023-04-16,Active
2807,Sergey,Taylor,sergey.taylor2807@mail.com,Consumer,4,Toulouse,75211,2024-01-21,Active
2808,Mia,Evans,mia.evans2808@mail.com,Consumer,4,Marseille,75984,2021-08-19,Active
2809,Leo,Kelly,leo.kelly2809@mail.com,Small Business,7,Seattle,10660,2023-06-12,Active
2810,Lucas,Smith,lucas.smith2810@mail.com,Small Business,8,Calgary,M963,2023-10-09,Active
2811,David,Müller,david.müller2811@mail.com,Consumer,5,Bilbao,28904,2021-11-01,Active
2812,Ava,Miller,ava.miller2812@mail.com,Small Business,1,Dublin,D884,2023-02-06,Active
2813,Michael,De Vries,michael.de vries2813@mail.com,Small Business,1,Athlone,D663,2025-07-12,Active
2814,Isabella,Davies,isabella.davies2814@mail.com,Small Business,4,Toulouse,75339,2020-01-11,Active
2815,Anna,Jansen,anna.jansen2815@mail.com,Consumer,2,Bristol,SW925,2023-03-23,Active
2816,Amelia,Martinez,amelia.martinez2816@mail.com,Consumer,6,Eindhoven,10649,2023-02-09,Active
2817,Ava,Wilson,ava.wilson2817@mail.com,Consumer,8,Toronto,M936,2020-03-15,Active
2818,Ethan,Smith,ethan.smith2818@mail.com,Small Business,8,Montreal,M418,2021-10-21,Active
2819,Jack,Smith,jack.smith2819@mail.com,Consumer,5,Madrid,28221,2022-02-02,Inactive
2820,Emily,Thompson,emily.thompson2820@mail.com,Consumer,1,Cork,D608,2025-12-02,Active
2821,Laura,Johnson,laura.johnson2821@mail.com,Consumer,1,Dublin,D307,2025-08-31,Active
2822,Michael,Taylor,michael.taylor2822@mail.com,Consumer,1,Athlone,D947,2021-03-06,Active
2823,Sarah,Wilson,sarah.wilson2823@mail.com,Corporate,1,Cork,D404,2020-05-12,Inactive
2824,Henry,Brown,henry.brown2824@mail.com,Small Business,7,Boston,10942,2025-07-26,Inactive
2825,Ella,Bernard,ella.bernard2825@mail.com,Small Business,6,Amsterdam,10745,2020-07-05,Inactive
2826,Lucas,Clark,lucas.clark2826@mail.com,Consumer,7,Boston,10869,2023-12-24,Active
2827,Jack,Brown,jack.brown2827@mail.com,Small Business,6,Eindhoven,10941,2023-03-12,Active
2828,Natalie,Murphy,natalie.murphy2828@mail.com,Consumer,7,Seattle,10448,2021-05-08,Active
2829,Ethan,Anderson,ethan.anderson2829@mail.com,Consumer,3,Munich,10671,2021-05-03,Inactive
2830,Liam,Garcia,liam.garcia2830@mail.com,Small Business,4,Nice,75878,2021-07-17,Active
2831,Isabella,Brown,isabella.brown2831@mail.com,Consumer,6,Amsterdam,10665,2024-08-28,Active
2832,Mia,Walker,mia.walker2832@mail.com,Consumer,7,Chicago,10793,2021-09-25,Inactive
2833,Mia,Clark,mia.clark2833@mail.com,Consumer,2,Leeds,SW446,2021-05-09,Active
2834,Robert,Bernard,robert.bernard2834@mail.com,Small Business,1,Dublin,D286,2021-03-10,Active
2835,Anna,Thompson,anna.thompson2835@mail.com,Small Business,4,Toulouse,75987,2024-02-09,Active
2836,Sergey,Wilson,sergey.wilson2836@mail.com,Consumer,1,Cork,D318,2023-04-15,Inactive
2837,Ethan,Walker,ethan.walker2837@mail.com,Consumer,8,Toronto,M908,2021-05-12,Inactive
2838,David,Martin,david.martin2838@mail.com,Small Business,5,Valencia,28507,2023-12-14,Inactive
2839,Sarah,Dubois,sarah.dubois2839@mail.com,Consumer,1,Athlone,D806,2023-12-31,Active
2840,Julia,King,julia.king2840@mail.com,Consumer,2,Manchester,SW191,2024-02-02,Active
2841,James,Walker,james.walker2841@mail.com,Small Business,1,Cork,D497,2024-07-23,Active
2842,Natalie,Murphy,natalie.murphy2842@mail.com,Consumer,1,Dublin,D932,2022-06-10,Active
2843,Ethan,Evans,ethan.evans2843@mail.com,Consumer,7,New York,10734,2022-05-17,Active
2844,Leo,Lopez,leo.lopez2844@mail.com,Consumer,4,Lyon,75124,2023-04-14,Active
2845,James,Thompson,james.thompson2845@mail.com,Consumer,2,London,SW933,2024-10-07,Active
2846,Henry,Kelly,henry.kelly2846@mail.com,Consumer,2,London,SW486,2021-08-26,Inactive
2847,David,White,david.white2847@mail.com,Consumer,6,Eindhoven,10830,2024-05-08,Active
2848,Julia,King,julia.king2848@mail.com,Consumer,2,Bristol,SW192,2023-09-13,Active
2849,Liam,Walker,liam.walker2849@mail.com,Small Business,1,Galway,D610,2021-04-30,Inactive
2850,Lucas,Garcia,lucas.garcia2850@mail.com,Small Business,2,Bristol,SW906,2025-09-01,Inactive
2851,James,Schmidt,james.schmidt2851@mail.com,Consumer,7,Austin,10428,2025-04-19,Active
2852,David,Smith,david.smith2852@mail.com,Small Business,1,Galway,D926,2025-01-13,Active
2853,Grace,Müller,grace.müller2853@mail.com,Consumer,1,Galway,D470,2025-07-31,Active
2854,Julia,Johnson,julia.johnson2854@mail.com,Small Business,1,Athlone,D572,2020-07-05,Active
2855,Ava,Murphy,ava.murphy2855@mail.com,Consumer,2,Birmingham,SW545,2021-09-20,Active
2856,Sophia,Clark,sophia.clark2856@mail.com,Consumer,7,New York,10466,2025-03-09,Active
2857,Liam,Dubois,liam.dubois2857@mail.com,Consumer,3,Cologne,10574,2022-04-13,Active
2858,Sarah,Wilson,sarah.wilson2858@mail.com,Consumer,3,Munich,10592,2025-05-22,Active
2859,Mia,Schmidt,mia.schmidt2859@mail.com,Corporate,2,Bristol,SW116,2023-06-11,Active
2860,Leo,Walker,leo.walker2860@mail.com,Small Business,7,Boston,10966,2020-10-25,Active
2861,Anna,Williams,anna.williams2861@mail.com,Consumer,6,The Hague,10276,2024-04-19,Active
2862,David,Martin,david.martin2862@mail.com,Consumer,2,Manchester,SW561,2025-12-03,Active
2863,Thomas,Evans,thomas.evans2863@mail.com,Consumer,4,Toulouse,75356,2020-07-06,Active
2864,Sergey,Young,sergey.young2864@mail.com,Consumer,1,Cork,D589,2024-03-25,Active
2865,Michael,Taylor,michael.taylor2865@mail.com,Consumer,7,Boston,10510,2023-10-17,Inactive
2866,Lucas,Müller,lucas.müller2866@mail.com,Consumer,3,Cologne,10541,2021-05-28,Inactive
2867,Sophia,Young,sophia.young2867@mail.com,Small Business,5,Bilbao,28635,2020-05-03,Inactive
2868,Henry,Williams,henry.williams2868@mail.com,Consumer,5,Valencia,28896,2020-08-23,Active
2869,Olivia,White,olivia.white2869@mail.com,Consumer,2,Bristol,SW890,2020-04-14,Active
2870,Grace,Bernard,grace.bernard2870@mail.com,Corporate,4,Marseille,75710,2020-12-09,Inactive
2871,Jack,Clark,jack.clark2871@mail.com,Consumer,3,Hamburg,10521,2020-02-06,Inactive
2872,Mia,Martinez,mia.martinez2872@mail.com,Consumer,1,Galway,D452,2025-03-12,Active
2873,Julia,Smith,julia.smith2873@mail.com,Consumer,1,Athlone,D365,2020-04-23,Active
2874,Mia,Taylor,mia.taylor2874@mail.com,Small Business,7,Chicago,10566,2024-07-06,Active
2875,Michael,Williams,michael.williams2875@mail.com,Corporate,2,Manchester,SW593,2021-12-19,Active
2876,Oliver,Walker,oliver.walker2876@mail.com,Small Business,1,Limerick,D536,2025-03-18,Active
2877,James,Bernard,james.bernard2877@mail.com,Consumer,8,Montreal,M261,2021-11-04,Active
2878,Jack,Walker,jack.walker2878@mail.com,Consumer,1,Cork,D133,2024-07-13,Active
2879,James,Walker,james.walker2879@mail.com,Corporate,2,London,SW312,2024-10-06,Active
2880,Robert,Williams,robert.williams2880@mail.com,Corporate,2,Bristol,SW913,2024-08-19,Active
2881,Robert,Wilson,robert.wilson2881@mail.com,Consumer,1,Galway,D607,2022-01-25,Active
2882,Ella,Murphy,ella.murphy2882@mail.com,Consumer,1,Dublin,D321,2020-10-19,Active
2883,Daniel,Dubois,daniel.dubois2883@mail.com,Small Business,3,Berlin,10133,2020-06-10,Active
2884,Daniel,Williams,daniel.williams2884@mail.com,Small Business,5,Barcelona,28359,2024-08-19,Active
2885,Henry,Hall,henry.hall2885@mail.com,Small Business,3,Frankfurt,10263,2021-04-08,Active
2886,Sophia,Davies,sophia.davies2886@mail.com,Consumer,7,Boston,10133,2020-01-22,Inactive
2887,Emma,Wilson,emma.wilson2887@mail.com,Consumer,6,Utrecht,10730,2020-09-06,Active
2888,Emily,Davies,emily.davies2888@mail.com,Consumer,1,Cork,D876,2022-07-10,Inactive
2889,Julia,Smith,julia.smith2889@mail.com,Small Business,2,London,SW941,2021-10-17,Inactive
2890,Sergey,Kelly,sergey.kelly2890@mail.com,Corporate,2,Bristol,SW936,2023-05-07,Inactive
2891,Thomas,Bernard,thomas.bernard2891@mail.com,Consumer,1,Galway,D943,2024-09-15,Active
2892,Ethan,Lopez,ethan.lopez2892@mail.com,Consumer,3,Munich,10702,2023-05-29,Inactive
2893,Laura,Johnson,laura.johnson2893@mail.com,Consumer,2,London,SW617,2024-03-10,Inactive
2894,Liam,Bernard,liam.bernard2894@mail.com,Corporate,2,Leeds,SW966,2025-07-21,Active
2895,Ella,Murphy,ella.murphy2895@mail.com,Consumer,2,Manchester,SW709,2021-02-27,Active
2896,David,Smith,david.smith2896@mail.com,Small Business,2,Birmingham,SW933,2024-03-01,Active
2897,Jack,Wilson,jack.wilson2897@mail.com,Consumer,5,Barcelona,28260,2020-05-21,Active
2898,Henry,Taylor,henry.taylor2898@mail.com,Consumer,8,Vancouver,M350,2021-12-10,Active
2899,Lucas,White,lucas.white2899@mail.com,Small Business,1,Galway,D452,2024-03-12,Active
2900,Robert,Thompson,robert.thompson2900@mail.com,Corporate,1,Galway,D436,2022-07-15,Active
2901,Ava,Jansen,ava.jansen2901@mail.com,Small Business,2,Bristol,SW391,2025-08-27,Active
2902,David,Clark,david.clark2902@mail.com,Consumer,5,Barcelona,28401,2022-10-02,Active
2903,Ethan,Jansen,ethan.jansen2903@mail.com,Consumer,3,Cologne,10127,2024-10-13,Active
2904,Laura,Lopez,laura.lopez2904@mail.com,Consumer,4,Marseille,75870,2022-08-02,Active
2905,Robert,Jansen,robert.jansen2905@mail.com,Consumer,1,Galway,D869,2020-08-23,Inactive
2906,Julia,De Vries,julia.de vries2906@mail.com,Corporate,2,London,SW246,2021-07-02,Active
2907,Ava,Taylor,ava.taylor2907@mail.com,Consumer,8,Montreal,M702,2020-11-04,Active
2908,Oliver,King,oliver.king2908@mail.com,Consumer,2,Bristol,SW893,2020-03-01,Active
2909,Grace,Taylor,grace.taylor2909@mail.com,Consumer,5,Madrid,28700,2025-01-09,Active
2910,Isabella,Smith,isabella.smith2910@mail.com,Consumer,2,Birmingham,SW337,2022-07-27,Inactive
2911,Sophia,Hall,sophia.hall2911@mail.com,Consumer,1,Cork,D783,2023-01-27,Inactive
2912,James,Young,james.young2912@mail.com,Consumer,2,Bristol,SW535,2021-08-04,Active
2913,David,Davies,david.davies2913@mail.com,Consumer,3,Cologne,10262,2020-04-18,Active
2914,Lucas,Wilson,lucas.wilson2914@mail.com,Consumer,2,London,SW164,2020-09-07,Active
2915,Julia,Schmidt,julia.schmidt2915@mail.com,Consumer,6,Amsterdam,10377,2023-12-23,Active
2916,Lucas,Brown,lucas.brown2916@mail.com,Consumer,6,Amsterdam,10629,2021-03-06,Inactive
2917,Grace,Dubois,grace.dubois2917@mail.com,Consumer,4,Nice,75229,2021-07-26,Active
2918,Jack,Hall,jack.hall2918@mail.com,Consumer,6,Amsterdam,10613,2021-06-21,Active
2919,Jack,Johnson,jack.johnson2919@mail.com,Consumer,6,The Hague,10910,2023-08-09,Active
2920,Laura,King,laura.king2920@mail.com,Consumer,5,Bilbao,28594,2020-01-31,Inactive
2921,Mia,Johnson,mia.johnson2921@mail.com,Small Business,1,Cork,D313,2024-04-14,Active
2922,Grace,Jansen,grace.jansen2922@mail.com,Consumer,6,Utrecht,10993,2024-10-27,Active
2923,Isabella,Anderson,isabella.anderson2923@mail.com,Corporate,2,Birmingham,SW158,2023-04-02,Active
2924,Sarah,White,sarah.white2924@mail.com,Small Business,5,Bilbao,28296,2024-01-11,Active
2925,Emma,Anderson,emma.anderson2925@mail.com,Consumer,8,Calgary,M238,2024-11-25,Inactive
2926,Liam,Thompson,liam.thompson2926@mail.com,Consumer,7,Seattle,10228,2025-09-11,Active
2927,Natalie,Taylor,natalie.taylor2927@mail.com,Small Business,3,Berlin,10904,2023-07-30,Inactive
2928,Ethan,Williams,ethan.williams2928@mail.com,Small Business,2,London,SW873,2022-01-21,Active
2929,Olivia,Thompson,olivia.thompson2929@mail.com,Consumer,4,Marseille,75557,2024-07-19,Active
2930,Daniel,Jansen,daniel.jansen2930@mail.com,Small Business,4,Paris,75192,2022-10-28,Active
2931,Henry,King,henry.king2931@mail.com,Consumer,7,Boston,10687,2023-01-25,Active
2932,Sarah,Murphy,sarah.murphy2932@mail.com,Consumer,5,Seville,28140,2024-09-06,Active
2933,Liam,Wilson,liam.wilson2933@mail.com,Small Business,3,Berlin,10694,2023-11-04,Active
2934,Ethan,Smith,ethan.smith2934@mail.com,Small Business,3,Berlin,10119,2025-05-08,Active
2935,Noah,Thompson,noah.thompson2935@mail.com,Consumer,5,Barcelona,28479,2020-12-11,Active
2936,Ethan,Jones,ethan.jones2936@mail.com,Consumer,4,Toulouse,75195,2021-10-18,Active
2937,Henry,Martin,henry.martin2937@mail.com,Consumer,8,Calgary,M121,2020-01-24,Active
2938,Anna,Kelly,anna.kelly2938@mail.com,Consumer,4,Toulouse,75213,2023-08-05,Inactive
2939,Noah,Garcia,noah.garcia2939@mail.com,Small Business,7,Seattle,10388,2024-11-20,Active
2940,Michael,Müller,michael.müller2940@mail.com,Consumer,6,Utrecht,10333,2020-02-12,Inactive
2941,Jack,Bernard,jack.bernard2941@mail.com,Consumer,2,Leeds,SW774,2021-01-04,Active
2942,Anna,Brown,anna.brown2942@mail.com,Corporate,7,Chicago,10905,2022-04-22,Inactive
2943,Sergey,King,sergey.king2943@mail.com,Consumer,1,Dublin,D545,2022-11-26,Active
2944,Daniel,Anderson,daniel.anderson2944@mail.com,Consumer,1,Galway,D936,2021-02-10,Active
2945,Laura,Taylor,laura.taylor2945@mail.com,Consumer,1,Limerick,D774,2025-02-26,Inactive
2946,Mia,Bernard,mia.bernard2946@mail.com,Consumer,4,Lyon,75909,2020-05-09,Active
2947,Ethan,De Vries,ethan.de vries2947@mail.com,Small Business,5,Seville,28928,2020-07-03,Active
2948,Julia,Schmidt,julia.schmidt2948@mail.com,Consumer,4,Toulouse,75120,2021-02-13,Active
2949,Mia,De Vries,mia.de vries2949@mail.com,Consumer,7,Chicago,10142,2022-02-12,Active
2950,Henry,Dubois,henry.dubois2950@mail.com,Consumer,2,Birmingham,SW179,2023-06-14,Inactive
2951,Jack,Müller,jack.müller2951@mail.com,Small Business,2,Manchester,SW613,2024-10-20,Inactive
2952,Isabella,Jansen,isabella.jansen2952@mail.com,Consumer,4,Marseille,75891,2020-02-14,Active
2953,Ava,Walker,ava.walker2953@mail.com,Consumer,6,The Hague,10142,2021-07-14,Active
2954,Ethan,Taylor,ethan.taylor2954@mail.com,Consumer,6,Utrecht,10164,2025-10-13,Active
2955,Liam,De Vries,liam.de vries2955@mail.com,Consumer,8,Montreal,M740,2023-10-20,Active
2956,Jack,Williams,jack.williams2956@mail.com,Consumer,4,Marseille,75340,2021-01-09,Active
2957,Emily,Murphy,emily.murphy2957@mail.com,Consumer,7,Chicago,10588,2020-05-13,Active
2958,Sophia,Kelly,sophia.kelly2958@mail.com,Consumer,2,Leeds,SW854,2023-06-02,Active
2959,Isabella,Martinez,isabella.martinez2959@mail.com,Consumer,2,Manchester,SW568,2025-11-10,Active
2960,Ava,Smith,ava.smith2960@mail.com,Small Business,3,Hamburg,10999,2025-01-22,Inactive
2961,Sophia,Hall,sophia.hall2961@mail.com,Consumer,2,Leeds,SW873,2025-03-29,Active
2962,Natalie,White,natalie.white2962@mail.com,Consumer,3,Hamburg,10810,2020-10-02,Active
2963,Thomas,Martinez,thomas.martinez2963@mail.com,Corporate,4,Lyon,75563,2020-05-17,Inactive
2964,Ethan,Jansen,ethan.jansen2964@mail.com,Consumer,8,Ottawa,M415,2021-03-26,Active
2965,Isabella,Johnson,isabella.johnson2965@mail.com,Consumer,1,Cork,D472,2024-04-26,Inactive
2966,Sophia,Kelly,sophia.kelly2966@mail.com,Small Business,6,Rotterdam,10822,2023-10-14,Active
2967,Natalie,Bernard,natalie.bernard2967@mail.com,Consumer,3,Berlin,10505,2025-09-16,Inactive
2968,Anna,Taylor,anna.taylor2968@mail.com,Small Business,5,Seville,28817,2020-04-01,Active
2969,Lucas,Williams,lucas.williams2969@mail.com,Consumer,4,Toulouse,75688,2022-01-21,Active
2970,Emily,Murphy,emily.murphy2970@mail.com,Consumer,7,Boston,10541,2025-09-27,Active
2971,David,Schmidt,david.schmidt2971@mail.com,Consumer,2,Manchester,SW686,2020-07-10,Inactive
2972,Anna,Walker,anna.walker2972@mail.com,Consumer,2,Bristol,SW989,2021-11-23,Inactive
2973,Liam,Thompson,liam.thompson2973@mail.com,Small Business,8,Montreal,M968,2023-07-13,Active
2974,Sergey,Evans,sergey.evans2974@mail.com,Consumer,7,New York,10811,2021-07-19,Inactive
2975,Sergey,Hall,sergey.hall2975@mail.com,Small Business,1,Dublin,D658,2024-09-26,Inactive
2976,Isabella,Murphy,isabella.murphy2976@mail.com,Consumer,6,Rotterdam,10959,2024-07-25,Active
2977,Ava,Clark,ava.clark2977@mail.com,Consumer,6,Amsterdam,10585,2021-10-29,Active
2978,Grace,Jansen,grace.jansen2978@mail.com,Small Business,8,Ottawa,M959,2021-12-27,Active
2979,Grace,Walker,grace.walker2979@mail.com,Consumer,5,Bilbao,28257,2021-10-16,Inactive
2980,Robert,Clark,robert.clark2980@mail.com,Small Business,6,Rotterdam,10574,2022-04-15,Active
2981,Natalie,King,natalie.king2981@mail.com,Consumer,3,Hamburg,10725,2020-01-25,Active
2982,Grace,Evans,grace.evans2982@mail.com,Consumer,2,Bristol,SW648,2021-10-08,Active
2983,Oliver,Miller,oliver.miller2983@mail.com,Corporate,8,Montreal,M803,2022-08-30,Active
2984,Olivia,Clark,olivia.clark2984@mail.com,Consumer,1,Limerick,D713,2024-09-10,Active
2985,Emma,Walker,emma.walker2985@mail.com,Consumer,1,Galway,D364,2024-12-03,Active
2986,Jack,Davies,jack.davies2986@mail.com,Small Business,8,Montreal,M774,2025-09-30,Active
2987,Michael,Jones,michael.jones2987@mail.com,Consumer,7,Boston,10214,2020-11-04,Inactive
2988,Julia,King,julia.king2988@mail.com,Consumer,4,Toulouse,75756,2020-01-23,Active
2989,Anna,Brown,anna.brown2989@mail.com,Small Business,5,Bilbao,28693,2023-11-08,Active
2990,Sergey,Hall,sergey.hall2990@mail.com,Small Business,1,Athlone,D840,2022-10-31,Active
2991,Sergey,Martinez,sergey.martinez2991@mail.com,Consumer,7,Chicago,10559,2021-01-16,Active
2992,Noah,King,noah.king2992@mail.com,Consumer,1,Galway,D143,2021-10-01,Inactive
2993,Daniel,Murphy,daniel.murphy2993@mail.com,Consumer,7,New York,10630,2025-10-02,Active
2994,Ava,Jones,ava.jones2994@mail.com,Consumer,3,Frankfurt,10663,2025-12-05,Active
2995,David,Evans,david.evans2995@mail.com,Small Business,5,Valencia,28870,2023-05-10,Active
2996,Liam,Dubois,liam.dubois2996@mail.com,Consumer,5,Bilbao,28447,2021-08-26,Active
2997,Isabella,Johnson,isabella.johnson2997@mail.com,Consumer,5,Seville,28652,2023-02-02,Active
2998,Grace,Miller,grace.miller2998@mail.com,Consumer,3,Frankfurt,10979,2021-04-05,Active
2999,Mia,Martin,mia.martin2999@mail.com,Consumer,2,Bristol,SW133,2024-05-24,Active
3000,Henry,De Vries,henry.de vries3000@mail.com,Consumer,7,Chicago,10531,2021-05-06,Active
