payment_id,order_id,payment_method,payment_status,amount,payment_date
1,1,Invoice,Paid,2409.33,2023-06-26
2,2,PayPal,Paid,871.09,2023-08-25
3,3,Invoice,Paid,456.23,2024-11-10
4,4,Invoice,Paid,637.29,2024-04-15
5,5,PayPal,Paid,1258.38,2025-01-27
6,6,Bank Transfer,Paid,1292.2,2025-05-12
7,7,PayPal,Paid,1266.92,2022-02-04
8,8,Bank Transfer,Pending,3718.35,2024-05-26
9,9,Bank Transfer,Paid,1174.16,2024-12-29
10,10,Card,Paid,1139.44,2025-12-26
11,11,Invoice,Paid,2819.02,2023-09-28
12,12,Bank Transfer,Paid,685.41,2025-07-13
13,13,Invoice,Paid,51.48,2022-07-15
14,14,Bank Transfer,Paid,1605.47,2023-09-30
15,15,Invoice,Paid,761.26,2025-11-30
16,16,Invoice,Pending,326.81,2022-08-29
17,17,Bank Transfer,Paid,467.29,2022-07-17
18,18,PayPal,Paid,461.52,2022-10-28
19,19,Card,Paid,2700.11,2023-08-16
20,20,Card,Paid,762.29,2024-03-06
21,21,Invoice,Paid,1332.65,2025-04-28
22,22,Bank Transfer,Paid,440.05,2025-07-14
23,23,Invoice,Paid,1803.06,2022-11-18
24,24,Bank Transfer,Paid,4474.3,2022-02-02
25,25,Bank Transfer,Paid,1579.16,2025-04-10
26,26,PayPal,Paid,856.91,2024-07-31
27,27,PayPal,Paid,391.18,2022-09-30
28,28,Invoice,Paid,94.54,2022-11-23
29,29,Card,Pending,511.29,2022-12-25
30,30,PayPal,Paid,106.41,2023-10-25
31,31,PayPal,Pending,675.89,2024-10-06
32,32,PayPal,Paid,2279.04,2024-01-11
33,33,PayPal,Paid,3695.68,2022-11-24
34,34,PayPal,Paid,2401.23,2025-12-21
35,35,Bank Transfer,Paid,1768.04,2022-07-27
36,36,Bank Transfer,Paid,1796.4,2023-11-30
37,37,PayPal,Paid,1695.4,2023-06-08
38,38,Invoice,Pending,148.05,2022-09-29
39,39,Bank Transfer,Paid,326.22,2022-12-19
40,40,Bank Transfer,Paid,1390.12,2023-09-12
41,41,Bank Transfer,Paid,558.68,2022-05-05
42,42,Card,Paid,467.42,2025-07-30
43,43,PayPal,Paid,509.92,2025-11-16
44,44,Bank Transfer,Paid,904.48,2022-01-03
45,45,PayPal,Paid,777.26,2024-08-22
46,46,PayPal,Paid,1700.25,2024-11-30
47,47,PayPal,Paid,2079.04,2024-02-26
48,48,Bank Transfer,Pending,455.95,2024-07-11
49,49,Card,Refunded,527.16,2024-07-06
50,50,Card,Paid,853.99,2023-03-07
51,51,Invoice,Paid,535.25,2022-06-12
52,52,PayPal,Paid,705.62,2024-11-12
53,53,Invoice,Paid,600.84,2023-04-04
54,54,PayPal,Refunded,174.04,2023-01-27
55,55,Bank Transfer,Paid,650.43,2023-10-24
56,56,Bank Transfer,Paid,784.67,2023-06-24
57,57,Bank Transfer,Pending,1893.4,2024-06-28
58,58,PayPal,Paid,3772.95,2024-11-15
59,59,Bank Transfer,Paid,1157.3,2023-11-10
60,60,Card,Paid,466.78,2023-03-01
61,61,Bank Transfer,Paid,134.88,2022-12-06
62,62,Invoice,Paid,468.63,2024-07-10
63,63,Bank Transfer,Paid,2228.32,2024-05-01
64,64,Bank Transfer,Paid,1053.85,2022-09-20
65,65,Bank Transfer,Paid,370.23,2022-05-09
66,66,Bank Transfer,Paid,2974.21,2025-07-21
67,67,Card,Paid,277.67,2022-10-16
68,68,Bank Transfer,Paid,1971.04,2023-08-22
69,69,PayPal,Paid,865.84,2024-06-10
70,70,Invoice,Paid,451.0,2023-05-28
71,71,Bank Transfer,Paid,181.23,2022-05-28
72,72,Bank Transfer,Paid,105.62,2025-10-14
73,73,PayPal,Paid,571.77,2025-03-05
74,74,Card,Paid,412.79,2022-06-04
75,75,PayPal,Paid,660.59,2023-06-05
76,76,PayPal,Paid,383.51,2023-05-22
77,77,Bank Transfer,Paid,569.44,2023-07-02
78,78,Invoice,Paid,904.77,2023-04-23
79,79,Card,Paid,1052.45,2023-10-26
80,80,PayPal,Paid,116.8,2022-06-20
81,81,Invoice,Pending,820.65,2022-07-15
82,82,Bank Transfer,Paid,149.67,2023-01-12
83,83,Invoice,Paid,555.11,2022-08-13
84,84,Card,Paid,1110.34,2022-02-26
85,85,Bank Transfer,Pending,2125.65,2023-06-28
86,86,Bank Transfer,Pending,3166.16,2022-02-21
87,87,Card,Paid,2092.89,2025-02-07
88,88,Invoice,Pending,548.43,2022-07-20
89,89,Invoice,Paid,415.16,2025-05-29
90,90,Invoice,Paid,235.52,2023-08-10
91,91,Invoice,Paid,798.79,2024-03-06
92,92,Invoice,Paid,2133.85,2023-07-20
93,93,PayPal,Pending,134.39,2024-09-02
94,94,PayPal,Paid,1162.85,2024-11-14
95,95,Bank Transfer,Paid,116.85,2024-08-24
96,96,Card,Paid,4739.59,2022-03-07
97,97,Bank Transfer,Paid,1226.3,2024-12-09
98,98,Card,Paid,318.45,2024-11-11
99,99,Invoice,Paid,2395.69,2023-04-11
100,100,Invoice,Paid,262.47,2025-11-13
101,101,Card,Paid,311.79,2022-06-19
102,102,Bank Transfer,Paid,540.1,2025-06-15
103,103,PayPal,Paid,2415.39,2022-03-07
104,104,Invoice,Paid,64.49,2024-01-05
105,105,PayPal,Paid,347.54,2025-06-18
106,106,Card,Paid,1463.91,2025-11-02
107,107,Bank Transfer,Paid,357.81,2022-06-23
108,108,Invoice,Paid,4070.64,2024-11-18
109,109,Card,Paid,2317.74,2025-06-13
110,110,Bank Transfer,Paid,2763.49,2024-05-25
111,111,Invoice,Paid,2246.09,2022-11-01
112,112,PayPal,Paid,254.47,2022-10-13
113,113,Invoice,Paid,195.07,2024-09-26
114,114,PayPal,Paid,1429.01,2022-09-04
115,115,Card,Paid,667.5,2025-06-11
116,116,PayPal,Paid,94.33,2022-10-08
117,117,Bank Transfer,Pending,1401.09,2024-06-29
118,118,Bank Transfer,Paid,817.9,2023-07-04
119,119,Card,Pending,46.45,2025-05-12
120,120,Card,Paid,310.93,2023-03-17
121,121,PayPal,Paid,277.91,2023-08-01
122,122,Card,Paid,919.27,2023-10-17
123,123,Invoice,Paid,142.96,2022-07-30
124,124,Bank Transfer,Paid,2046.48,2024-12-03
125,125,PayPal,Paid,907.14,2025-04-19
126,126,Card,Paid,941.88,2025-04-28
127,127,Card,Paid,1804.44,2025-01-19
128,128,Invoice,Paid,1753.87,2024-03-09
129,129,Invoice,Paid,788.07,2024-06-08
130,130,Bank Transfer,Refunded,2514.36,2023-01-09
131,131,Card,Paid,964.94,2025-10-02
132,132,Invoice,Pending,46.73,2025-07-21
133,133,PayPal,Pending,1306.94,2022-10-18
134,134,Card,Pending,1828.17,2025-11-26
135,135,Card,Paid,1586.51,2024-12-24
136,136,Bank Transfer,Refunded,2170.08,2025-03-17
137,137,Invoice,Paid,2694.9,2022-07-13
138,138,Card,Paid,1133.0,2024-06-04
139,139,Bank Transfer,Paid,288.38,2025-04-10
140,140,Bank Transfer,Paid,1575.14,2025-12-26
141,141,Card,Paid,796.4,2023-06-21
142,142,PayPal,Paid,216.24,2022-01-28
143,143,Bank Transfer,Refunded,1198.51,2022-02-02
144,144,Invoice,Refunded,936.94,2025-11-29
145,145,Bank Transfer,Paid,1238.66,2023-03-25
146,146,PayPal,Paid,1632.99,2024-10-09
147,147,PayPal,Paid,815.89,2025-11-15
148,148,Bank Transfer,Pending,4477.35,2025-11-28
149,149,Bank Transfer,Paid,1360.85,2025-09-09
150,150,Invoice,Paid,770.49,2022-07-25
151,151,Card,Paid,946.02,2023-12-06
152,152,Card,Paid,162.67,2025-12-01
153,153,PayPal,Paid,1965.97,2022-12-08
154,154,PayPal,Pending,1706.19,2025-05-09
155,155,Invoice,Pending,1723.01,2023-03-17
156,156,Card,Paid,415.8,2024-01-21
157,157,Card,Paid,126.84,2023-08-23
158,158,Bank Transfer,Paid,1201.48,2024-09-17
159,159,Invoice,Paid,113.08,2024-11-08
160,160,PayPal,Refunded,1139.2,2023-10-22
161,161,Bank Transfer,Paid,185.0,2023-06-05
162,162,PayPal,Refunded,15.21,2022-12-15
163,163,Bank Transfer,Paid,626.68,2024-07-29
164,164,PayPal,Paid,491.46,2022-05-04
165,165,Invoice,Paid,1308.04,2025-10-08
166,166,PayPal,Paid,1311.87,2024-07-24
167,167,Invoice,Paid,792.62,2024-07-17
168,168,Card,Paid,402.68,2022-02-21
169,169,Invoice,Paid,1429.34,2022-12-27
170,170,Bank Transfer,Paid,1126.23,2024-05-01
171,171,Card,Refunded,1811.14,2025-08-05
172,172,Card,Paid,1796.52,2023-01-30
173,173,PayPal,Paid,758.66,2024-05-05
174,174,Card,Paid,301.17,2024-04-28
175,175,Card,Paid,1955.63,2025-11-29
176,176,Bank Transfer,Paid,1966.13,2024-11-22
177,177,PayPal,Paid,326.62,2024-03-20
178,178,PayPal,Paid,2279.12,2023-11-23
179,179,PayPal,Paid,732.16,2024-03-31
180,180,Bank Transfer,Paid,1687.42,2022-12-16
181,181,Card,Paid,696.54,2025-03-25
182,182,Bank Transfer,Paid,558.85,2022-12-24
183,183,Bank Transfer,Paid,363.06,2023-09-18
184,184,Bank Transfer,Paid,325.99,2024-02-20
185,185,Bank Transfer,Paid,3422.19,2023-07-05
186,186,Bank Transfer,Paid,1653.39,2022-04-02
187,187,Bank Transfer,Paid,632.54,2024-06-06
188,188,Bank Transfer,Paid,354.63,2025-11-06
189,189,Invoice,Refunded,1527.87,2023-11-18
190,190,Invoice,Pending,1832.23,2023-11-10
191,191,Bank Transfer,Paid,2446.74,2023-02-06
192,192,Card,Paid,1420.0,2023-03-18
193,193,Bank Transfer,Pending,3998.42,2023-09-10
194,194,Card,Paid,110.27,2023-08-11
195,195,Card,Paid,1440.46,2024-09-02
196,196,Bank Transfer,Paid,1851.34,2023-06-24
197,197,Invoice,Paid,580.72,2022-06-14
198,198,PayPal,Paid,1917.77,2022-01-01
199,199,Invoice,Paid,130.98,2023-10-09
200,200,PayPal,Paid,899.11,2024-09-19
201,201,PayPal,Paid,524.88,2022-06-18
202,202,PayPal,Pending,435.47,2024-12-30
203,203,Card,Paid,2848.93,2024-02-08
204,204,PayPal,Pending,884.91,2024-02-28
205,205,Bank Transfer,Paid,58.46,2022-07-28
206,206,Card,Refunded,125.85,2022-05-09
207,207,Card,Paid,350.42,2024-04-14
208,208,Invoice,Paid,493.73,2023-07-01
209,209,PayPal,Paid,547.62,2022-02-05
210,210,Bank Transfer,Paid,594.51,2023-12-22
211,211,Card,Paid,1031.76,2025-02-13
212,212,Bank Transfer,Pending,241.93,2023-06-24
213,213,Invoice,Paid,370.65,2023-06-16
214,214,Card,Paid,4457.87,2025-06-10
215,215,Bank Transfer,Paid,262.0,2023-05-19
216,216,Bank Transfer,Paid,965.06,2023-05-06
217,217,Card,Paid,525.5,2024-12-18
218,218,Bank Transfer,Pending,1165.12,2022-11-12
219,219,Bank Transfer,Paid,343.62,2025-03-22
220,220,PayPal,Paid,771.15,2024-10-27
221,221,Invoice,Paid,200.87,2025-08-28
222,222,Invoice,Pending,1009.64,2023-12-20
223,223,Invoice,Paid,3046.99,2022-04-10
224,224,PayPal,Paid,7961.81,2023-12-08
225,225,Bank Transfer,Paid,2034.62,2025-09-06
226,226,PayPal,Paid,333.06,2023-12-05
227,227,Bank Transfer,Paid,313.23,2023-07-19
228,228,Invoice,Paid,427.6,2023-09-19
229,229,Bank Transfer,Paid,480.84,2023-12-10
230,230,Bank Transfer,Paid,500.31,2025-09-12
231,231,Bank Transfer,Pending,1498.96,2022-11-07
232,232,Invoice,Paid,540.89,2025-08-04
233,233,Card,Pending,1901.33,2024-10-06
234,234,Invoice,Paid,253.15,2022-02-22
235,235,PayPal,Paid,1343.67,2023-07-07
236,236,Card,Paid,2105.09,2023-12-31
237,237,Bank Transfer,Paid,4752.93,2023-04-10
238,238,PayPal,Refunded,479.68,2025-10-02
239,239,Bank Transfer,Refunded,3039.97,2023-06-25
240,240,Bank Transfer,Paid,1100.53,2022-06-06
241,241,Invoice,Paid,938.06,2022-07-19
242,242,PayPal,Paid,3172.61,2024-08-10
243,243,Bank Transfer,Paid,3510.22,2024-05-29
244,244,Invoice,Paid,275.4,2025-05-05
245,245,Card,Paid,411.96,2022-05-18
246,246,Card,Paid,2620.94,2024-07-21
247,247,Bank Transfer,Paid,3279.94,2025-12-17
248,248,Invoice,Paid,2085.7,2024-07-25
249,249,Card,Pending,124.65,2025-01-13
250,250,Card,Paid,775.24,2022-08-09
251,251,Invoice,Paid,658.5,2025-11-04
252,252,Invoice,Paid,239.36,2024-08-17
253,253,Bank Transfer,Paid,2488.46,2022-09-24
254,254,Bank Transfer,Paid,842.73,2022-10-15
255,255,Bank Transfer,Paid,869.95,2023-11-29
256,256,Bank Transfer,Paid,1593.31,2024-09-09
257,257,Card,Paid,537.11,2025-03-04
258,258,Card,Paid,591.48,2025-11-03
259,259,Bank Transfer,Paid,738.54,2022-07-20
260,260,Bank Transfer,Paid,1424.87,2023-01-22
261,261,PayPal,Paid,2091.04,2025-06-25
262,262,Bank Transfer,Paid,228.05,2025-04-14
263,263,PayPal,Pending,723.84,2024-08-13
264,264,Bank Transfer,Paid,5246.21,2022-05-24
265,265,Bank Transfer,Pending,142.17,2025-10-17
266,266,PayPal,Paid,2367.1,2022-04-13
267,267,Invoice,Pending,1086.06,2023-04-18
268,268,Invoice,Refunded,1666.49,2025-07-22
269,269,Invoice,Paid,1112.52,2023-09-09
270,270,Bank Transfer,Paid,1574.25,2023-08-05
271,271,Bank Transfer,Paid,1586.62,2025-11-11
272,272,Bank Transfer,Paid,208.83,2023-04-17
273,273,PayPal,Pending,986.18,2022-11-08
274,274,Invoice,Paid,733.47,2022-02-13
275,275,Bank Transfer,Paid,1145.34,2023-05-02
276,276,Card,Paid,85.61,2025-05-04
277,277,PayPal,Paid,443.6,2025-05-13
278,278,Invoice,Pending,607.04,2023-12-23
279,279,Invoice,Paid,300.82,2025-02-08
280,280,Card,Paid,393.3,2025-05-10
281,281,PayPal,Paid,3084.69,2024-12-14
282,282,Card,Paid,238.17,2025-12-11
283,283,Invoice,Pending,1621.2,2023-08-18
284,284,Invoice,Paid,1001.26,2024-12-01
285,285,Card,Paid,243.14,2022-11-09
286,286,Card,Paid,817.27,2024-02-02
287,287,Bank Transfer,Paid,632.8,2025-02-07
288,288,PayPal,Pending,129.9,2025-11-22
289,289,PayPal,Refunded,2008.59,2025-07-16
290,290,Card,Paid,909.41,2025-10-17
291,291,Card,Pending,204.71,2023-04-20
292,292,Bank Transfer,Paid,236.34,2024-07-17
293,293,PayPal,Refunded,1241.02,2024-07-26
294,294,Card,Pending,829.44,2025-06-13
295,295,Bank Transfer,Paid,1143.77,2025-08-15
296,296,Invoice,Pending,60.47,2025-02-23
297,297,Card,Paid,535.87,2022-05-28
298,298,Invoice,Paid,1173.75,2023-11-16
299,299,Bank Transfer,Paid,1163.79,2023-09-30
300,300,PayPal,Pending,2832.28,2023-07-14
301,301,Card,Pending,2318.27,2025-03-26
302,302,Bank Transfer,Paid,749.86,2022-10-07
303,303,Card,Paid,1740.43,2022-09-28
304,304,Invoice,Paid,1688.39,2024-05-18
305,305,PayPal,Pending,926.9,2025-07-10
306,306,Card,Pending,1461.44,2024-04-21
307,307,PayPal,Paid,1540.75,2024-08-05
308,308,Card,Paid,1003.54,2022-12-05
309,309,Invoice,Paid,1558.27,2023-04-01
310,310,PayPal,Pending,549.81,2024-12-22
311,311,Invoice,Paid,450.24,2024-04-24
312,312,Bank Transfer,Pending,53.66,2025-03-15
313,313,Bank Transfer,Pending,1745.97,2022-06-24
314,314,Bank Transfer,Paid,244.24,2022-11-25
315,315,Card,Refunded,2698.18,2022-10-13
316,316,Card,Paid,451.16,2023-08-28
317,317,PayPal,Paid,340.75,2025-12-25
318,318,Card,Paid,1952.04,2023-07-17
319,319,Invoice,Paid,1051.95,2022-02-26
320,320,Bank Transfer,Paid,1995.8,2023-02-04
321,321,Card,Pending,1751.75,2022-06-28
322,322,Bank Transfer,Paid,1922.04,2025-04-29
323,323,Card,Pending,957.6,2024-03-07
324,324,PayPal,Paid,1886.88,2025-10-07
325,325,Invoice,Pending,414.94,2024-11-17
326,326,Bank Transfer,Paid,1850.97,2025-11-27
327,327,Invoice,Paid,1078.0,2022-10-05
328,328,Card,Paid,1897.5,2023-10-06
329,329,PayPal,Paid,638.37,2024-03-05
330,330,Invoice,Paid,2240.33,2025-05-22
331,331,PayPal,Paid,282.96,2022-11-01
332,332,Bank Transfer,Pending,1424.97,2022-10-30
333,333,Invoice,Paid,511.66,2023-08-30
334,334,PayPal,Pending,702.6,2023-03-20
335,335,Invoice,Pending,1186.9,2025-03-04
336,336,Invoice,Paid,206.55,2025-10-20
337,337,PayPal,Paid,2252.51,2025-11-05
338,338,Card,Paid,700.94,2023-07-27
339,339,Invoice,Paid,106.8,2025-02-07
340,340,Bank Transfer,Paid,1459.94,2025-08-17
341,341,Invoice,Paid,1699.02,2022-06-26
342,342,Card,Pending,2684.12,2023-12-01
343,343,Bank Transfer,Pending,424.43,2024-08-12
344,344,Bank Transfer,Paid,611.13,2022-08-31
345,345,Card,Paid,3795.5,2025-12-03
346,346,PayPal,Paid,2227.78,2025-05-20
347,347,Invoice,Paid,368.28,2025-11-07
348,348,Card,Paid,616.38,2024-11-21
349,349,Bank Transfer,Pending,949.85,2025-12-06
350,350,Card,Paid,774.35,2024-12-25
351,351,PayPal,Paid,1215.63,2023-07-28
352,352,Bank Transfer,Paid,356.84,2023-12-06
353,353,PayPal,Pending,4021.28,2023-04-28
354,354,Invoice,Pending,445.51,2024-11-22
355,355,Bank Transfer,Pending,1227.79,2025-12-15
356,356,Bank Transfer,Refunded,122.16,2023-05-24
357,357,Bank Transfer,Paid,438.05,2022-08-04
358,358,Card,Paid,1871.48,2024-06-05
359,359,PayPal,Refunded,764.61,2023-07-13
360,360,Invoice,Paid,1420.64,2025-10-03
361,361,Invoice,Paid,5255.44,2024-12-19
362,362,PayPal,Paid,3980.66,2022-03-16
363,363,Bank Transfer,Paid,892.65,2022-08-02
364,364,Invoice,Paid,530.0,2024-06-02
365,365,Card,Paid,61.2,2025-06-13
366,366,Card,Paid,1173.69,2022-04-07
367,367,Bank Transfer,Paid,2290.1,2023-02-09
368,368,PayPal,Paid,3939.89,2024-03-03
369,369,Bank Transfer,Paid,1041.54,2024-02-06
370,370,PayPal,Paid,1344.8,2022-12-12
371,371,Card,Pending,365.75,2025-12-19
372,372,PayPal,Paid,840.86,2023-04-23
373,373,Card,Paid,893.03,2022-03-22
374,374,Bank Transfer,Pending,2289.93,2023-02-28
375,375,PayPal,Pending,1090.34,2024-01-24
376,376,Invoice,Paid,1552.71,2023-03-04
377,377,Invoice,Paid,999.94,2022-02-16
378,378,Card,Paid,889.2,2024-04-11
379,379,Invoice,Pending,776.54,2023-01-17
380,380,Bank Transfer,Paid,320.27,2024-11-29
381,381,Invoice,Paid,298.89,2024-04-26
382,382,Card,Paid,843.24,2023-07-06
383,383,PayPal,Paid,618.28,2024-02-08
384,384,Invoice,Paid,1944.14,2023-02-11
385,385,Card,Paid,1467.33,2023-03-02
386,386,Invoice,Paid,1476.63,2023-05-08
387,387,Invoice,Paid,3591.23,2024-06-10
388,388,Card,Paid,2072.12,2022-04-05
389,389,Bank Transfer,Refunded,300.15,2023-05-18
390,390,Card,Paid,566.36,2025-09-10
391,391,PayPal,Paid,564.8,2024-12-04
392,392,Invoice,Pending,414.72,2024-09-29
393,393,PayPal,Paid,1254.41,2022-01-10
394,394,PayPal,Pending,1212.46,2024-08-25
395,395,PayPal,Paid,1031.17,2022-03-16
396,396,Card,Paid,1016.14,2024-03-19
397,397,Card,Paid,2203.29,2022-11-02
398,398,Bank Transfer,Paid,272.76,2025-08-18
399,399,Card,Paid,3467.28,2023-03-04
400,400,Bank Transfer,Paid,405.59,2023-02-09
401,401,Bank Transfer,Refunded,547.38,2024-12-08
402,402,PayPal,Refunded,1561.22,2025-11-16
403,403,Invoice,Paid,2894.07,2022-09-29
404,404,Invoice,Paid,936.16,2025-11-03
405,405,Invoice,Paid,378.02,2025-06-14
406,406,Invoice,Paid,531.93,2023-08-15
407,407,Card,Paid,152.26,2022-12-10
408,408,Invoice,Paid,314.51,2025-04-03
409,409,Invoice,Refunded,4344.11,2022-07-07
410,410,Invoice,Paid,2688.43,2023-07-11
411,411,Invoice,Paid,826.52,2023-12-28
412,412,Card,Paid,234.79,2025-08-03
413,413,Card,Paid,1828.54,2024-07-14
414,414,Bank Transfer,Paid,2108.94,2022-06-16
415,415,Bank Transfer,Paid,2097.9,2024-02-03
416,416,Bank Transfer,Paid,525.08,2025-02-18
417,417,Card,Paid,189.4,2022-07-14
418,418,Bank Transfer,Refunded,2733.69,2022-10-30
419,419,Card,Pending,966.39,2025-09-25
420,420,PayPal,Paid,636.34,2025-08-23
421,421,Card,Paid,2948.69,2025-10-23
422,422,Card,Paid,17.14,2024-01-06
423,423,PayPal,Paid,1119.71,2025-12-07
424,424,Invoice,Pending,591.98,2025-05-01
425,425,Card,Paid,1158.82,2023-01-02
426,426,Invoice,Paid,496.68,2024-03-05
427,427,PayPal,Pending,707.36,2025-11-01
428,428,Card,Paid,1033.87,2022-11-07
429,429,PayPal,Paid,1896.5,2023-04-16
430,430,Card,Paid,960.79,2024-09-13
431,431,Bank Transfer,Paid,748.68,2025-10-26
432,432,PayPal,Paid,310.42,2023-09-08
433,433,Bank Transfer,Paid,387.3,2023-05-31
434,434,Bank Transfer,Paid,996.94,2024-07-03
435,435,Bank Transfer,Paid,550.36,2023-12-30
436,436,Invoice,Paid,1013.72,2022-12-04
437,437,PayPal,Paid,151.68,2023-06-07
438,438,Invoice,Paid,1373.26,2023-06-25
439,439,PayPal,Paid,491.65,2024-04-04
440,440,Invoice,Paid,372.75,2024-10-28
441,441,Bank Transfer,Paid,665.99,2024-04-03
442,442,Bank Transfer,Pending,1036.34,2022-07-07
443,443,Invoice,Refunded,194.29,2022-12-08
444,444,Invoice,Paid,1053.89,2024-09-28
445,445,Card,Paid,224.69,2022-03-09
446,446,PayPal,Pending,2079.46,2024-03-17
447,447,Invoice,Paid,227.95,2025-08-15
448,448,PayPal,Paid,1424.23,2024-04-27
449,449,PayPal,Paid,3401.93,2024-10-13
450,450,Invoice,Paid,54.53,2025-07-31
451,451,Card,Paid,1773.93,2025-08-07
452,452,Bank Transfer,Paid,239.96,2025-12-17
453,453,Bank Transfer,Pending,1612.87,2023-07-30
454,454,Card,Pending,879.88,2024-03-13
455,455,Card,Paid,964.9,2023-05-31
456,456,Bank Transfer,Pending,132.23,2025-05-13
457,457,Bank Transfer,Paid,295.7,2023-05-24
458,458,PayPal,Paid,837.99,2024-05-25
459,459,Card,Paid,1327.52,2023-06-22
460,460,PayPal,Pending,3564.37,2025-07-02
461,461,PayPal,Paid,2490.87,2025-06-22
462,462,Invoice,Paid,273.72,2022-02-22
463,463,PayPal,Paid,1125.8,2023-09-09
464,464,Bank Transfer,Paid,227.06,2025-10-24
465,465,Bank Transfer,Paid,1001.33,2023-12-29
466,466,PayPal,Paid,1156.2,2022-07-31
467,467,Card,Refunded,426.66,2025-12-28
468,468,Bank Transfer,Paid,668.76,2023-03-21
469,469,Card,Paid,531.46,2022-09-29
470,470,Invoice,Paid,1827.7,2022-11-10
471,471,Card,Paid,1178.14,2024-04-29
472,472,Card,Paid,673.62,2024-03-11
473,473,Card,Paid,1097.16,2022-12-21
474,474,Invoice,Paid,121.21,2023-04-29
475,475,PayPal,Paid,686.53,2024-04-07
476,476,Bank Transfer,Paid,4566.68,2024-06-08
477,477,PayPal,Pending,617.7,2025-07-07
478,478,Bank Transfer,Paid,1272.82,2022-10-26
479,479,Bank Transfer,Paid,2392.92,2024-07-31
480,480,Bank Transfer,Pending,938.35,2022-12-30
481,481,Card,Paid,2535.9,2025-09-08
482,482,Bank Transfer,Paid,247.56,2024-11-01
483,483,PayPal,Paid,490.4,2022-02-12
484,484,PayPal,Paid,483.74,2024-01-21
485,485,PayPal,Pending,238.84,2023-01-03
486,486,Invoice,Paid,704.39,2024-07-18
487,487,Card,Paid,2768.83,2022-12-31
488,488,Invoice,Paid,728.47,2023-11-09
489,489,PayPal,Paid,1373.11,2023-02-01
490,490,Bank Transfer,Paid,1004.34,2024-08-21
491,491,Invoice,Paid,1748.68,2023-01-23
492,492,Card,Pending,183.82,2025-07-13
493,493,Invoice,Paid,1203.48,2023-10-19
494,494,Invoice,Paid,20.85,2023-03-28
495,495,PayPal,Paid,785.0,2022-12-11
496,496,PayPal,Pending,983.86,2022-08-04
497,497,Invoice,Pending,2045.47,2022-03-17
498,498,Invoice,Paid,1806.08,2025-02-02
499,499,Invoice,Pending,542.0,2022-06-14
500,500,PayPal,Paid,671.61,2025-03-24
501,501,PayPal,Pending,304.61,2022-04-20
502,502,Card,Refunded,2564.72,2024-01-25
503,503,PayPal,Paid,311.74,2025-11-19
504,504,Bank Transfer,Paid,591.09,2022-06-06
505,505,Card,Paid,637.42,2023-06-10
506,506,Invoice,Pending,213.06,2024-08-28
507,507,Card,Refunded,3086.6,2025-06-28
508,508,PayPal,Paid,91.7,2022-07-02
509,509,Bank Transfer,Pending,1003.28,2023-08-05
510,510,PayPal,Pending,276.05,2025-09-17
511,511,Card,Paid,1433.38,2022-10-01
512,512,Invoice,Refunded,442.32,2022-01-26
513,513,Bank Transfer,Paid,418.41,2022-12-16
514,514,Bank Transfer,Paid,1322.3,2025-05-29
515,515,Card,Paid,1138.34,2023-09-01
516,516,PayPal,Pending,898.97,2022-11-03
517,517,Invoice,Paid,277.75,2023-05-31
518,518,Bank Transfer,Paid,1685.31,2025-09-15
519,519,Card,Paid,1462.27,2022-10-24
520,520,Bank Transfer,Refunded,426.0,2025-08-20
521,521,Card,Paid,560.02,2025-08-25
522,522,Bank Transfer,Paid,864.79,2023-09-02
523,523,Card,Paid,1062.88,2022-11-30
524,524,PayPal,Paid,177.32,2023-04-15
525,525,Card,Pending,774.72,2025-12-08
526,526,Card,Pending,440.3,2024-11-22
527,527,Bank Transfer,Pending,1647.02,2025-04-05
528,528,Bank Transfer,Paid,193.52,2022-02-23
529,529,PayPal,Paid,1191.93,2024-08-21
530,530,Invoice,Paid,1784.76,2022-05-15
531,531,Invoice,Pending,2940.51,2025-12-26
532,532,Card,Paid,1117.22,2022-03-21
533,533,Bank Transfer,Paid,359.25,2025-03-10
534,534,Invoice,Paid,646.34,2023-02-08
535,535,Bank Transfer,Paid,569.52,2024-12-12
536,536,Invoice,Paid,1063.09,2022-12-22
537,537,Invoice,Paid,241.72,2023-10-31
538,538,Card,Paid,1647.25,2025-10-23
539,539,PayPal,Refunded,769.32,2025-11-12
540,540,Card,Paid,1770.66,2022-11-13
541,541,PayPal,Pending,1168.44,2025-04-09
542,542,Bank Transfer,Paid,723.1,2022-09-03
543,543,Bank Transfer,Pending,1317.67,2025-07-03
544,544,Bank Transfer,Pending,1504.78,2022-12-18
545,545,Bank Transfer,Paid,3223.21,2025-12-07
546,546,Bank Transfer,Paid,1472.3,2023-12-22
547,547,Bank Transfer,Paid,706.57,2023-08-31
548,548,Invoice,Paid,2412.19,2024-07-30
549,549,Bank Transfer,Pending,897.72,2024-12-19
550,550,Invoice,Paid,1950.02,2024-03-08
551,551,Bank Transfer,Paid,1343.0,2024-07-24
552,552,Bank Transfer,Pending,773.72,2023-12-05
553,553,Bank Transfer,Paid,988.53,2024-09-02
554,554,Bank Transfer,Paid,888.49,2022-11-02
555,555,Card,Paid,842.89,2025-07-01
556,556,PayPal,Paid,1386.01,2025-05-24
557,557,PayPal,Paid,3961.56,2023-11-26
558,558,Invoice,Pending,1180.56,2024-02-13
559,559,Invoice,Paid,40.86,2024-06-13
560,560,Bank Transfer,Paid,1936.78,2022-11-24
561,561,Bank Transfer,Paid,1817.71,2025-04-22
562,562,Invoice,Pending,870.09,2023-02-25
563,563,Invoice,Pending,1815.12,2022-03-31
564,564,Bank Transfer,Pending,1412.58,2024-07-27
565,565,PayPal,Paid,268.92,2025-05-22
566,566,Bank Transfer,Paid,1232.4,2022-02-18
567,567,Bank Transfer,Paid,615.84,2025-11-25
568,568,Invoice,Paid,2196.4,2023-12-02
569,569,Invoice,Paid,324.19,2022-12-08
570,570,Card,Paid,331.08,2022-03-13
571,571,Invoice,Paid,122.28,2023-05-05
572,572,Card,Paid,445.11,2025-11-27
573,573,Card,Refunded,388.3,2025-06-18
574,574,Bank Transfer,Paid,189.36,2024-06-04
575,575,Card,Pending,259.29,2024-07-26
576,576,Bank Transfer,Pending,505.45,2025-06-24
577,577,Bank Transfer,Paid,1579.09,2024-02-23
578,578,Bank Transfer,Paid,762.93,2023-10-24
579,579,Bank Transfer,Paid,1401.82,2022-04-11
580,580,Card,Paid,306.27,2024-08-30
581,581,Card,Paid,442.8,2022-08-05
582,582,PayPal,Pending,3581.64,2025-06-09
583,583,Invoice,Pending,416.27,2025-11-28
584,584,PayPal,Paid,1137.37,2025-10-10
585,585,Card,Pending,1087.03,2023-10-16
586,586,Invoice,Paid,929.3,2025-09-25
587,587,PayPal,Paid,1933.74,2023-02-16
588,588,PayPal,Paid,507.73,2024-11-22
589,589,PayPal,Paid,2848.88,2024-09-23
590,590,Invoice,Pending,627.14,2025-05-20
591,591,Invoice,Pending,617.06,2025-05-29
592,592,Invoice,Paid,536.97,2025-03-15
593,593,Bank Transfer,Paid,4248.24,2025-10-24
594,594,Card,Paid,1666.97,2024-01-08
595,595,Bank Transfer,Paid,818.76,2024-08-18
596,596,PayPal,Paid,190.46,2025-11-05
597,597,Card,Paid,465.37,2022-07-20
598,598,PayPal,Pending,2892.56,2023-12-03
599,599,PayPal,Paid,2724.85,2024-11-30
600,600,Invoice,Paid,69.5,2023-08-18
601,601,Bank Transfer,Paid,168.69,2025-01-04
602,602,Invoice,Refunded,1318.8,2022-02-17
603,603,Invoice,Paid,186.14,2022-05-08
604,604,PayPal,Paid,928.47,2022-03-24
605,605,Invoice,Paid,379.74,2022-02-22
606,606,Invoice,Paid,1004.58,2025-06-19
607,607,Bank Transfer,Pending,1466.62,2025-07-15
608,608,Bank Transfer,Paid,1536.62,2025-12-01
609,609,PayPal,Paid,2198.64,2022-03-24
610,610,PayPal,Paid,914.19,2023-11-27
611,611,PayPal,Paid,268.87,2025-05-19
612,612,Bank Transfer,Paid,901.05,2024-04-21
613,613,Card,Paid,1548.63,2023-02-21
614,614,PayPal,Paid,1701.86,2025-08-07
615,615,Bank Transfer,Pending,840.73,2024-10-27
616,616,Card,Paid,2288.48,2024-05-01
617,617,PayPal,Paid,280.2,2022-07-29
618,618,Bank Transfer,Pending,426.18,2025-01-13
619,619,Card,Refunded,2147.88,2024-02-01
620,620,PayPal,Paid,4551.29,2024-09-01
621,621,Card,Paid,2939.19,2025-05-24
622,622,Bank Transfer,Paid,3487.15,2024-12-14
623,623,Card,Paid,762.42,2023-08-18
624,624,Invoice,Paid,681.41,2024-06-15
625,625,Invoice,Paid,358.21,2025-06-13
626,626,PayPal,Pending,1209.01,2025-08-25
627,627,Invoice,Paid,1037.45,2023-08-21
628,628,Bank Transfer,Refunded,265.95,2024-08-07
629,629,PayPal,Paid,581.03,2023-05-28
630,630,Invoice,Paid,1955.1,2022-06-18
631,631,PayPal,Paid,740.65,2025-03-31
632,632,Bank Transfer,Pending,2492.86,2025-01-04
633,633,Bank Transfer,Paid,1271.3,2022-10-23
634,634,Bank Transfer,Paid,1496.24,2024-10-25
635,635,Card,Paid,781.29,2025-11-29
636,636,PayPal,Paid,716.43,2024-04-27
637,637,Invoice,Paid,1219.48,2023-12-29
638,638,PayPal,Paid,402.98,2022-01-29
639,639,Bank Transfer,Paid,174.54,2022-06-02
640,640,Card,Paid,995.64,2025-02-07
641,641,PayPal,Refunded,2301.49,2022-01-21
642,642,Card,Paid,271.52,2022-01-25
643,643,PayPal,Refunded,2258.0,2023-02-21
644,644,PayPal,Paid,1009.86,2025-01-11
645,645,Bank Transfer,Paid,251.4,2025-06-16
646,646,Bank Transfer,Pending,2103.76,2022-11-15
647,647,Invoice,Paid,948.52,2024-10-23
648,648,Bank Transfer,Pending,1284.61,2022-06-23
649,649,Card,Pending,489.45,2024-07-27
650,650,Bank Transfer,Paid,232.19,2025-12-19
651,651,Card,Paid,1098.84,2023-01-21
652,652,Invoice,Pending,98.52,2025-10-01
653,653,Bank Transfer,Pending,143.92,2024-09-03
654,654,Bank Transfer,Paid,899.18,2024-09-16
655,655,Invoice,Paid,900.38,2025-09-15
656,656,Card,Refunded,1228.02,2024-11-22
657,657,Invoice,Paid,394.1,2025-10-07
658,658,PayPal,Paid,1752.74,2025-03-18
659,659,Card,Paid,283.08,2025-05-16
660,660,Bank Transfer,Paid,72.62,2022-10-13
661,661,PayPal,Pending,1051.02,2023-09-27
662,662,PayPal,Paid,2132.69,2023-01-05
663,663,Invoice,Paid,3074.6,2023-01-16
664,664,Bank Transfer,Paid,1386.62,2025-11-30
665,665,Card,Refunded,1964.86,2025-12-19
666,666,PayPal,Pending,772.39,2025-01-20
667,667,PayPal,Paid,351.18,2025-03-29
668,668,Invoice,Pending,201.2,2025-01-18
669,669,Invoice,Pending,38.51,2023-05-29
670,670,Invoice,Pending,1355.7,2023-01-15
671,671,Card,Pending,1320.49,2023-12-15
672,672,Bank Transfer,Pending,1721.6,2023-04-21
673,673,PayPal,Paid,1341.27,2022-07-25
674,674,PayPal,Paid,759.49,2024-06-18
675,675,Bank Transfer,Paid,603.74,2024-11-21
676,676,Card,Refunded,2191.28,2022-11-08
677,677,Bank Transfer,Paid,2475.38,2024-05-07
678,678,Bank Transfer,Pending,1087.99,2022-06-05
679,679,Card,Paid,417.08,2022-12-12
680,680,Bank Transfer,Paid,1107.61,2023-06-06
681,681,Card,Pending,3996.21,2022-11-20
682,682,Bank Transfer,Paid,1454.59,2025-11-10
683,683,Card,Pending,1405.5,2022-09-20
684,684,Card,Paid,18.0,2025-06-12
685,685,PayPal,Paid,2218.9,2024-01-01
686,686,Bank Transfer,Paid,600.58,2025-07-04
687,687,Bank Transfer,Paid,299.9,2024-05-07
688,688,Bank Transfer,Paid,653.52,2023-03-27
689,689,Bank Transfer,Paid,1647.02,2022-03-17
690,690,Invoice,Pending,486.49,2022-04-15
691,691,Invoice,Paid,312.5,2024-03-03
692,692,Bank Transfer,Paid,2798.76,2022-12-07
693,693,Card,Paid,333.57,2025-12-17
694,694,PayPal,Paid,1181.49,2023-07-11
695,695,Invoice,Paid,856.51,2023-09-18
696,696,Card,Pending,1255.03,2025-09-27
697,697,Bank Transfer,Paid,95.44,2025-12-05
698,698,Bank Transfer,Paid,198.57,2024-06-15
699,699,PayPal,Paid,609.52,2024-07-28
700,700,PayPal,Pending,2322.3,2022-03-12
701,701,Invoice,Pending,406.71,2022-05-13
702,702,Invoice,Paid,1953.89,2024-06-10
703,703,Bank Transfer,Paid,1591.04,2022-10-01
704,704,Invoice,Paid,1475.62,2023-12-05
705,705,Invoice,Paid,228.75,2023-05-28
706,706,Card,Paid,3821.18,2022-08-18
707,707,Card,Paid,1240.11,2024-04-02
708,708,Invoice,Paid,1565.17,2025-12-29
709,709,PayPal,Refunded,315.0,2025-04-23
710,710,PayPal,Pending,203.43,2022-06-03
711,711,Bank Transfer,Paid,2279.98,2022-11-22
712,712,Bank Transfer,Paid,2263.29,2024-03-11
713,713,Bank Transfer,Pending,3155.52,2022-02-17
714,714,Bank Transfer,Paid,549.16,2023-05-30
715,715,Bank Transfer,Paid,92.39,2025-08-01
716,716,Bank Transfer,Paid,1450.96,2024-07-27
717,717,Bank Transfer,Pending,1577.95,2022-03-09
718,718,Card,Paid,222.56,2024-07-20
719,719,Invoice,Pending,980.63,2025-07-28
720,720,Invoice,Refunded,965.75,2022-06-23
721,721,Invoice,Paid,678.24,2024-07-22
722,722,PayPal,Pending,212.04,2025-12-28
723,723,Invoice,Refunded,670.01,2025-09-20
724,724,PayPal,Paid,411.83,2023-08-17
725,725,Invoice,Paid,2228.13,2022-04-16
726,726,PayPal,Paid,131.6,2022-02-11
727,727,Bank Transfer,Pending,240.86,2024-09-27
728,728,PayPal,Paid,774.18,2025-11-23
729,729,Bank Transfer,Paid,1031.16,2022-08-24
730,730,Card,Paid,2472.64,2022-07-08
731,731,Bank Transfer,Refunded,635.0,2024-03-09
732,732,PayPal,Paid,1596.61,2023-10-30
733,733,Card,Paid,863.98,2023-11-15
734,734,Invoice,Refunded,1972.59,2024-10-23
735,735,Card,Paid,322.08,2025-11-28
736,736,Bank Transfer,Paid,1048.52,2025-01-29
737,737,Invoice,Paid,1474.62,2024-12-13
738,738,PayPal,Paid,212.07,2022-11-06
739,739,Card,Paid,390.45,2025-08-21
740,740,Invoice,Paid,3726.11,2025-11-02
741,741,Invoice,Pending,989.25,2025-07-22
742,742,Invoice,Paid,1090.63,2024-10-25
743,743,Bank Transfer,Paid,764.25,2024-04-19
744,744,Invoice,Pending,284.74,2025-06-07
745,745,Invoice,Paid,2034.43,2023-07-23
746,746,Bank Transfer,Paid,426.81,2023-03-29
747,747,PayPal,Paid,978.08,2022-03-08
748,748,Card,Pending,928.49,2024-04-12
749,749,Invoice,Paid,522.56,2024-12-11
750,750,Card,Paid,1339.04,2024-08-18
751,751,Invoice,Paid,718.91,2025-06-07
752,752,Bank Transfer,Paid,1088.5,2024-06-24
753,753,PayPal,Paid,463.45,2024-01-17
754,754,Invoice,Refunded,737.2,2023-11-15
755,755,Invoice,Paid,428.81,2024-12-19
756,756,Card,Pending,302.3,2023-11-01
757,757,Bank Transfer,Paid,169.94,2025-07-10
758,758,PayPal,Paid,756.12,2023-05-17
759,759,Card,Paid,761.08,2025-12-14
760,760,Invoice,Paid,114.07,2023-09-23
761,761,Invoice,Paid,519.65,2023-09-16
762,762,Invoice,Paid,152.31,2022-03-13
763,763,Invoice,Pending,72.02,2025-04-23
764,764,Invoice,Paid,135.2,2025-01-30
765,765,PayPal,Refunded,3023.34,2024-04-04
766,766,Bank Transfer,Paid,1109.92,2023-03-28
767,767,Bank Transfer,Paid,537.11,2023-11-13
768,768,Bank Transfer,Paid,758.96,2024-08-06
769,769,PayPal,Paid,103.91,2022-12-22
770,770,Bank Transfer,Paid,450.1,2023-01-25
771,771,Card,Paid,956.39,2024-01-08
772,772,PayPal,Paid,190.33,2023-02-25
773,773,PayPal,Paid,1580.94,2022-09-14
774,774,Card,Pending,583.64,2024-04-05
775,775,Card,Paid,201.52,2025-12-27
776,776,Bank Transfer,Paid,357.56,2022-07-16
777,777,Card,Paid,135.69,2022-08-14
778,778,Bank Transfer,Paid,2929.16,2023-01-11
779,779,Invoice,Paid,406.8,2025-06-06
780,780,Card,Refunded,93.09,2022-04-21
781,781,Card,Paid,1089.14,2025-09-23
782,782,PayPal,Paid,218.57,2022-12-23
783,783,PayPal,Paid,642.97,2024-01-24
784,784,PayPal,Paid,668.77,2023-05-11
785,785,Card,Refunded,1003.76,2022-01-05
786,786,PayPal,Paid,935.51,2022-12-07
787,787,PayPal,Paid,1191.12,2023-08-28
788,788,Invoice,Paid,26.55,2022-06-28
789,789,Bank Transfer,Paid,134.09,2022-04-22
790,790,Card,Paid,1751.81,2024-08-22
791,791,Invoice,Paid,1072.0,2022-08-21
792,792,Card,Paid,227.74,2022-07-09
793,793,Card,Paid,574.28,2024-08-03
794,794,Bank Transfer,Paid,878.07,2024-08-20
795,795,Card,Pending,973.92,2025-11-11
796,796,Bank Transfer,Paid,478.36,2023-08-25
797,797,PayPal,Paid,1557.24,2024-05-15
798,798,Bank Transfer,Paid,78.72,2025-11-02
799,799,Bank Transfer,Pending,1072.86,2023-05-08
800,800,PayPal,Paid,947.92,2025-02-28
801,801,Bank Transfer,Paid,292.26,2024-03-10
802,802,PayPal,Paid,1655.73,2025-11-14
803,803,Card,Paid,880.81,2023-11-06
804,804,Card,Paid,2444.43,2025-05-01
805,805,Card,Paid,615.92,2025-12-17
806,806,Bank Transfer,Paid,228.23,2022-06-24
807,807,Invoice,Paid,906.53,2023-03-09
808,808,Bank Transfer,Paid,76.2,2025-02-08
809,809,PayPal,Pending,1211.54,2023-05-20
810,810,Bank Transfer,Pending,898.23,2023-10-22
811,811,Bank Transfer,Pending,506.9,2024-09-12
812,812,Card,Paid,155.44,2024-02-20
813,813,Invoice,Paid,41.68,2023-11-12
814,814,Bank Transfer,Pending,271.68,2024-04-28
815,815,Card,Paid,2577.65,2025-02-18
816,816,Bank Transfer,Paid,829.03,2022-07-22
817,817,Bank Transfer,Paid,309.12,2025-09-25
818,818,Bank Transfer,Paid,90.07,2023-12-16
819,819,Invoice,Paid,964.45,2023-05-31
820,820,Bank Transfer,Paid,815.55,2024-12-22
821,821,Invoice,Paid,2004.64,2024-10-15
822,822,PayPal,Paid,295.13,2025-08-11
823,823,Invoice,Refunded,819.85,2022-09-18
824,824,Bank Transfer,Paid,1150.05,2025-01-19
825,825,PayPal,Paid,1740.29,2022-09-09
826,826,Invoice,Paid,709.79,2025-06-05
827,827,Bank Transfer,Paid,347.12,2024-07-01
828,828,Bank Transfer,Paid,1938.32,2025-01-07
829,829,PayPal,Paid,2859.81,2022-09-25
830,830,Bank Transfer,Pending,287.85,2023-08-08
831,831,PayPal,Paid,510.38,2025-11-07
832,832,Invoice,Paid,458.86,2025-10-03
833,833,PayPal,Paid,987.86,2022-12-26
834,834,PayPal,Paid,3475.63,2025-04-23
835,835,PayPal,Pending,493.2,2023-10-27
836,836,PayPal,Pending,451.05,2024-11-12
837,837,PayPal,Paid,287.56,2024-06-12
838,838,PayPal,Paid,444.63,2024-02-20
839,839,PayPal,Paid,437.13,2024-06-15
840,840,Card,Pending,3598.29,2025-11-20
841,841,Card,Pending,115.01,2023-08-16
842,842,Bank Transfer,Paid,1552.91,2024-05-01
843,843,Invoice,Pending,1079.31,2024-08-22
844,844,Bank Transfer,Refunded,3070.43,2022-11-06
845,845,Card,Paid,123.54,2025-11-18
846,846,Bank Transfer,Paid,278.96,2025-02-13
847,847,Card,Paid,1983.71,2024-04-08
848,848,Invoice,Paid,431.32,2025-09-12
849,849,Invoice,Refunded,496.85,2025-10-31
850,850,PayPal,Pending,1230.03,2024-08-27
851,851,PayPal,Paid,46.1,2023-09-06
852,852,PayPal,Paid,2918.14,2025-10-20
853,853,Invoice,Pending,1161.48,2025-09-09
854,854,Card,Paid,336.42,2023-12-13
855,855,PayPal,Paid,700.51,2024-01-07
856,856,Invoice,Paid,532.99,2025-08-03
857,857,Bank Transfer,Paid,839.13,2023-05-17
858,858,PayPal,Paid,417.65,2023-11-04
859,859,Card,Paid,737.55,2022-04-25
860,860,Bank Transfer,Paid,1431.2,2024-11-16
861,861,Card,Refunded,337.19,2022-11-12
862,862,Invoice,Paid,1928.43,2022-04-15
863,863,Card,Paid,282.67,2023-07-28
864,864,Card,Pending,924.82,2022-04-05
865,865,Invoice,Pending,171.48,2023-09-28
866,866,Invoice,Paid,465.52,2025-05-26
867,867,Invoice,Paid,2029.5,2024-08-13
868,868,Invoice,Paid,835.11,2024-09-23
869,869,Invoice,Paid,924.7,2022-09-10
870,870,Invoice,Paid,4627.04,2024-10-29
871,871,Card,Paid,236.57,2025-10-01
872,872,Bank Transfer,Paid,639.83,2024-09-05
873,873,PayPal,Paid,3301.58,2022-11-03
874,874,Bank Transfer,Paid,519.26,2025-10-06
875,875,Bank Transfer,Pending,784.26,2023-02-16
876,876,Bank Transfer,Pending,136.77,2022-06-04
877,877,PayPal,Pending,3893.5,2023-05-25
878,878,Card,Paid,780.22,2023-02-11
879,879,Bank Transfer,Paid,1076.02,2022-07-10
880,880,Invoice,Paid,1781.94,2024-04-27
881,881,PayPal,Refunded,1979.56,2024-12-20
882,882,Invoice,Paid,610.71,2025-12-09
883,883,Card,Paid,655.74,2022-11-04
884,884,PayPal,Paid,955.84,2024-11-06
885,885,Card,Paid,981.88,2023-12-03
886,886,Bank Transfer,Paid,4704.25,2023-08-11
887,887,PayPal,Paid,152.41,2025-11-16
888,888,Invoice,Paid,1629.63,2022-04-17
889,889,PayPal,Paid,531.83,2025-05-26
890,890,Bank Transfer,Paid,637.18,2024-01-12
891,891,Card,Pending,768.26,2023-10-05
892,892,Invoice,Paid,759.85,2024-10-10
893,893,Invoice,Paid,97.65,2024-12-04
894,894,PayPal,Pending,550.98,2025-12-04
895,895,PayPal,Refunded,1066.88,2024-10-16
896,896,Bank Transfer,Paid,588.56,2024-10-04
897,897,Card,Paid,1490.99,2024-02-27
898,898,Card,Pending,1011.35,2022-07-01
899,899,Invoice,Paid,1123.05,2024-07-29
900,900,Bank Transfer,Paid,953.67,2023-11-23
901,901,Card,Paid,600.29,2023-10-22
902,902,Invoice,Paid,1226.37,2024-07-30
903,903,PayPal,Paid,1142.54,2024-09-30
904,904,PayPal,Paid,460.24,2023-04-25
905,905,Card,Paid,737.08,2024-02-27
906,906,Bank Transfer,Paid,1995.36,2022-04-25
907,907,Invoice,Pending,1916.32,2022-07-21
908,908,Bank Transfer,Pending,333.39,2022-07-30
909,909,Invoice,Paid,1708.17,2022-01-24
910,910,Invoice,Paid,3234.36,2025-05-31
911,911,Card,Paid,92.45,2024-05-15
912,912,PayPal,Paid,383.67,2023-11-26
913,913,Card,Paid,446.28,2023-10-17
914,914,PayPal,Paid,757.77,2024-12-07
915,915,Invoice,Paid,739.71,2023-03-22
916,916,Invoice,Paid,1984.56,2022-05-11
917,917,Invoice,Paid,151.63,2025-04-23
918,918,PayPal,Refunded,319.55,2025-08-14
919,919,Card,Pending,567.56,2025-09-07
920,920,Invoice,Paid,2994.24,2022-06-03
921,921,Card,Paid,1483.71,2023-05-18
922,922,Invoice,Paid,1968.69,2024-12-11
923,923,Invoice,Paid,1549.03,2025-04-17
924,924,Card,Paid,322.82,2023-04-13
925,925,Invoice,Paid,50.56,2023-09-24
926,926,Invoice,Paid,3786.99,2022-08-27
927,927,Bank Transfer,Paid,2679.82,2022-02-06
928,928,Bank Transfer,Paid,89.56,2023-12-20
929,929,PayPal,Paid,1035.55,2024-09-20
930,930,Card,Paid,888.87,2023-05-05
931,931,Bank Transfer,Paid,1079.81,2024-09-26
932,932,PayPal,Paid,1078.55,2023-08-18
933,933,PayPal,Pending,1464.62,2022-10-25
934,934,Bank Transfer,Paid,899.98,2023-04-11
935,935,Invoice,Pending,497.39,2022-04-15
936,936,Card,Paid,1275.68,2022-10-12
937,937,Card,Paid,2574.87,2025-03-25
938,938,PayPal,Paid,488.62,2024-02-23
939,939,PayPal,Paid,473.63,2025-04-03
940,940,Bank Transfer,Pending,1658.74,2023-11-22
941,941,Card,Paid,366.75,2024-09-28
942,942,Card,Paid,1702.46,2023-11-04
943,943,PayPal,Paid,633.3,2024-06-07
944,944,Invoice,Paid,1951.85,2023-04-13
945,945,Card,Paid,1237.41,2024-06-02
946,946,Invoice,Paid,1139.45,2023-01-30
947,947,Invoice,Pending,576.89,2023-12-06
948,948,Invoice,Pending,480.19,2024-08-27
949,949,PayPal,Pending,1116.24,2024-06-06
950,950,PayPal,Paid,971.88,2022-05-15
951,951,PayPal,Paid,1240.56,2023-06-07
952,952,Bank Transfer,Pending,422.71,2025-02-17
953,953,Card,Paid,2173.39,2024-07-20
954,954,Invoice,Paid,709.74,2024-11-24
955,955,Bank Transfer,Paid,1126.0,2022-11-23
956,956,Invoice,Paid,432.72,2022-09-20
957,957,Bank Transfer,Paid,808.48,2024-04-14
958,958,Card,Paid,92.67,2023-07-12
959,959,Card,Pending,962.83,2023-01-28
960,960,Card,Paid,402.71,2023-04-25
961,961,PayPal,Paid,526.99,2022-09-04
962,962,Invoice,Refunded,454.93,2022-09-19
963,963,Bank Transfer,Paid,299.32,2025-07-23
964,964,PayPal,Refunded,1741.94,2023-08-05
965,965,Invoice,Paid,145.4,2024-07-13
966,966,Invoice,Paid,656.15,2025-11-04
967,967,PayPal,Paid,1579.34,2023-08-20
968,968,PayPal,Pending,720.73,2025-11-30
969,969,Card,Paid,903.2,2022-09-29
970,970,Invoice,Pending,1010.29,2025-11-09
971,971,Card,Pending,145.46,2024-09-07
972,972,PayPal,Paid,1921.13,2023-06-18
973,973,Invoice,Pending,989.26,2023-05-05
974,974,PayPal,Paid,3008.08,2024-08-19
975,975,Invoice,Paid,1595.41,2024-11-28
976,976,Card,Paid,435.5,2025-08-23
977,977,Bank Transfer,Paid,233.06,2022-11-30
978,978,PayPal,Paid,1757.76,2025-07-29
979,979,PayPal,Paid,2585.44,2025-06-14
980,980,PayPal,Paid,133.72,2025-12-06
981,981,Invoice,Paid,1553.33,2025-10-14
982,982,PayPal,Paid,1051.68,2025-08-17
983,983,Bank Transfer,Paid,1789.83,2022-06-09
984,984,PayPal,Paid,469.33,2025-02-21
985,985,PayPal,Refunded,1640.57,2024-03-06
986,986,Invoice,Paid,482.45,2025-05-02
987,987,Bank Transfer,Paid,1880.15,2024-12-20
988,988,PayPal,Paid,1214.35,2023-08-22
989,989,Bank Transfer,Paid,293.78,2025-07-19
990,990,Invoice,Refunded,541.51,2025-10-09
991,991,Card,Paid,53.3,2024-03-14
992,992,Card,Paid,115.75,2025-11-03
993,993,Invoice,Paid,2979.66,2025-12-27
994,994,Card,Paid,206.3,2022-09-08
995,995,Invoice,Paid,2340.1,2024-03-11
996,996,Bank Transfer,Paid,635.93,2025-06-21
997,997,PayPal,Paid,2308.1,2022-01-05
998,998,Card,Refunded,1588.89,2025-11-04
999,999,Card,Paid,380.89,2022-12-07
1000,1000,Card,Paid,1048.83,2024-01-23
1001,1001,Bank Transfer,Paid,705.83,2024-05-25
1002,1002,Invoice,Paid,660.3,2022-03-11
1003,1003,Card,Paid,1665.06,2022-11-06
1004,1004,Bank Transfer,Paid,2418.9,2024-04-16
1005,1005,Card,Paid,3353.6,2023-05-10
1006,1006,Invoice,Paid,432.37,2025-04-21
1007,1007,Card,Pending,649.22,2022-01-15
1008,1008,Bank Transfer,Paid,193.55,2025-04-28
1009,1009,Card,Paid,529.62,2023-11-13
1010,1010,PayPal,Paid,648.17,2023-02-07
1011,1011,Bank Transfer,Paid,1417.94,2023-12-24
1012,1012,Bank Transfer,Pending,2827.27,2022-10-03
1013,1013,Invoice,Paid,779.92,2023-06-01
1014,1014,Card,Paid,1698.84,2022-03-09
1015,1015,Invoice,Paid,369.19,2024-12-12
1016,1016,Invoice,Paid,1341.6,2022-11-13
1017,1017,Invoice,Pending,3745.92,2023-12-15
1018,1018,PayPal,Paid,623.16,2023-07-06
1019,1019,Invoice,Pending,124.5,2023-03-29
1020,1020,Invoice,Paid,1000.98,2023-03-02
1021,1021,PayPal,Pending,1250.99,2025-11-13
1022,1022,PayPal,Paid,437.52,2023-12-11
1023,1023,Invoice,Paid,865.52,2025-07-27
1024,1024,Invoice,Refunded,265.71,2025-12-12
1025,1025,Card,Paid,1153.85,2024-05-20
1026,1026,PayPal,Paid,891.67,2022-04-27
1027,1027,Invoice,Paid,2431.73,2024-02-14
1028,1028,Card,Paid,1482.69,2024-11-10
1029,1029,PayPal,Pending,846.35,2022-03-24
1030,1030,Card,Paid,469.87,2022-11-07
1031,1031,Card,Paid,1133.75,2025-04-29
1032,1032,Card,Pending,522.26,2025-09-24
1033,1033,Bank Transfer,Paid,1580.35,2022-02-10
1034,1034,Bank Transfer,Paid,597.9,2022-12-16
1035,1035,PayPal,Paid,2395.48,2023-06-20
1036,1036,PayPal,Paid,168.34,2023-03-02
1037,1037,Bank Transfer,Pending,1099.6,2022-06-30
1038,1038,Card,Pending,668.65,2024-01-15
1039,1039,Bank Transfer,Paid,1662.88,2022-01-09
1040,1040,Bank Transfer,Refunded,447.46,2024-11-08
1041,1041,Invoice,Paid,584.09,2022-01-07
1042,1042,PayPal,Refunded,1230.17,2023-11-14
1043,1043,Card,Paid,1513.81,2023-08-16
1044,1044,Card,Pending,2435.34,2023-11-28
1045,1045,Invoice,Pending,104.72,2022-02-25
1046,1046,Bank Transfer,Paid,212.27,2023-04-23
1047,1047,Invoice,Paid,863.11,2023-03-18
1048,1048,PayPal,Paid,921.1,2022-05-22
1049,1049,PayPal,Paid,880.34,2023-10-29
1050,1050,PayPal,Paid,1092.78,2024-03-05
1051,1051,PayPal,Paid,642.83,2023-07-25
1052,1052,Card,Paid,494.43,2023-11-28
1053,1053,Invoice,Paid,412.48,2023-08-07
1054,1054,Bank Transfer,Paid,1712.01,2022-10-13
1055,1055,PayPal,Pending,1577.4,2022-10-20
1056,1056,Card,Paid,467.6,2025-07-22
1057,1057,Invoice,Paid,93.1,2024-12-28
1058,1058,Invoice,Paid,1644.74,2024-08-07
1059,1059,Bank Transfer,Paid,246.72,2024-06-18
1060,1060,Card,Paid,961.89,2022-06-03
1061,1061,Card,Paid,2810.9,2023-11-12
1062,1062,Card,Pending,4372.04,2022-08-18
1063,1063,Card,Paid,2759.15,2024-11-25
1064,1064,Card,Paid,1596.35,2022-10-05
1065,1065,Invoice,Paid,1039.07,2022-12-22
1066,1066,Card,Paid,174.63,2024-05-22
1067,1067,Card,Paid,368.33,2025-07-20
1068,1068,Invoice,Paid,147.63,2025-08-09
1069,1069,Bank Transfer,Paid,384.51,2025-07-03
1070,1070,Card,Paid,254.05,2023-11-29
1071,1071,Card,Pending,1446.52,2023-12-21
1072,1072,Card,Paid,176.1,2024-03-28
1073,1073,PayPal,Paid,1380.91,2025-11-25
1074,1074,Invoice,Paid,1229.49,2025-04-09
1075,1075,PayPal,Paid,1409.91,2024-10-13
1076,1076,Bank Transfer,Paid,799.34,2025-06-12
1077,1077,Card,Paid,355.35,2022-06-03
1078,1078,Invoice,Pending,409.39,2024-04-24
1079,1079,Invoice,Paid,540.36,2023-12-23
1080,1080,Card,Paid,210.43,2025-08-15
1081,1081,Invoice,Paid,468.64,2022-11-18
1082,1082,Card,Paid,91.44,2024-07-01
1083,1083,PayPal,Pending,2033.27,2023-08-27
1084,1084,Card,Paid,1229.85,2025-11-08
1085,1085,Bank Transfer,Paid,207.0,2023-10-15
1086,1086,Card,Refunded,225.06,2023-09-22
1087,1087,PayPal,Paid,1753.47,2025-12-27
1088,1088,Card,Paid,528.48,2022-11-03
1089,1089,Invoice,Pending,577.51,2023-09-20
1090,1090,PayPal,Paid,188.26,2024-02-23
1091,1091,Bank Transfer,Paid,1696.87,2023-12-02
1092,1092,Invoice,Pending,1194.51,2025-03-30
1093,1093,PayPal,Paid,3119.84,2025-11-16
1094,1094,Invoice,Paid,1511.01,2025-07-09
1095,1095,PayPal,Pending,32.69,2024-10-11
1096,1096,PayPal,Paid,694.98,2025-10-13
1097,1097,PayPal,Paid,1151.15,2025-02-04
1098,1098,Invoice,Pending,6920.03,2024-06-23
1099,1099,Bank Transfer,Pending,1205.54,2025-08-30
1100,1100,Invoice,Paid,1664.18,2024-04-06
1101,1101,PayPal,Refunded,745.09,2025-02-04
1102,1102,Bank Transfer,Pending,4315.71,2024-10-22
1103,1103,Card,Paid,2561.5,2025-06-15
1104,1104,PayPal,Paid,3442.03,2025-06-27
1105,1105,Invoice,Paid,3061.83,2022-09-24
1106,1106,Card,Paid,961.28,2025-09-03
1107,1107,Card,Paid,1154.05,2025-10-31
1108,1108,Bank Transfer,Paid,695.9,2025-11-08
1109,1109,Card,Paid,1154.83,2022-04-03
1110,1110,Invoice,Paid,2644.31,2022-01-05
1111,1111,Bank Transfer,Paid,1185.72,2022-08-13
1112,1112,Bank Transfer,Paid,1372.39,2022-01-04
1113,1113,Bank Transfer,Paid,1682.0,2022-12-25
1114,1114,PayPal,Paid,308.3,2024-02-04
1115,1115,Card,Paid,1885.57,2025-10-04
1116,1116,Invoice,Paid,3115.91,2023-01-14
1117,1117,Bank Transfer,Paid,1446.9,2024-07-14
1118,1118,Invoice,Paid,932.91,2023-04-21
1119,1119,Card,Paid,4383.68,2025-08-18
1120,1120,Invoice,Pending,121.8,2023-07-26
1121,1121,Bank Transfer,Paid,569.77,2023-08-10
1122,1122,Bank Transfer,Paid,2740.84,2023-08-14
1123,1123,PayPal,Pending,1238.16,2024-07-31
1124,1124,Bank Transfer,Paid,271.34,2025-07-31
1125,1125,Card,Paid,371.47,2024-04-06
1126,1126,PayPal,Paid,432.43,2024-04-11
1127,1127,Card,Paid,564.77,2023-12-03
1128,1128,PayPal,Paid,1139.24,2023-07-13
1129,1129,PayPal,Refunded,809.31,2023-10-08
1130,1130,Card,Pending,1923.59,2023-08-11
1131,1131,PayPal,Paid,312.72,2025-11-16
1132,1132,Bank Transfer,Paid,127.67,2022-10-30
1133,1133,Bank Transfer,Paid,914.16,2025-12-31
1134,1134,Card,Paid,306.34,2022-03-13
1135,1135,Card,Pending,751.87,2023-07-16
1136,1136,Invoice,Paid,1020.63,2024-11-07
1137,1137,Card,Pending,1791.18,2025-10-23
1138,1138,Bank Transfer,Paid,65.38,2025-07-23
1139,1139,PayPal,Paid,324.25,2025-06-21
1140,1140,PayPal,Paid,1717.08,2022-10-22
1141,1141,Invoice,Pending,3115.51,2024-08-23
1142,1142,PayPal,Refunded,149.18,2025-05-18
1143,1143,Invoice,Pending,259.71,2023-10-18
1144,1144,Bank Transfer,Paid,944.43,2025-12-09
1145,1145,Invoice,Pending,272.76,2025-08-06
1146,1146,Card,Pending,2369.37,2022-09-01
1147,1147,Card,Paid,2518.8,2024-04-24
1148,1148,PayPal,Paid,2944.29,2024-08-16
1149,1149,PayPal,Paid,133.34,2025-01-11
1150,1150,PayPal,Pending,2079.44,2025-12-22
1151,1151,Card,Paid,2500.6,2025-07-21
1152,1152,Invoice,Paid,599.2,2023-08-24
1153,1153,Invoice,Paid,253.71,2022-06-17
1154,1154,Card,Refunded,2370.34,2025-12-06
1155,1155,Bank Transfer,Pending,2384.82,2022-08-05
1156,1156,Bank Transfer,Paid,1450.08,2024-08-12
1157,1157,PayPal,Paid,936.31,2023-03-07
1158,1158,PayPal,Paid,489.73,2025-12-11
1159,1159,Bank Transfer,Refunded,1586.71,2023-12-12
1160,1160,Card,Paid,310.14,2025-11-23
1161,1161,PayPal,Paid,3248.85,2022-10-29
1162,1162,PayPal,Pending,250.75,2023-12-26
1163,1163,Bank Transfer,Paid,322.19,2022-11-07
1164,1164,Invoice,Pending,1054.6,2024-07-01
1165,1165,Bank Transfer,Paid,1321.29,2023-08-03
1166,1166,Invoice,Pending,2691.51,2023-02-22
1167,1167,PayPal,Paid,1376.76,2023-03-27
1168,1168,Invoice,Paid,237.46,2024-07-10
1169,1169,Card,Paid,2648.44,2024-03-11
1170,1170,PayPal,Paid,667.76,2025-09-03
1171,1171,Bank Transfer,Paid,2125.61,2023-08-29
1172,1172,Card,Paid,706.35,2024-10-03
1173,1173,PayPal,Paid,77.41,2024-12-20
1174,1174,PayPal,Paid,273.2,2024-07-18
1175,1175,PayPal,Paid,902.8,2023-01-06
1176,1176,PayPal,Pending,832.14,2023-12-13
1177,1177,Bank Transfer,Pending,2068.39,2025-12-25
1178,1178,Card,Paid,488.49,2025-08-06
1179,1179,Bank Transfer,Paid,606.77,2024-03-09
1180,1180,Card,Paid,3788.56,2025-02-23
1181,1181,Bank Transfer,Paid,1932.51,2023-07-19
1182,1182,PayPal,Paid,317.14,2022-10-21
1183,1183,Bank Transfer,Paid,4201.06,2022-06-12
1184,1184,Card,Paid,1947.34,2023-08-19
1185,1185,Invoice,Paid,292.35,2023-10-27
1186,1186,Bank Transfer,Paid,425.83,2025-10-28
1187,1187,Card,Paid,1568.2,2024-09-19
1188,1188,Invoice,Pending,1198.02,2024-08-19
1189,1189,Card,Paid,1331.89,2022-08-20
1190,1190,Card,Paid,1188.61,2023-05-07
1191,1191,Card,Paid,2810.43,2022-07-20
1192,1192,PayPal,Paid,1298.96,2023-05-04
1193,1193,PayPal,Paid,903.33,2024-05-06
1194,1194,Bank Transfer,Paid,1282.4,2025-09-06
1195,1195,Card,Paid,321.03,2023-06-10
1196,1196,Bank Transfer,Pending,177.64,2025-03-11
1197,1197,Bank Transfer,Paid,1794.16,2025-12-11
1198,1198,Card,Paid,1735.77,2024-01-12
1199,1199,PayPal,Pending,269.76,2024-07-22
1200,1200,Card,Paid,1756.19,2023-04-09
1201,1201,Card,Paid,651.45,2025-12-26
1202,1202,Invoice,Pending,1106.99,2023-03-18
1203,1203,Invoice,Paid,545.39,2023-09-19
1204,1204,Card,Pending,3362.48,2022-04-13
1205,1205,Invoice,Paid,2346.03,2023-07-20
1206,1206,PayPal,Pending,1421.72,2025-01-24
1207,1207,PayPal,Paid,1332.17,2024-06-21
1208,1208,Bank Transfer,Paid,2147.89,2023-12-26
1209,1209,Invoice,Paid,1804.11,2022-10-29
1210,1210,PayPal,Paid,495.74,2025-10-28
1211,1211,PayPal,Paid,875.8,2023-12-23
1212,1212,Invoice,Paid,468.35,2023-09-14
1213,1213,Card,Pending,1766.89,2022-08-08
1214,1214,PayPal,Pending,51.64,2025-08-05
1215,1215,Card,Paid,799.6,2025-07-16
1216,1216,Bank Transfer,Refunded,1100.75,2023-11-03
1217,1217,Card,Refunded,265.08,2024-07-23
1218,1218,Card,Paid,1924.12,2024-08-10
1219,1219,PayPal,Paid,80.82,2022-05-27
1220,1220,Invoice,Pending,3322.79,2022-08-28
1221,1221,Invoice,Refunded,224.25,2022-08-14
1222,1222,Bank Transfer,Paid,2231.43,2024-11-04
1223,1223,Card,Paid,1004.16,2023-12-09
1224,1224,PayPal,Paid,1254.12,2022-01-05
1225,1225,Invoice,Pending,2117.18,2022-12-24
1226,1226,PayPal,Paid,559.29,2022-08-30
1227,1227,PayPal,Paid,847.11,2023-10-19
1228,1228,Bank Transfer,Paid,280.64,2024-02-27
1229,1229,Card,Pending,3484.68,2023-12-16
1230,1230,Card,Paid,1406.6,2023-02-18
1231,1231,Card,Paid,3523.64,2022-08-20
1232,1232,PayPal,Paid,741.59,2024-02-08
1233,1233,Bank Transfer,Paid,1447.94,2025-11-24
1234,1234,Invoice,Paid,2327.05,2024-11-02
1235,1235,Invoice,Paid,2013.34,2025-01-17
1236,1236,Invoice,Paid,603.56,2025-03-06
1237,1237,Card,Refunded,1245.1,2024-01-05
1238,1238,PayPal,Paid,471.8,2024-04-22
1239,1239,Bank Transfer,Refunded,2574.53,2025-10-26
1240,1240,Bank Transfer,Paid,1215.37,2022-09-13
1241,1241,Card,Paid,1439.49,2023-12-26
1242,1242,Card,Paid,138.56,2023-05-27
1243,1243,Bank Transfer,Paid,2209.87,2025-06-24
1244,1244,Invoice,Paid,495.44,2024-01-22
1245,1245,Bank Transfer,Paid,3069.17,2024-01-02
1246,1246,PayPal,Paid,826.35,2024-12-01
1247,1247,PayPal,Pending,444.12,2022-09-21
1248,1248,PayPal,Paid,1135.71,2024-04-22
1249,1249,Card,Paid,1054.13,2025-03-12
1250,1250,Invoice,Paid,88.99,2023-02-02
1251,1251,PayPal,Paid,731.17,2024-06-22
1252,1252,Invoice,Paid,433.59,2024-08-22
1253,1253,PayPal,Paid,326.37,2023-06-30
1254,1254,PayPal,Paid,715.41,2022-02-22
1255,1255,Bank Transfer,Paid,63.51,2024-09-24
1256,1256,Card,Pending,200.74,2024-09-21
1257,1257,Invoice,Paid,578.24,2023-07-01
1258,1258,PayPal,Paid,3422.12,2022-06-27
1259,1259,PayPal,Paid,404.15,2024-03-14
1260,1260,Bank Transfer,Paid,124.35,2022-10-14
1261,1261,Invoice,Paid,3129.25,2024-06-14
1262,1262,Card,Paid,2911.96,2025-07-16
1263,1263,Bank Transfer,Paid,968.93,2023-05-31
1264,1264,Invoice,Paid,3157.36,2022-08-01
1265,1265,Invoice,Paid,1197.21,2022-12-18
1266,1266,Invoice,Pending,1728.64,2022-09-09
1267,1267,Card,Pending,498.29,2023-07-21
1268,1268,Invoice,Paid,818.05,2023-08-11
1269,1269,Invoice,Pending,498.52,2023-11-03
1270,1270,Invoice,Paid,2525.06,2022-02-09
1271,1271,Invoice,Paid,199.25,2024-05-27
1272,1272,PayPal,Pending,507.61,2024-07-30
1273,1273,PayPal,Paid,1195.96,2024-03-27
1274,1274,Invoice,Pending,1432.35,2025-05-07
1275,1275,PayPal,Paid,2812.36,2025-10-05
1276,1276,Invoice,Paid,429.86,2023-04-28
1277,1277,Card,Paid,1170.96,2023-03-10
1278,1278,Bank Transfer,Paid,4558.65,2023-12-28
1279,1279,Card,Paid,1456.17,2023-07-02
1280,1280,Invoice,Paid,3793.12,2024-07-23
1281,1281,PayPal,Paid,1001.51,2023-10-16
1282,1282,Invoice,Pending,674.02,2023-03-11
1283,1283,Invoice,Paid,1924.69,2023-05-04
1284,1284,Invoice,Paid,218.34,2022-05-11
1285,1285,Bank Transfer,Paid,75.96,2022-04-26
1286,1286,Card,Paid,4338.68,2023-12-26
1287,1287,PayPal,Paid,1105.85,2022-04-18
1288,1288,Invoice,Paid,2878.23,2023-05-25
1289,1289,PayPal,Refunded,337.53,2025-07-19
1290,1290,Invoice,Paid,1013.96,2025-01-05
1291,1291,Bank Transfer,Paid,699.1,2022-03-25
1292,1292,Bank Transfer,Paid,6576.22,2024-07-18
1293,1293,Bank Transfer,Pending,417.65,2024-10-13
1294,1294,PayPal,Paid,258.05,2025-08-16
1295,1295,Card,Pending,306.33,2024-06-01
1296,1296,Bank Transfer,Paid,310.91,2024-02-18
1297,1297,PayPal,Paid,443.23,2023-09-22
1298,1298,PayPal,Paid,2587.53,2022-09-12
1299,1299,Card,Pending,276.21,2025-10-10
1300,1300,Bank Transfer,Paid,609.72,2023-07-02
1301,1301,Bank Transfer,Pending,304.8,2024-08-14
1302,1302,PayPal,Pending,1417.64,2022-12-14
1303,1303,Card,Paid,86.54,2022-04-19
1304,1304,Bank Transfer,Paid,2185.01,2023-11-11
1305,1305,Card,Paid,1724.73,2025-06-12
1306,1306,PayPal,Paid,306.97,2024-01-22
1307,1307,PayPal,Paid,2169.54,2023-02-22
1308,1308,PayPal,Paid,379.19,2023-12-29
1309,1309,Invoice,Paid,82.04,2024-10-06
1310,1310,Bank Transfer,Pending,1316.4,2024-12-14
1311,1311,PayPal,Refunded,1840.44,2022-05-12
1312,1312,PayPal,Paid,581.07,2022-11-29
1313,1313,Invoice,Paid,1191.94,2022-07-22
1314,1314,PayPal,Paid,1167.43,2025-05-25
1315,1315,Card,Paid,795.41,2024-06-29
1316,1316,PayPal,Paid,436.36,2024-05-29
1317,1317,Card,Paid,53.42,2025-08-16
1318,1318,Card,Paid,2041.49,2024-01-12
1319,1319,Invoice,Paid,584.57,2025-11-02
1320,1320,Card,Paid,985.8,2023-09-06
1321,1321,Invoice,Paid,1018.7,2024-11-14
1322,1322,Invoice,Paid,1106.39,2024-04-23
1323,1323,Bank Transfer,Paid,92.92,2024-03-30
1324,1324,Invoice,Refunded,335.74,2024-03-09
1325,1325,Card,Paid,458.88,2025-12-16
1326,1326,Bank Transfer,Paid,356.13,2023-02-22
1327,1327,Bank Transfer,Paid,761.08,2024-10-05
1328,1328,PayPal,Paid,778.12,2025-06-13
1329,1329,PayPal,Paid,400.48,2025-09-13
1330,1330,Bank Transfer,Paid,706.74,2023-12-11
1331,1331,Invoice,Paid,1597.94,2022-01-30
1332,1332,PayPal,Paid,1727.37,2023-09-02
1333,1333,Invoice,Paid,1257.55,2022-01-03
1334,1334,Invoice,Paid,2907.83,2022-05-27
1335,1335,Card,Pending,2108.53,2022-10-09
1336,1336,Invoice,Paid,1817.47,2025-12-02
1337,1337,Card,Paid,2110.71,2022-08-02
1338,1338,Card,Paid,933.07,2022-06-22
1339,1339,PayPal,Pending,234.55,2024-04-18
1340,1340,Bank Transfer,Pending,1665.47,2023-05-08
1341,1341,Card,Paid,1369.23,2024-12-29
1342,1342,PayPal,Paid,685.88,2025-11-04
1343,1343,Invoice,Paid,1223.94,2025-11-20
1344,1344,Card,Paid,1760.77,2024-12-25
1345,1345,PayPal,Paid,827.53,2023-09-26
1346,1346,PayPal,Paid,476.04,2023-06-14
1347,1347,Bank Transfer,Pending,433.35,2024-09-27
1348,1348,Bank Transfer,Paid,652.6,2024-08-02
1349,1349,Invoice,Paid,266.86,2022-08-13
1350,1350,Card,Refunded,587.8,2022-10-02
1351,1351,Invoice,Paid,213.38,2024-09-12
1352,1352,Invoice,Paid,266.02,2022-10-15
1353,1353,PayPal,Paid,816.57,2022-10-09
1354,1354,Bank Transfer,Paid,596.3,2023-03-21
1355,1355,Invoice,Paid,407.82,2022-02-02
1356,1356,Bank Transfer,Refunded,2340.71,2024-03-11
1357,1357,PayPal,Pending,1483.4,2025-05-09
1358,1358,Invoice,Refunded,999.78,2024-08-25
1359,1359,Bank Transfer,Paid,231.2,2022-07-27
1360,1360,PayPal,Paid,1256.62,2023-09-29
1361,1361,Card,Refunded,454.95,2024-03-03
1362,1362,Card,Pending,544.52,2025-07-20
1363,1363,Invoice,Paid,3728.45,2023-12-21
1364,1364,Invoice,Paid,1802.71,2022-02-14
1365,1365,Invoice,Paid,826.68,2024-09-01
1366,1366,Bank Transfer,Pending,3450.59,2025-05-22
1367,1367,Invoice,Paid,276.98,2024-03-27
1368,1368,PayPal,Pending,1769.2,2022-02-07
1369,1369,Invoice,Paid,513.9,2024-04-09
1370,1370,Invoice,Paid,568.86,2024-05-24
1371,1371,Invoice,Paid,4242.33,2025-11-09
1372,1372,Card,Paid,358.71,2023-10-12
1373,1373,Card,Paid,293.07,2024-01-08
1374,1374,PayPal,Paid,265.42,2023-05-09
1375,1375,Bank Transfer,Paid,1368.27,2025-07-04
1376,1376,Card,Paid,360.78,2024-10-20
1377,1377,PayPal,Paid,1567.29,2022-10-21
1378,1378,PayPal,Paid,1934.53,2024-07-14
1379,1379,PayPal,Paid,1703.7,2024-09-12
1380,1380,Bank Transfer,Paid,987.29,2023-07-02
1381,1381,PayPal,Paid,1248.04,2024-08-18
1382,1382,Card,Paid,667.47,2025-12-22
1383,1383,Invoice,Pending,261.48,2022-12-21
1384,1384,Card,Paid,721.33,2023-10-03
1385,1385,PayPal,Paid,215.47,2024-08-23
1386,1386,Card,Paid,1913.88,2022-04-11
1387,1387,Card,Paid,439.07,2023-01-10
1388,1388,Card,Paid,2122.57,2022-11-13
1389,1389,PayPal,Paid,138.12,2022-08-13
1390,1390,Invoice,Paid,257.64,2025-11-13
1391,1391,PayPal,Pending,170.66,2022-03-15
1392,1392,PayPal,Paid,3281.48,2024-11-06
1393,1393,Bank Transfer,Paid,2482.58,2023-10-17
1394,1394,PayPal,Paid,1441.61,2022-03-19
1395,1395,Invoice,Paid,2083.86,2023-10-21
1396,1396,Bank Transfer,Refunded,386.01,2024-12-18
1397,1397,PayPal,Paid,734.25,2022-03-22
1398,1398,Card,Paid,1179.56,2024-11-02
1399,1399,Card,Paid,1742.79,2022-05-16
1400,1400,Bank Transfer,Paid,1529.93,2023-12-29
1401,1401,Card,Pending,754.82,2025-07-25
1402,1402,PayPal,Pending,1325.12,2024-11-12
1403,1403,Invoice,Paid,6222.61,2025-10-12
1404,1404,Invoice,Paid,700.07,2025-03-05
1405,1405,PayPal,Paid,288.57,2022-10-05
1406,1406,Card,Paid,531.1,2023-11-15
1407,1407,PayPal,Refunded,1968.81,2025-08-22
1408,1408,Invoice,Paid,2183.63,2025-06-02
1409,1409,Card,Paid,1781.57,2025-06-23
1410,1410,Bank Transfer,Pending,85.59,2022-03-13
1411,1411,PayPal,Pending,606.85,2023-12-09
1412,1412,Bank Transfer,Paid,3036.56,2025-11-14
1413,1413,Bank Transfer,Paid,502.37,2022-06-29
1414,1414,PayPal,Paid,250.01,2023-10-10
1415,1415,PayPal,Paid,55.33,2025-12-27
1416,1416,PayPal,Paid,282.63,2025-12-27
1417,1417,Card,Paid,1226.41,2022-09-18
1418,1418,Invoice,Paid,291.14,2024-05-25
1419,1419,Card,Paid,973.09,2022-10-16
1420,1420,PayPal,Paid,971.41,2022-08-01
1421,1421,Invoice,Paid,549.41,2022-11-29
1422,1422,Bank Transfer,Paid,308.78,2022-06-09
1423,1423,Bank Transfer,Paid,714.63,2025-09-19
1424,1424,Bank Transfer,Paid,445.95,2023-10-22
1425,1425,Invoice,Paid,1068.48,2024-11-28
1426,1426,Bank Transfer,Pending,657.1,2025-05-01
1427,1427,Bank Transfer,Paid,5182.7,2025-03-02
1428,1428,Bank Transfer,Paid,1224.89,2022-04-11
1429,1429,Bank Transfer,Paid,3017.44,2023-10-31
1430,1430,Bank Transfer,Paid,1699.24,2025-03-25
1431,1431,Invoice,Paid,3322.41,2024-09-20
1432,1432,Invoice,Paid,1647.03,2022-04-26
1433,1433,Card,Refunded,682.4,2025-01-28
1434,1434,Card,Paid,802.54,2022-08-09
1435,1435,PayPal,Paid,1199.34,2025-09-21
1436,1436,Card,Paid,2209.92,2024-05-02
1437,1437,Invoice,Paid,954.99,2023-08-16
1438,1438,PayPal,Paid,2378.9,2024-04-20
1439,1439,Invoice,Paid,1305.96,2025-01-19
1440,1440,Invoice,Refunded,450.43,2022-05-06
1441,1441,Card,Pending,3850.88,2023-06-05
1442,1442,Invoice,Paid,221.65,2024-04-06
1443,1443,Card,Paid,343.96,2022-01-19
1444,1444,Invoice,Refunded,609.13,2025-03-10
1445,1445,PayPal,Paid,3058.2,2024-05-03
1446,1446,Bank Transfer,Paid,1670.32,2024-03-28
1447,1447,Bank Transfer,Pending,1752.71,2023-08-13
1448,1448,Bank Transfer,Pending,647.88,2024-09-29
1449,1449,Bank Transfer,Pending,1685.06,2025-11-29
1450,1450,Invoice,Paid,129.74,2024-06-29
1451,1451,PayPal,Paid,1095.53,2023-09-30
1452,1452,Invoice,Paid,3372.31,2023-06-10
1453,1453,PayPal,Paid,1404.48,2025-05-08
1454,1454,Bank Transfer,Paid,1245.47,2023-08-29
1455,1455,Bank Transfer,Refunded,387.39,2025-01-02
1456,1456,PayPal,Paid,1200.64,2024-09-09
1457,1457,PayPal,Pending,888.69,2023-03-02
1458,1458,Bank Transfer,Paid,1922.03,2023-06-07
1459,1459,Invoice,Paid,1357.42,2024-11-09
1460,1460,Bank Transfer,Pending,3263.24,2024-11-01
1461,1461,Invoice,Pending,1897.46,2022-07-25
1462,1462,Card,Pending,917.04,2025-04-27
1463,1463,Invoice,Paid,1272.07,2025-09-20
1464,1464,Bank Transfer,Pending,3916.24,2022-12-26
1465,1465,PayPal,Paid,737.37,2023-10-12
1466,1466,Card,Paid,1664.25,2025-12-28
1467,1467,Invoice,Paid,625.82,2022-02-06
1468,1468,Card,Refunded,1292.41,2023-06-22
1469,1469,PayPal,Paid,4109.21,2024-11-15
1470,1470,Bank Transfer,Paid,846.04,2023-02-13
1471,1471,PayPal,Paid,1479.29,2024-10-23
1472,1472,Card,Paid,1314.24,2023-04-30
1473,1473,Bank Transfer,Paid,1070.65,2022-05-19
1474,1474,Bank Transfer,Paid,412.38,2024-10-17
1475,1475,Invoice,Pending,1642.2,2022-12-19
1476,1476,PayPal,Pending,712.82,2024-11-07
1477,1477,PayPal,Paid,270.71,2023-10-22
1478,1478,PayPal,Refunded,891.67,2023-07-20
1479,1479,Bank Transfer,Paid,227.95,2025-10-31
1480,1480,PayPal,Paid,318.99,2023-10-05
1481,1481,PayPal,Paid,461.72,2024-10-10
1482,1482,Bank Transfer,Paid,287.94,2023-01-28
1483,1483,Invoice,Paid,2237.5,2023-12-08
1484,1484,PayPal,Paid,1231.14,2022-12-05
1485,1485,Bank Transfer,Paid,959.76,2025-02-01
1486,1486,Invoice,Pending,1405.01,2024-10-24
1487,1487,Card,Paid,1595.02,2023-07-28
1488,1488,Card,Paid,925.98,2024-07-20
1489,1489,Card,Paid,4514.01,2024-11-29
1490,1490,Invoice,Paid,1652.58,2025-03-15
1491,1491,Bank Transfer,Paid,138.71,2023-04-01
1492,1492,PayPal,Paid,587.67,2022-06-17
1493,1493,PayPal,Paid,285.08,2022-11-21
1494,1494,Card,Paid,2541.73,2024-08-04
1495,1495,Card,Paid,769.33,2025-08-17
1496,1496,PayPal,Paid,477.31,2024-11-27
1497,1497,Card,Paid,2292.18,2025-08-21
1498,1498,Card,Paid,522.58,2023-01-27
1499,1499,Bank Transfer,Paid,320.88,2025-02-11
1500,1500,Invoice,Paid,553.72,2025-01-13
1501,1501,Bank Transfer,Paid,349.36,2022-02-23
1502,1502,Bank Transfer,Paid,2453.43,2025-08-30
1503,1503,Bank Transfer,Paid,1158.9,2022-07-23
1504,1504,PayPal,Paid,2098.88,2025-09-17
1505,1505,Card,Paid,58.6,2025-02-28
1506,1506,PayPal,Paid,1489.64,2022-10-06
1507,1507,Bank Transfer,Paid,4195.97,2024-01-12
1508,1508,PayPal,Pending,1966.18,2022-06-14
1509,1509,Invoice,Paid,1943.57,2023-11-19
1510,1510,Card,Paid,919.85,2025-02-07
1511,1511,Card,Paid,3227.28,2023-11-26
1512,1512,PayPal,Pending,540.55,2022-04-03
1513,1513,PayPal,Paid,505.5,2024-12-02
1514,1514,Invoice,Paid,2487.05,2022-12-23
1515,1515,Invoice,Paid,2241.25,2024-11-13
1516,1516,PayPal,Refunded,1768.85,2023-03-12
1517,1517,PayPal,Paid,1572.96,2023-04-01
1518,1518,Bank Transfer,Pending,679.46,2022-09-25
1519,1519,Bank Transfer,Paid,316.08,2024-01-19
1520,1520,PayPal,Paid,249.96,2025-03-08
1521,1521,PayPal,Paid,522.24,2024-09-20
1522,1522,Card,Paid,477.94,2024-07-31
1523,1523,PayPal,Paid,2040.48,2024-02-18
1524,1524,Invoice,Refunded,1318.84,2023-09-21
1525,1525,Card,Pending,1213.7,2022-03-03
1526,1526,Bank Transfer,Paid,1497.0,2022-02-10
1527,1527,PayPal,Pending,1029.98,2023-12-22
1528,1528,Bank Transfer,Paid,998.93,2024-05-19
1529,1529,PayPal,Paid,768.4,2024-10-01
1530,1530,Card,Paid,233.14,2025-06-27
1531,1531,Bank Transfer,Pending,236.33,2025-10-17
1532,1532,Invoice,Pending,89.78,2023-10-11
1533,1533,Card,Paid,1201.01,2022-06-26
1534,1534,Invoice,Pending,915.43,2022-01-22
1535,1535,Card,Pending,1106.06,2022-09-16
1536,1536,PayPal,Paid,1031.94,2022-06-17
1537,1537,Card,Paid,1317.5,2024-06-26
1538,1538,PayPal,Pending,839.51,2025-06-14
1539,1539,PayPal,Pending,574.88,2022-09-23
1540,1540,Invoice,Paid,3037.76,2025-02-14
1541,1541,Invoice,Paid,72.73,2025-08-25
1542,1542,Bank Transfer,Paid,1117.54,2023-01-30
1543,1543,PayPal,Paid,199.73,2023-03-07
1544,1544,Invoice,Paid,3381.36,2024-11-05
1545,1545,Card,Paid,911.3,2025-01-14
1546,1546,PayPal,Paid,3038.8,2024-08-09
1547,1547,PayPal,Paid,1887.31,2023-10-29
1548,1548,Invoice,Paid,2000.88,2022-11-03
1549,1549,Card,Paid,1520.72,2022-10-21
1550,1550,PayPal,Paid,531.42,2022-06-08
1551,1551,Card,Paid,364.9,2022-03-03
1552,1552,Bank Transfer,Paid,1426.61,2025-07-07
1553,1553,Card,Paid,400.49,2025-09-19
1554,1554,Card,Paid,1152.94,2022-10-27
1555,1555,Invoice,Paid,1684.86,2024-06-04
1556,1556,Invoice,Paid,2147.78,2025-06-19
1557,1557,Card,Paid,1468.6,2022-05-30
1558,1558,PayPal,Pending,944.07,2022-12-27
1559,1559,Card,Pending,1169.33,2022-07-09
1560,1560,PayPal,Paid,605.6,2023-04-25
1561,1561,Card,Paid,940.76,2025-06-30
1562,1562,PayPal,Pending,1005.94,2024-04-27
1563,1563,Bank Transfer,Paid,2351.61,2023-04-29
1564,1564,Card,Paid,140.48,2023-09-07
1565,1565,Invoice,Paid,1025.79,2022-01-22
1566,1566,Card,Paid,3204.25,2022-02-10
1567,1567,Card,Paid,2186.99,2024-05-07
1568,1568,Card,Paid,2508.89,2023-02-11
1569,1569,PayPal,Paid,1885.96,2023-09-16
1570,1570,Bank Transfer,Paid,133.98,2024-10-22
1571,1571,Bank Transfer,Pending,426.13,2023-05-03
1572,1572,PayPal,Paid,28.76,2025-10-12
1573,1573,PayPal,Paid,3346.07,2022-07-23
1574,1574,PayPal,Paid,1927.47,2025-03-02
1575,1575,PayPal,Paid,419.96,2022-06-21
1576,1576,PayPal,Paid,2389.71,2022-11-24
1577,1577,Bank Transfer,Pending,500.35,2024-08-10
1578,1578,Invoice,Paid,1992.61,2022-10-20
1579,1579,Card,Pending,764.69,2023-11-15
1580,1580,Invoice,Paid,1841.95,2022-06-14
1581,1581,Card,Paid,1430.92,2022-11-14
1582,1582,Card,Paid,479.85,2023-06-03
1583,1583,Invoice,Pending,756.32,2024-04-12
1584,1584,PayPal,Paid,1044.5,2023-08-19
1585,1585,Bank Transfer,Refunded,1125.38,2022-08-06
1586,1586,PayPal,Paid,1007.15,2024-09-26
1587,1587,Invoice,Paid,3625.72,2024-03-14
1588,1588,Card,Paid,304.03,2024-03-08
1589,1589,Invoice,Pending,440.44,2025-08-09
1590,1590,PayPal,Paid,549.41,2024-07-23
1591,1591,Invoice,Pending,1672.24,2024-08-28
1592,1592,Bank Transfer,Paid,827.36,2025-03-20
1593,1593,Invoice,Paid,1046.09,2025-04-13
1594,1594,Card,Refunded,841.65,2022-09-20
1595,1595,Invoice,Paid,80.45,2022-05-16
1596,1596,PayPal,Paid,1392.12,2022-12-23
1597,1597,PayPal,Paid,214.94,2024-03-05
1598,1598,Bank Transfer,Paid,375.32,2023-06-27
1599,1599,PayPal,Paid,851.19,2024-07-24
1600,1600,Card,Paid,117.04,2022-08-15
1601,1601,Card,Paid,5552.05,2024-08-22
1602,1602,Invoice,Paid,1121.6,2023-11-14
1603,1603,Invoice,Pending,3720.33,2025-12-28
1604,1604,Invoice,Paid,2009.72,2022-05-03
1605,1605,PayPal,Refunded,781.06,2022-02-22
1606,1606,PayPal,Paid,1748.43,2024-07-13
1607,1607,Bank Transfer,Pending,2531.7,2023-10-02
1608,1608,Invoice,Paid,1009.93,2022-07-10
1609,1609,Bank Transfer,Paid,2110.98,2025-12-05
1610,1610,Card,Paid,444.13,2025-03-31
1611,1611,Bank Transfer,Paid,271.22,2024-10-13
1612,1612,Invoice,Paid,1906.17,2023-05-11
1613,1613,Bank Transfer,Refunded,203.96,2022-09-13
1614,1614,Bank Transfer,Paid,269.72,2023-03-09
1615,1615,Card,Paid,1191.39,2024-07-12
1616,1616,PayPal,Refunded,2139.3,2025-06-26
1617,1617,Card,Pending,680.51,2025-03-04
1618,1618,Invoice,Refunded,887.53,2025-04-02
1619,1619,Invoice,Paid,673.19,2025-07-18
1620,1620,Card,Refunded,260.09,2023-10-30
1621,1621,Bank Transfer,Paid,1507.66,2024-12-29
1622,1622,Invoice,Paid,81.28,2023-09-28
1623,1623,Bank Transfer,Pending,60.3,2023-12-09
1624,1624,Bank Transfer,Paid,79.64,2022-07-13
1625,1625,PayPal,Pending,300.96,2025-12-15
1626,1626,Bank Transfer,Paid,1412.82,2025-07-19
1627,1627,PayPal,Pending,206.16,2024-01-03
1628,1628,Bank Transfer,Paid,531.07,2022-07-14
1629,1629,Card,Paid,246.67,2024-05-15
1630,1630,PayPal,Refunded,564.2,2023-03-23
1631,1631,Invoice,Paid,1527.67,2022-12-27
1632,1632,PayPal,Paid,903.84,2024-10-31
1633,1633,PayPal,Paid,1136.95,2024-12-02
1634,1634,Invoice,Paid,81.37,2024-09-17
1635,1635,Card,Paid,2469.0,2025-10-11
1636,1636,Invoice,Paid,515.34,2025-03-31
1637,1637,Bank Transfer,Paid,1712.02,2022-11-26
1638,1638,Card,Pending,1484.11,2022-05-22
1639,1639,Invoice,Pending,494.12,2024-03-28
1640,1640,PayPal,Pending,262.17,2022-11-19
1641,1641,Bank Transfer,Paid,720.62,2023-02-19
1642,1642,PayPal,Paid,1905.61,2024-12-06
1643,1643,Invoice,Pending,631.55,2025-06-22
1644,1644,Card,Pending,1350.81,2023-04-10
1645,1645,Card,Paid,3976.98,2025-04-19
1646,1646,Bank Transfer,Refunded,350.1,2024-05-14
1647,1647,Card,Paid,1061.39,2024-01-01
1648,1648,PayPal,Paid,1794.19,2025-08-31
1649,1649,Card,Paid,2041.31,2022-02-26
1650,1650,Invoice,Paid,188.03,2022-12-09
1651,1651,Invoice,Paid,1564.35,2025-03-20
1652,1652,PayPal,Pending,51.56,2023-09-29
1653,1653,Card,Paid,340.98,2022-01-21
1654,1654,PayPal,Pending,708.91,2022-11-04
1655,1655,Invoice,Paid,806.86,2022-06-18
1656,1656,PayPal,Paid,556.94,2022-08-09
1657,1657,Bank Transfer,Refunded,225.52,2025-04-13
1658,1658,Card,Pending,1177.05,2025-07-13
1659,1659,Invoice,Paid,267.23,2025-12-21
1660,1660,Invoice,Paid,633.41,2024-12-13
1661,1661,Card,Paid,192.15,2024-09-10
1662,1662,PayPal,Refunded,1163.64,2025-07-29
1663,1663,Invoice,Paid,409.11,2022-05-30
1664,1664,Card,Paid,99.84,2024-08-05
1665,1665,Card,Refunded,1599.23,2025-07-08
1666,1666,Card,Paid,3395.82,2024-12-07
1667,1667,Card,Paid,1856.04,2023-07-18
1668,1668,PayPal,Pending,174.39,2022-08-23
1669,1669,Card,Paid,3983.24,2025-11-09
1670,1670,Card,Paid,630.78,2023-02-07
1671,1671,Invoice,Paid,715.11,2025-07-03
1672,1672,Card,Paid,639.05,2025-11-21
1673,1673,Bank Transfer,Paid,420.83,2024-09-29
1674,1674,Invoice,Paid,360.93,2025-09-25
1675,1675,PayPal,Paid,47.19,2024-04-26
1676,1676,Card,Paid,365.57,2024-12-19
1677,1677,Invoice,Paid,786.72,2023-11-19
1678,1678,Bank Transfer,Pending,156.29,2024-07-28
1679,1679,Bank Transfer,Pending,4169.04,2022-11-15
1680,1680,Bank Transfer,Paid,372.74,2022-01-08
1681,1681,Bank Transfer,Paid,267.12,2025-08-26
1682,1682,Card,Paid,748.99,2023-12-21
1683,1683,PayPal,Paid,5395.87,2023-09-02
1684,1684,Card,Paid,386.73,2023-07-08
1685,1685,PayPal,Paid,782.38,2025-09-01
1686,1686,PayPal,Paid,1784.59,2025-07-29
1687,1687,Card,Paid,598.59,2023-06-23
1688,1688,PayPal,Pending,970.56,2023-11-12
1689,1689,PayPal,Paid,1473.57,2022-04-22
1690,1690,Invoice,Paid,2180.42,2023-04-06
1691,1691,Card,Paid,1335.58,2022-09-12
1692,1692,Bank Transfer,Paid,2578.39,2024-11-23
1693,1693,Bank Transfer,Paid,1174.61,2023-07-06
1694,1694,Invoice,Paid,1193.5,2024-12-03
1695,1695,PayPal,Paid,868.81,2024-01-16
1696,1696,Card,Paid,882.07,2022-07-03
1697,1697,Invoice,Pending,2033.46,2022-06-01
1698,1698,Bank Transfer,Paid,4444.89,2024-09-22
1699,1699,Card,Paid,477.74,2025-07-20
1700,1700,PayPal,Pending,1049.89,2024-11-18
1701,1701,PayPal,Paid,260.04,2023-08-27
1702,1702,Card,Paid,454.48,2024-12-23
1703,1703,Card,Paid,913.46,2022-12-21
1704,1704,Invoice,Paid,1629.67,2024-08-20
1705,1705,Bank Transfer,Refunded,1922.34,2023-12-25
1706,1706,PayPal,Paid,234.07,2025-03-01
1707,1707,Bank Transfer,Paid,1393.67,2025-11-26
1708,1708,Bank Transfer,Paid,424.11,2022-05-18
1709,1709,Bank Transfer,Pending,404.12,2025-06-07
1710,1710,Invoice,Paid,834.04,2022-08-05
1711,1711,Invoice,Paid,1209.39,2025-03-16
1712,1712,Invoice,Pending,1147.9,2024-08-03
1713,1713,PayPal,Paid,989.4,2023-01-23
1714,1714,Card,Paid,1300.18,2025-03-03
1715,1715,Invoice,Paid,1620.06,2022-04-16
1716,1716,Card,Paid,1442.23,2024-09-26
1717,1717,Bank Transfer,Paid,139.02,2022-10-29
1718,1718,Invoice,Paid,1591.55,2025-08-08
1719,1719,Bank Transfer,Paid,5117.22,2025-01-05
1720,1720,Card,Paid,2614.38,2024-04-14
1721,1721,Bank Transfer,Paid,501.96,2024-08-18
1722,1722,Card,Refunded,1098.25,2025-12-08
1723,1723,Bank Transfer,Paid,389.29,2022-04-08
1724,1724,Bank Transfer,Pending,1762.72,2022-02-20
1725,1725,Invoice,Paid,994.7,2025-09-30
1726,1726,Bank Transfer,Paid,805.33,2022-07-04
1727,1727,PayPal,Pending,185.1,2024-11-11
1728,1728,Card,Paid,5514.99,2022-09-30
1729,1729,Bank Transfer,Paid,1132.71,2024-02-02
1730,1730,Invoice,Paid,128.33,2023-07-03
1731,1731,Card,Paid,399.16,2022-09-23
1732,1732,Bank Transfer,Paid,1649.86,2023-11-24
1733,1733,Bank Transfer,Pending,1202.77,2025-09-22
1734,1734,Card,Paid,524.63,2024-02-26
1735,1735,Card,Paid,2265.25,2025-06-27
1736,1736,PayPal,Pending,1134.75,2024-09-23
1737,1737,Bank Transfer,Paid,56.2,2025-11-13
1738,1738,Invoice,Pending,2072.39,2025-06-19
1739,1739,Bank Transfer,Paid,904.32,2023-09-17
1740,1740,Bank Transfer,Refunded,275.37,2023-10-02
1741,1741,Bank Transfer,Paid,2765.49,2025-12-01
1742,1742,PayPal,Paid,1437.43,2025-08-05
1743,1743,PayPal,Paid,82.36,2023-09-28
1744,1744,PayPal,Pending,2921.77,2022-10-01
1745,1745,Card,Paid,592.42,2023-12-02
1746,1746,Bank Transfer,Pending,2972.19,2023-01-15
1747,1747,Invoice,Paid,2721.65,2022-11-17
1748,1748,Bank Transfer,Paid,455.76,2022-08-15
1749,1749,Invoice,Paid,657.03,2023-01-22
1750,1750,Invoice,Pending,26.93,2022-04-21
1751,1751,Bank Transfer,Paid,784.56,2025-01-23
1752,1752,Bank Transfer,Pending,1102.97,2025-02-14
1753,1753,Bank Transfer,Paid,352.68,2025-11-18
1754,1754,Bank Transfer,Paid,749.45,2024-06-18
1755,1755,Bank Transfer,Paid,1527.94,2024-06-07
1756,1756,Card,Pending,1158.47,2022-03-25
1757,1757,Invoice,Paid,71.74,2025-03-05
1758,1758,Invoice,Pending,1287.88,2023-10-26
1759,1759,PayPal,Paid,1802.09,2025-03-03
1760,1760,Bank Transfer,Paid,1531.91,2025-02-13
1761,1761,Invoice,Paid,1953.23,2023-12-26
1762,1762,Invoice,Paid,294.26,2025-11-03
1763,1763,PayPal,Paid,447.25,2022-05-28
1764,1764,Invoice,Paid,296.41,2025-04-03
1765,1765,Invoice,Refunded,770.23,2022-08-02
1766,1766,Card,Pending,460.22,2023-05-31
1767,1767,Invoice,Pending,3150.93,2023-03-05
1768,1768,Bank Transfer,Refunded,4945.01,2024-12-15
1769,1769,Bank Transfer,Refunded,1582.81,2022-07-07
1770,1770,Invoice,Paid,1695.17,2024-10-22
1771,1771,Invoice,Paid,703.94,2023-04-08
1772,1772,Invoice,Paid,17.93,2025-04-12
1773,1773,PayPal,Pending,1442.53,2025-12-31
1774,1774,Card,Pending,768.17,2025-03-07
1775,1775,Card,Paid,2892.14,2022-07-07
1776,1776,Invoice,Paid,2470.15,2025-01-23
1777,1777,PayPal,Paid,2525.78,2024-11-15
1778,1778,PayPal,Paid,125.52,2024-05-11
1779,1779,Invoice,Paid,8251.32,2022-05-10
1780,1780,Bank Transfer,Paid,453.28,2025-02-23
1781,1781,Invoice,Paid,2133.58,2024-02-21
1782,1782,Bank Transfer,Paid,787.78,2024-04-02
1783,1783,Invoice,Paid,321.14,2023-05-10
1784,1784,Bank Transfer,Paid,2619.49,2023-08-20
1785,1785,Card,Paid,1310.33,2023-12-20
1786,1786,Card,Refunded,1990.13,2024-04-04
1787,1787,PayPal,Paid,3752.5,2024-08-17
1788,1788,Bank Transfer,Paid,281.66,2025-11-02
1789,1789,Card,Paid,680.89,2022-12-13
1790,1790,Card,Paid,985.98,2022-12-21
1791,1791,PayPal,Paid,436.36,2022-12-14
1792,1792,PayPal,Paid,228.12,2024-07-04
1793,1793,Card,Paid,389.33,2024-07-14
1794,1794,Invoice,Paid,19.12,2024-07-26
1795,1795,PayPal,Paid,2620.44,2024-11-26
1796,1796,Invoice,Pending,1242.43,2023-05-14
1797,1797,Bank Transfer,Paid,1713.97,2023-10-21
1798,1798,Bank Transfer,Paid,1224.12,2022-12-26
1799,1799,Card,Paid,231.34,2025-07-08
1800,1800,Card,Paid,1808.99,2022-12-30
1801,1801,PayPal,Pending,312.36,2025-04-28
1802,1802,Card,Paid,167.72,2022-12-15
1803,1803,Card,Pending,299.33,2025-07-29
1804,1804,Bank Transfer,Pending,265.85,2022-07-10
1805,1805,Card,Paid,1752.94,2025-09-17
1806,1806,Invoice,Paid,2116.52,2025-11-15
1807,1807,PayPal,Paid,1860.67,2023-10-08
1808,1808,Bank Transfer,Pending,1197.42,2024-11-09
1809,1809,PayPal,Paid,646.98,2025-11-05
1810,1810,PayPal,Refunded,1452.39,2023-12-01
1811,1811,Bank Transfer,Paid,654.74,2022-08-30
1812,1812,Bank Transfer,Pending,998.3,2022-03-13
1813,1813,Bank Transfer,Paid,2898.06,2022-09-27
1814,1814,Bank Transfer,Paid,7290.62,2024-06-08
1815,1815,Invoice,Pending,1473.75,2023-08-28
1816,1816,Card,Paid,2046.46,2024-07-25
1817,1817,Invoice,Pending,1033.21,2024-07-30
1818,1818,Card,Paid,2102.28,2023-08-06
1819,1819,Bank Transfer,Paid,2733.42,2022-03-16
1820,1820,Card,Refunded,80.75,2025-09-16
1821,1821,PayPal,Pending,1097.51,2023-04-04
1822,1822,Invoice,Paid,1078.98,2025-10-25
1823,1823,Invoice,Paid,1183.07,2023-06-07
1824,1824,PayPal,Paid,232.01,2022-01-20
1825,1825,Card,Paid,1200.46,2024-01-16
1826,1826,Card,Paid,2572.91,2022-01-27
1827,1827,Bank Transfer,Paid,349.75,2024-10-24
1828,1828,PayPal,Pending,1772.59,2025-06-18
1829,1829,PayPal,Pending,2611.14,2025-06-18
1830,1830,PayPal,Paid,98.97,2023-02-03
1831,1831,Invoice,Paid,1235.07,2025-09-21
1832,1832,PayPal,Pending,317.44,2023-07-23
1833,1833,PayPal,Paid,54.46,2024-03-08
1834,1834,Bank Transfer,Paid,106.61,2024-06-22
1835,1835,Invoice,Paid,1282.06,2023-07-17
1836,1836,Invoice,Paid,706.01,2023-04-24
1837,1837,Bank Transfer,Paid,838.36,2023-07-05
1838,1838,Card,Paid,1080.32,2025-07-11
1839,1839,Bank Transfer,Refunded,3112.62,2025-01-02
1840,1840,Bank Transfer,Paid,969.54,2024-11-18
1841,1841,Bank Transfer,Paid,1767.06,2025-04-03
1842,1842,PayPal,Paid,76.51,2023-06-17
1843,1843,Card,Paid,993.1,2022-03-07
1844,1844,PayPal,Pending,1454.75,2023-07-22
1845,1845,Invoice,Pending,399.41,2022-08-13
1846,1846,Invoice,Paid,2031.65,2022-07-20
1847,1847,PayPal,Pending,806.22,2022-10-19
1848,1848,Bank Transfer,Paid,569.52,2025-09-17
1849,1849,Invoice,Pending,3216.04,2023-09-06
1850,1850,Invoice,Paid,1004.83,2022-04-17
1851,1851,Card,Paid,702.62,2022-12-01
1852,1852,Card,Paid,1427.93,2023-12-24
1853,1853,Invoice,Pending,807.81,2023-12-25
1854,1854,Card,Pending,671.75,2025-01-24
1855,1855,Card,Paid,803.28,2025-08-19
1856,1856,Card,Paid,589.72,2022-04-02
1857,1857,Invoice,Paid,2856.12,2025-04-21
1858,1858,Card,Pending,777.68,2023-08-16
1859,1859,Card,Paid,644.07,2023-12-17
1860,1860,Bank Transfer,Paid,790.74,2024-10-03
1861,1861,Card,Pending,43.98,2023-02-17
1862,1862,Bank Transfer,Paid,486.16,2025-11-14
1863,1863,Invoice,Paid,1082.74,2024-01-28
1864,1864,PayPal,Paid,1181.42,2023-08-18
1865,1865,Invoice,Paid,229.7,2022-10-03
1866,1866,Bank Transfer,Paid,506.26,2024-10-01
1867,1867,Bank Transfer,Paid,899.62,2022-11-27
1868,1868,Card,Paid,827.22,2023-08-18
1869,1869,Invoice,Paid,848.18,2025-12-25
1870,1870,Card,Paid,2122.57,2022-07-12
1871,1871,Invoice,Paid,879.38,2024-04-05
1872,1872,Card,Pending,276.36,2023-12-08
1873,1873,Invoice,Paid,987.87,2024-09-10
1874,1874,Invoice,Paid,318.12,2022-07-14
1875,1875,Bank Transfer,Paid,318.15,2023-10-24
1876,1876,Card,Paid,477.9,2025-03-05
1877,1877,PayPal,Paid,94.64,2025-03-05
1878,1878,Bank Transfer,Pending,1251.93,2022-04-25
1879,1879,Invoice,Paid,622.73,2025-02-05
1880,1880,Card,Pending,1613.71,2023-12-16
1881,1881,PayPal,Paid,842.22,2024-12-02
1882,1882,Card,Paid,262.7,2023-11-22
1883,1883,Card,Refunded,1036.89,2025-10-10
1884,1884,Bank Transfer,Paid,1372.45,2024-08-24
1885,1885,PayPal,Paid,2888.74,2024-07-21
1886,1886,Bank Transfer,Pending,1096.79,2022-11-25
1887,1887,Card,Paid,886.2,2024-02-14
1888,1888,Card,Paid,437.83,2022-12-22
1889,1889,Card,Paid,706.1,2024-08-12
1890,1890,Invoice,Paid,210.8,2023-02-10
1891,1891,Bank Transfer,Refunded,3139.1,2022-06-25
1892,1892,Invoice,Paid,382.51,2023-07-17
1893,1893,Invoice,Pending,852.57,2023-05-21
1894,1894,PayPal,Paid,2042.49,2025-04-13
1895,1895,Card,Paid,229.25,2024-12-21
1896,1896,Invoice,Paid,109.82,2023-07-01
1897,1897,Invoice,Paid,1502.0,2022-06-03
1898,1898,PayPal,Refunded,546.1,2025-12-28
1899,1899,Card,Pending,1063.4,2023-11-11
1900,1900,Bank Transfer,Paid,2520.08,2024-10-20
1901,1901,Invoice,Pending,768.46,2022-08-25
1902,1902,Bank Transfer,Paid,1429.19,2023-02-10
1903,1903,PayPal,Paid,73.52,2024-12-04
1904,1904,Bank Transfer,Pending,396.54,2025-11-16
1905,1905,Invoice,Paid,1254.37,2024-09-01
1906,1906,Invoice,Paid,2915.05,2024-10-10
1907,1907,Card,Paid,483.27,2025-04-29
1908,1908,PayPal,Paid,2314.5,2023-03-21
1909,1909,Invoice,Paid,1152.76,2024-10-05
1910,1910,PayPal,Paid,1518.3,2023-12-17
1911,1911,Card,Paid,696.03,2024-03-08
1912,1912,PayPal,Paid,1033.52,2023-04-09
1913,1913,Invoice,Pending,2146.53,2025-07-24
1914,1914,PayPal,Paid,499.43,2024-05-29
1915,1915,Invoice,Pending,759.56,2023-10-18
1916,1916,Invoice,Pending,1008.21,2023-02-08
1917,1917,PayPal,Paid,539.38,2025-05-03
1918,1918,Invoice,Pending,1825.35,2023-07-02
1919,1919,Invoice,Pending,1945.97,2024-06-02
1920,1920,PayPal,Pending,2153.73,2023-09-12
1921,1921,Bank Transfer,Paid,312.62,2025-12-22
1922,1922,Card,Pending,682.04,2024-02-02
1923,1923,Invoice,Pending,2744.47,2024-03-26
1924,1924,PayPal,Paid,120.38,2024-11-30
1925,1925,PayPal,Pending,1065.39,2022-06-05
1926,1926,Card,Paid,1401.87,2022-09-12
1927,1927,Bank Transfer,Paid,277.37,2025-02-10
1928,1928,Card,Pending,2926.9,2024-05-21
1929,1929,PayPal,Paid,337.77,2022-08-12
1930,1930,Card,Refunded,477.47,2025-09-04
1931,1931,Bank Transfer,Paid,585.54,2022-04-11
1932,1932,PayPal,Paid,1244.75,2023-05-20
1933,1933,Card,Paid,1035.99,2024-05-13
1934,1934,Card,Pending,940.67,2024-01-15
1935,1935,PayPal,Paid,477.0,2025-08-29
1936,1936,Bank Transfer,Paid,1343.11,2022-03-30
1937,1937,Card,Paid,572.68,2025-02-19
1938,1938,Card,Paid,1896.27,2024-06-07
1939,1939,Card,Paid,1406.51,2023-06-12
1940,1940,Bank Transfer,Paid,710.36,2025-11-16
1941,1941,Card,Paid,790.04,2024-03-15
1942,1942,Bank Transfer,Paid,914.44,2025-06-24
1943,1943,Bank Transfer,Pending,777.89,2023-07-17
1944,1944,Bank Transfer,Paid,150.94,2025-08-22
1945,1945,Invoice,Pending,133.43,2024-10-27
1946,1946,Bank Transfer,Paid,1626.84,2024-08-12
1947,1947,PayPal,Refunded,1348.48,2022-01-18
1948,1948,Card,Paid,1576.67,2024-11-11
1949,1949,Card,Pending,1542.64,2025-01-19
1950,1950,Invoice,Paid,198.47,2024-11-28
1951,1951,Card,Pending,16.05,2025-08-09
1952,1952,Card,Pending,2521.47,2024-06-30
1953,1953,Invoice,Paid,888.88,2023-07-17
1954,1954,Invoice,Pending,385.43,2023-10-21
1955,1955,Card,Paid,700.96,2025-12-05
1956,1956,Bank Transfer,Paid,693.42,2023-07-14
1957,1957,PayPal,Pending,481.37,2023-04-16
1958,1958,Invoice,Paid,391.54,2025-10-23
1959,1959,Card,Paid,1032.17,2024-12-14
1960,1960,Invoice,Paid,315.32,2023-12-08
1961,1961,Bank Transfer,Pending,1622.89,2024-01-09
1962,1962,Invoice,Paid,1371.35,2025-06-14
1963,1963,Bank Transfer,Paid,2013.07,2022-07-19
1964,1964,PayPal,Paid,451.57,2024-04-28
1965,1965,Invoice,Pending,436.23,2022-04-24
1966,1966,Card,Paid,1014.07,2022-07-18
1967,1967,Bank Transfer,Pending,2625.45,2022-06-09
1968,1968,Invoice,Pending,617.9,2022-03-10
1969,1969,Card,Paid,1480.12,2023-06-05
1970,1970,Bank Transfer,Paid,1352.39,2022-06-18
1971,1971,Invoice,Refunded,544.77,2022-10-15
1972,1972,PayPal,Paid,39.23,2024-07-05
1973,1973,Card,Paid,1361.63,2023-07-08
1974,1974,Card,Paid,811.12,2025-05-05
1975,1975,Bank Transfer,Paid,4320.28,2023-12-21
1976,1976,Bank Transfer,Paid,150.27,2025-10-12
1977,1977,Invoice,Paid,342.15,2025-12-21
1978,1978,PayPal,Paid,291.44,2024-04-03
1979,1979,Bank Transfer,Paid,2704.76,2024-08-30
1980,1980,Card,Refunded,1386.9,2024-10-11
1981,1981,Invoice,Paid,1131.89,2024-05-22
1982,1982,Card,Paid,312.12,2025-04-08
1983,1983,Bank Transfer,Paid,1952.46,2022-05-26
1984,1984,PayPal,Paid,814.07,2024-08-14
1985,1985,Bank Transfer,Pending,1112.23,2022-12-31
1986,1986,Card,Paid,302.5,2025-11-16
1987,1987,Bank Transfer,Paid,3178.1,2025-11-21
1988,1988,Card,Pending,2282.92,2025-05-06
1989,1989,Invoice,Pending,55.5,2022-07-10
1990,1990,Invoice,Paid,2302.47,2023-02-03
1991,1991,Card,Paid,389.69,2023-11-08
1992,1992,Invoice,Paid,1366.7,2025-05-06
1993,1993,Bank Transfer,Paid,565.78,2022-07-03
1994,1994,Invoice,Paid,900.5,2023-11-25
1995,1995,Card,Paid,839.01,2023-08-06
1996,1996,PayPal,Paid,58.53,2025-08-23
1997,1997,Card,Pending,1749.15,2022-12-28
1998,1998,Invoice,Pending,1083.5,2023-12-02
1999,1999,Invoice,Paid,2150.98,2024-12-01
2000,2000,PayPal,Paid,309.64,2022-06-16
2001,2001,Card,Paid,1038.17,2023-07-17
2002,2002,Bank Transfer,Paid,3132.05,2025-11-10
2003,2003,Card,Paid,731.88,2022-11-28
2004,2004,Invoice,Paid,206.5,2024-10-28
2005,2005,Bank Transfer,Paid,1497.57,2023-01-05
2006,2006,PayPal,Paid,1014.9,2024-12-20
2007,2007,PayPal,Paid,1742.82,2024-05-24
2008,2008,Invoice,Paid,436.07,2025-06-04
2009,2009,Invoice,Pending,1163.15,2025-06-28
2010,2010,Card,Paid,504.27,2022-06-29
2011,2011,Invoice,Paid,610.74,2024-11-15
2012,2012,PayPal,Pending,1677.31,2025-03-26
2013,2013,Bank Transfer,Paid,1204.85,2022-04-10
2014,2014,Bank Transfer,Paid,501.24,2025-03-05
2015,2015,PayPal,Paid,2468.63,2023-12-28
2016,2016,Invoice,Paid,1045.99,2025-07-12
2017,2017,Card,Paid,880.08,2023-10-11
2018,2018,Bank Transfer,Paid,2937.22,2024-04-12
2019,2019,Card,Paid,62.34,2024-11-15
2020,2020,Invoice,Paid,313.52,2023-05-02
2021,2021,Invoice,Paid,764.88,2023-02-05
2022,2022,Invoice,Paid,664.02,2025-02-07
2023,2023,PayPal,Paid,855.33,2025-11-23
2024,2024,PayPal,Paid,1239.12,2022-04-24
2025,2025,Invoice,Paid,1635.12,2023-06-10
2026,2026,Card,Paid,128.09,2024-05-18
2027,2027,Invoice,Paid,909.53,2023-10-21
2028,2028,Card,Paid,684.52,2025-07-04
2029,2029,Card,Pending,521.14,2022-10-03
2030,2030,Invoice,Paid,814.41,2022-05-21
2031,2031,Invoice,Paid,749.73,2025-11-25
2032,2032,Bank Transfer,Pending,751.85,2025-04-17
2033,2033,PayPal,Paid,445.41,2022-10-04
2034,2034,Bank Transfer,Pending,1908.24,2022-07-21
2035,2035,Invoice,Paid,1958.4,2022-06-19
2036,2036,Card,Paid,15.21,2024-01-24
2037,2037,Card,Pending,745.77,2023-07-14
2038,2038,PayPal,Paid,619.95,2024-01-29
2039,2039,Bank Transfer,Paid,473.54,2024-05-28
2040,2040,Bank Transfer,Paid,105.28,2025-09-22
2041,2041,Invoice,Paid,1408.59,2023-04-11
2042,2042,Card,Paid,2219.27,2025-01-22
2043,2043,PayPal,Paid,618.97,2023-11-01
2044,2044,PayPal,Paid,2512.03,2025-10-23
2045,2045,Invoice,Paid,2687.71,2025-09-30
2046,2046,Bank Transfer,Paid,3266.38,2023-07-08
2047,2047,Card,Paid,623.89,2025-02-10
2048,2048,PayPal,Pending,955.93,2023-09-26
2049,2049,Card,Paid,1501.06,2025-06-13
2050,2050,Bank Transfer,Paid,172.99,2024-11-04
2051,2051,Card,Paid,349.31,2023-08-31
2052,2052,Bank Transfer,Paid,3312.95,2024-08-12
2053,2053,Bank Transfer,Paid,1046.51,2024-12-17
2054,2054,Invoice,Paid,301.12,2024-05-17
2055,2055,Card,Paid,570.72,2024-10-26
2056,2056,Bank Transfer,Paid,685.97,2024-05-04
2057,2057,PayPal,Paid,1312.01,2024-10-22
2058,2058,PayPal,Paid,1637.77,2024-09-22
2059,2059,PayPal,Pending,1363.44,2022-05-28
2060,2060,Invoice,Paid,727.48,2022-11-16
2061,2061,Invoice,Paid,218.62,2025-01-30
2062,2062,Invoice,Paid,811.9,2024-11-20
2063,2063,Card,Pending,672.03,2024-12-06
2064,2064,PayPal,Refunded,409.08,2022-03-11
2065,2065,Card,Paid,228.52,2025-11-27
2066,2066,PayPal,Paid,2602.66,2022-01-24
2067,2067,Bank Transfer,Paid,1040.1,2025-11-09
2068,2068,Bank Transfer,Paid,706.84,2022-10-19
2069,2069,Invoice,Paid,2350.27,2025-06-05
2070,2070,PayPal,Refunded,500.11,2024-12-05
2071,2071,PayPal,Pending,1342.21,2024-05-25
2072,2072,Invoice,Paid,468.28,2022-09-12
2073,2073,Invoice,Paid,1461.9,2025-02-12
2074,2074,Card,Paid,514.35,2022-12-28
2075,2075,Invoice,Paid,430.35,2024-11-04
2076,2076,Bank Transfer,Refunded,201.36,2025-12-07
2077,2077,Card,Paid,107.02,2024-03-30
2078,2078,Invoice,Refunded,1096.02,2025-03-10
2079,2079,Card,Paid,461.73,2022-04-26
2080,2080,Invoice,Pending,233.18,2022-07-31
2081,2081,PayPal,Paid,1419.32,2023-08-14
2082,2082,Invoice,Paid,515.45,2023-12-07
2083,2083,Bank Transfer,Paid,1172.9,2025-06-09
2084,2084,Bank Transfer,Paid,463.3,2022-04-16
2085,2085,Invoice,Paid,1121.65,2023-04-03
2086,2086,Invoice,Paid,1682.82,2022-07-12
2087,2087,Bank Transfer,Paid,700.87,2024-03-18
2088,2088,Card,Paid,833.12,2025-01-08
2089,2089,Invoice,Paid,598.2,2024-04-19
2090,2090,Card,Paid,2324.29,2022-11-20
2091,2091,Card,Paid,1872.22,2025-11-18
2092,2092,Invoice,Pending,279.0,2024-04-25
2093,2093,PayPal,Paid,4355.5,2022-09-14
2094,2094,Card,Paid,830.26,2025-12-11
2095,2095,Bank Transfer,Paid,1930.89,2022-08-12
2096,2096,Bank Transfer,Pending,2245.09,2025-04-01
2097,2097,Bank Transfer,Paid,96.18,2025-03-22
2098,2098,Card,Paid,30.27,2024-09-17
2099,2099,Card,Pending,17.92,2022-11-26
2100,2100,Card,Paid,944.66,2022-11-28
2101,2101,PayPal,Paid,402.49,2024-12-16
2102,2102,Bank Transfer,Paid,76.02,2024-03-29
2103,2103,PayPal,Paid,86.78,2025-08-24
2104,2104,Bank Transfer,Paid,3028.55,2024-09-23
2105,2105,PayPal,Paid,381.32,2025-05-08
2106,2106,Bank Transfer,Paid,657.46,2023-03-01
2107,2107,Bank Transfer,Paid,275.18,2022-03-07
2108,2108,Invoice,Paid,1982.84,2022-10-04
2109,2109,Invoice,Pending,339.46,2025-06-17
2110,2110,Card,Paid,121.65,2022-03-01
2111,2111,PayPal,Pending,175.5,2023-01-05
2112,2112,Invoice,Paid,1045.98,2025-12-22
2113,2113,Invoice,Paid,1074.05,2024-12-19
2114,2114,Invoice,Pending,499.55,2025-03-31
2115,2115,Invoice,Paid,2582.47,2022-09-09
2116,2116,Invoice,Paid,405.29,2023-07-26
2117,2117,Bank Transfer,Paid,2421.45,2023-07-13
2118,2118,PayPal,Paid,177.59,2024-09-09
2119,2119,Card,Paid,3243.64,2025-01-16
2120,2120,Invoice,Pending,2029.41,2024-07-14
2121,2121,Bank Transfer,Pending,658.2,2024-07-22
2122,2122,PayPal,Paid,249.82,2023-04-19
2123,2123,PayPal,Paid,721.54,2025-08-30
2124,2124,Bank Transfer,Paid,2483.54,2025-08-12
2125,2125,Card,Paid,3346.73,2023-04-09
2126,2126,Card,Pending,1019.45,2024-02-26
2127,2127,Card,Paid,601.09,2022-04-20
2128,2128,Invoice,Paid,1103.77,2023-05-06
2129,2129,PayPal,Paid,820.51,2022-11-26
2130,2130,Invoice,Paid,452.39,2023-10-11
2131,2131,Invoice,Paid,469.3,2024-11-09
2132,2132,PayPal,Paid,1081.42,2023-04-01
2133,2133,Card,Pending,136.94,2022-05-19
2134,2134,Card,Pending,539.5,2023-05-01
2135,2135,Bank Transfer,Pending,398.39,2023-08-24
2136,2136,PayPal,Paid,927.16,2024-11-01
2137,2137,Card,Paid,967.5,2025-12-22
2138,2138,Bank Transfer,Paid,509.64,2024-12-17
2139,2139,PayPal,Paid,185.76,2024-08-09
2140,2140,Bank Transfer,Paid,1591.14,2025-10-13
2141,2141,PayPal,Paid,152.46,2022-08-03
2142,2142,Card,Paid,903.7,2023-04-25
2143,2143,Bank Transfer,Pending,1142.79,2023-01-13
2144,2144,PayPal,Paid,3052.11,2024-01-18
2145,2145,Invoice,Paid,261.85,2023-06-24
2146,2146,Card,Paid,604.93,2024-09-11
2147,2147,PayPal,Paid,829.4,2022-02-19
2148,2148,Card,Paid,539.35,2025-05-31
2149,2149,Card,Paid,1124.19,2023-12-28
2150,2150,Bank Transfer,Paid,143.12,2022-01-03
2151,2151,Invoice,Paid,521.46,2022-01-15
2152,2152,Card,Pending,2462.51,2024-04-27
2153,2153,Bank Transfer,Paid,1607.04,2023-05-24
2154,2154,Bank Transfer,Paid,583.35,2022-01-17
2155,2155,Card,Paid,716.73,2024-11-26
2156,2156,PayPal,Pending,694.84,2023-12-03
2157,2157,Invoice,Paid,1518.62,2025-09-12
2158,2158,Card,Pending,122.0,2024-04-02
2159,2159,Card,Paid,2612.61,2022-11-18
2160,2160,PayPal,Pending,428.95,2023-06-21
2161,2161,Bank Transfer,Pending,672.35,2022-06-08
2162,2162,Invoice,Paid,593.1,2025-11-24
2163,2163,Card,Paid,1184.42,2022-12-03
2164,2164,Bank Transfer,Paid,793.15,2025-12-25
2165,2165,Card,Paid,1107.91,2023-05-30
2166,2166,Invoice,Paid,1057.78,2025-01-17
2167,2167,Card,Paid,137.82,2022-04-06
2168,2168,Invoice,Pending,849.34,2025-06-26
2169,2169,PayPal,Paid,2129.97,2023-12-08
2170,2170,Bank Transfer,Pending,479.18,2024-04-21
2171,2171,Bank Transfer,Pending,489.62,2023-09-27
2172,2172,Invoice,Paid,386.99,2022-01-04
2173,2173,Card,Paid,2008.24,2025-08-21
2174,2174,Card,Pending,1027.2,2022-06-03
2175,2175,PayPal,Paid,984.43,2023-03-04
2176,2176,PayPal,Paid,825.89,2024-11-13
2177,2177,Card,Paid,491.66,2022-10-30
2178,2178,Invoice,Paid,1994.36,2025-01-01
2179,2179,PayPal,Paid,1551.16,2024-03-31
2180,2180,PayPal,Paid,3952.46,2023-10-20
2181,2181,Bank Transfer,Paid,1615.41,2024-05-25
2182,2182,Bank Transfer,Paid,740.38,2025-08-22
2183,2183,Card,Paid,743.63,2025-08-02
2184,2184,Invoice,Pending,241.6,2025-06-12
2185,2185,Bank Transfer,Paid,1201.77,2025-01-18
2186,2186,PayPal,Paid,417.94,2024-08-23
2187,2187,PayPal,Paid,483.18,2022-09-09
2188,2188,PayPal,Paid,135.22,2024-11-22
2189,2189,Bank Transfer,Paid,259.6,2023-09-10
2190,2190,Bank Transfer,Paid,227.73,2023-04-14
2191,2191,Card,Refunded,3573.26,2025-09-28
2192,2192,PayPal,Refunded,484.6,2023-11-14
2193,2193,PayPal,Paid,1302.81,2025-08-06
2194,2194,Bank Transfer,Pending,527.48,2025-01-02
2195,2195,Bank Transfer,Paid,671.54,2024-08-30
2196,2196,Card,Refunded,1556.2,2022-02-18
2197,2197,Invoice,Paid,237.81,2025-01-25
2198,2198,Card,Paid,697.27,2023-04-03
2199,2199,Invoice,Paid,458.89,2025-06-25
2200,2200,Invoice,Paid,1132.03,2022-07-30
2201,2201,Bank Transfer,Paid,1036.51,2022-01-28
2202,2202,Bank Transfer,Paid,506.23,2023-02-05
2203,2203,PayPal,Paid,11.87,2022-10-01
2204,2204,Bank Transfer,Paid,860.21,2022-01-23
2205,2205,Card,Paid,3024.82,2025-11-13
2206,2206,PayPal,Paid,1125.9,2025-11-01
2207,2207,Card,Paid,696.06,2022-11-19
2208,2208,Card,Pending,1463.08,2022-11-30
2209,2209,Bank Transfer,Pending,641.48,2025-04-24
2210,2210,Bank Transfer,Pending,1654.15,2024-01-08
2211,2211,Bank Transfer,Refunded,627.39,2023-01-23
2212,2212,PayPal,Paid,374.48,2024-06-03
2213,2213,PayPal,Paid,1694.42,2022-05-23
2214,2214,Card,Paid,4102.4,2025-12-01
2215,2215,Invoice,Pending,325.32,2022-10-04
2216,2216,Invoice,Paid,302.35,2022-11-01
2217,2217,Invoice,Refunded,1204.25,2022-09-20
2218,2218,PayPal,Paid,1649.53,2023-06-09
2219,2219,Invoice,Paid,17.87,2024-01-26
2220,2220,PayPal,Paid,399.85,2024-03-11
2221,2221,Invoice,Paid,288.1,2022-12-28
2222,2222,Bank Transfer,Paid,320.18,2023-11-02
2223,2223,PayPal,Refunded,1761.1,2023-12-12
2224,2224,PayPal,Refunded,241.06,2022-11-15
2225,2225,Invoice,Paid,453.48,2025-07-14
2226,2226,PayPal,Pending,1574.01,2023-08-18
2227,2227,Card,Paid,1149.2,2022-11-12
2228,2228,Bank Transfer,Paid,524.32,2024-12-11
2229,2229,Invoice,Paid,2490.05,2023-10-15
2230,2230,Bank Transfer,Paid,1210.76,2025-07-21
2231,2231,Bank Transfer,Paid,299.85,2025-03-17
2232,2232,Bank Transfer,Paid,256.26,2022-02-25
2233,2233,Invoice,Paid,321.94,2025-03-26
2234,2234,PayPal,Paid,812.8,2023-02-17
2235,2235,Card,Paid,653.42,2022-11-10
2236,2236,PayPal,Paid,619.1,2025-06-01
2237,2237,Card,Paid,1135.39,2024-12-09
2238,2238,Card,Paid,965.11,2024-11-12
2239,2239,Card,Refunded,406.26,2025-02-19
2240,2240,PayPal,Paid,867.3,2023-08-15
2241,2241,PayPal,Paid,2584.45,2023-02-18
2242,2242,Invoice,Paid,835.3,2024-12-15
2243,2243,Bank Transfer,Paid,650.01,2025-02-18
2244,2244,PayPal,Paid,1656.79,2022-04-16
2245,2245,Card,Paid,158.35,2025-05-28
2246,2246,PayPal,Paid,498.16,2025-08-23
2247,2247,Bank Transfer,Paid,450.29,2025-02-12
2248,2248,PayPal,Paid,474.73,2022-06-11
2249,2249,PayPal,Refunded,1327.68,2025-05-23
2250,2250,PayPal,Paid,688.47,2023-04-24
2251,2251,Invoice,Pending,1938.37,2022-03-24
2252,2252,Card,Paid,437.77,2025-12-19
2253,2253,Card,Pending,1061.36,2022-01-26
2254,2254,Bank Transfer,Paid,2232.65,2025-08-24
2255,2255,PayPal,Pending,4055.19,2022-12-18
2256,2256,PayPal,Paid,848.41,2024-04-04
2257,2257,Card,Paid,248.35,2023-10-09
2258,2258,Card,Pending,1995.06,2023-09-24
2259,2259,Bank Transfer,Paid,1751.57,2024-12-05
2260,2260,Card,Paid,206.28,2022-12-09
2261,2261,Bank Transfer,Paid,138.62,2023-11-11
2262,2262,Bank Transfer,Paid,1048.32,2025-11-29
2263,2263,Invoice,Pending,2348.24,2023-06-18
2264,2264,Bank Transfer,Paid,1200.75,2024-11-13
2265,2265,Card,Paid,1093.32,2025-05-26
2266,2266,Invoice,Paid,827.06,2023-04-04
2267,2267,Bank Transfer,Pending,228.68,2022-12-05
2268,2268,PayPal,Paid,748.32,2025-03-17
2269,2269,Bank Transfer,Paid,1482.72,2025-09-14
2270,2270,Invoice,Paid,1807.32,2022-12-15
2271,2271,Card,Paid,655.94,2022-04-21
2272,2272,Card,Pending,846.48,2025-05-01
2273,2273,Bank Transfer,Paid,4940.58,2023-03-04
2274,2274,PayPal,Pending,1888.99,2022-08-30
2275,2275,Card,Pending,567.43,2023-07-17
2276,2276,Invoice,Pending,1554.79,2023-03-08
2277,2277,Bank Transfer,Refunded,1892.48,2024-11-24
2278,2278,Bank Transfer,Paid,2197.44,2024-07-29
2279,2279,PayPal,Pending,2227.34,2024-02-13
2280,2280,PayPal,Paid,468.05,2024-10-14
2281,2281,Card,Paid,798.24,2024-05-06
2282,2282,Bank Transfer,Pending,1853.7,2022-12-16
2283,2283,Invoice,Paid,2073.92,2025-04-21
2284,2284,PayPal,Paid,892.39,2025-02-18
2285,2285,Bank Transfer,Paid,14.79,2025-07-23
2286,2286,Bank Transfer,Paid,277.52,2025-10-03
2287,2287,Card,Paid,744.79,2025-01-17
2288,2288,PayPal,Paid,3018.82,2022-01-01
2289,2289,Invoice,Paid,101.57,2022-05-06
2290,2290,Card,Paid,505.59,2022-07-31
2291,2291,Bank Transfer,Refunded,115.54,2024-06-03
2292,2292,Card,Paid,730.56,2024-01-07
2293,2293,PayPal,Refunded,3704.5,2022-04-23
2294,2294,Card,Paid,822.12,2025-02-23
2295,2295,Invoice,Paid,1593.74,2025-05-18
2296,2296,PayPal,Pending,405.19,2024-07-27
2297,2297,Card,Paid,1603.68,2024-01-13
2298,2298,PayPal,Paid,722.26,2025-02-14
2299,2299,PayPal,Paid,757.22,2023-08-06
2300,2300,Card,Paid,241.04,2023-05-07
2301,2301,Bank Transfer,Paid,1032.64,2022-07-21
2302,2302,Bank Transfer,Paid,1355.35,2025-12-17
2303,2303,Card,Paid,2415.55,2023-09-22
2304,2304,Invoice,Paid,214.98,2025-10-06
2305,2305,Card,Paid,290.75,2023-04-28
2306,2306,Invoice,Paid,173.06,2023-06-07
2307,2307,Card,Paid,1785.81,2022-11-07
2308,2308,Invoice,Paid,1085.72,2024-06-26
2309,2309,Card,Paid,1587.32,2022-09-13
2310,2310,Invoice,Paid,701.43,2025-02-19
2311,2311,Invoice,Refunded,1090.07,2024-10-23
2312,2312,Bank Transfer,Paid,544.92,2025-10-03
2313,2313,Bank Transfer,Pending,612.71,2022-12-11
2314,2314,Card,Paid,999.61,2023-07-20
2315,2315,Invoice,Paid,1740.66,2024-04-03
2316,2316,Card,Paid,1728.28,2022-01-11
2317,2317,Bank Transfer,Paid,1327.38,2025-11-18
2318,2318,Invoice,Paid,744.26,2024-03-05
2319,2319,Invoice,Paid,558.52,2023-06-21
2320,2320,Invoice,Paid,928.78,2024-05-05
2321,2321,Invoice,Paid,814.61,2023-10-15
2322,2322,PayPal,Paid,2229.8,2024-12-21
2323,2323,PayPal,Paid,1184.03,2024-06-27
2324,2324,Bank Transfer,Paid,453.29,2022-02-06
2325,2325,Invoice,Paid,574.16,2023-01-04
2326,2326,Invoice,Paid,579.48,2022-12-04
2327,2327,Card,Paid,2777.03,2024-06-12
2328,2328,PayPal,Pending,3618.34,2024-02-19
2329,2329,Card,Paid,635.3,2025-11-06
2330,2330,Invoice,Paid,1358.33,2023-08-06
2331,2331,Invoice,Paid,2440.76,2023-04-17
2332,2332,Card,Paid,1489.17,2023-01-31
2333,2333,PayPal,Pending,1749.47,2025-11-20
2334,2334,Card,Paid,1091.91,2023-01-15
2335,2335,PayPal,Pending,248.05,2025-05-09
2336,2336,Bank Transfer,Paid,1170.0,2025-08-12
2337,2337,Bank Transfer,Paid,1068.43,2025-09-03
2338,2338,Card,Paid,96.44,2022-06-26
2339,2339,Bank Transfer,Paid,1354.3,2024-12-15
2340,2340,Bank Transfer,Pending,1224.27,2023-12-13
2341,2341,Invoice,Paid,720.84,2025-04-14
2342,2342,Bank Transfer,Paid,2946.24,2024-10-22
2343,2343,PayPal,Paid,1240.28,2024-12-19
2344,2344,Invoice,Paid,3044.63,2025-08-31
2345,2345,Card,Pending,3448.29,2025-08-31
2346,2346,Invoice,Paid,199.14,2025-10-10
2347,2347,Card,Paid,2811.75,2022-08-21
2348,2348,PayPal,Pending,3471.59,2022-09-24
2349,2349,Invoice,Pending,889.48,2023-11-09
2350,2350,PayPal,Pending,952.77,2024-02-03
2351,2351,Invoice,Paid,698.4,2022-12-15
2352,2352,PayPal,Refunded,110.93,2024-04-06
2353,2353,Bank Transfer,Paid,2895.55,2022-06-30
2354,2354,Bank Transfer,Paid,173.85,2023-10-29
2355,2355,PayPal,Paid,370.65,2022-06-12
2356,2356,Card,Paid,89.94,2024-07-23
2357,2357,Invoice,Pending,2620.45,2025-05-11
2358,2358,Invoice,Paid,902.29,2022-11-21
2359,2359,Card,Paid,622.67,2022-01-14
2360,2360,Bank Transfer,Pending,237.2,2023-11-30
2361,2361,Card,Paid,101.4,2025-06-13
2362,2362,Invoice,Paid,1613.25,2023-01-27
2363,2363,Bank Transfer,Paid,2199.83,2024-01-07
2364,2364,Invoice,Paid,1315.94,2024-04-10
2365,2365,Bank Transfer,Paid,1133.06,2025-03-14
2366,2366,Card,Paid,2406.46,2025-03-01
2367,2367,Bank Transfer,Pending,624.26,2022-03-05
2368,2368,Bank Transfer,Paid,765.9,2022-12-31
2369,2369,Invoice,Paid,619.92,2023-11-05
2370,2370,PayPal,Paid,1452.48,2025-04-12
2371,2371,PayPal,Pending,1241.75,2025-05-02
2372,2372,Card,Paid,3192.47,2025-06-20
2373,2373,Invoice,Pending,863.13,2022-05-08
2374,2374,Card,Paid,1191.61,2024-12-12
2375,2375,Bank Transfer,Pending,3231.86,2022-07-14
2376,2376,Bank Transfer,Paid,1968.17,2025-11-06
2377,2377,Bank Transfer,Paid,398.29,2024-03-31
2378,2378,PayPal,Paid,1963.18,2025-12-10
2379,2379,Card,Paid,1073.15,2025-07-23
2380,2380,Card,Paid,1528.09,2025-08-05
2381,2381,Card,Pending,790.11,2023-08-29
2382,2382,Bank Transfer,Paid,297.57,2024-11-16
2383,2383,PayPal,Paid,1855.88,2022-01-03
2384,2384,PayPal,Paid,1727.15,2022-10-17
2385,2385,Invoice,Pending,889.36,2025-04-05
2386,2386,Card,Pending,234.05,2022-12-05
2387,2387,PayPal,Paid,227.07,2023-01-17
2388,2388,Card,Pending,2397.65,2024-11-27
2389,2389,Invoice,Pending,900.62,2025-10-02
2390,2390,Bank Transfer,Paid,419.33,2024-11-27
2391,2391,Invoice,Pending,1203.43,2022-12-17
2392,2392,Card,Refunded,807.28,2025-12-28
2393,2393,PayPal,Pending,1823.1,2022-04-11
2394,2394,Bank Transfer,Pending,495.23,2023-12-29
2395,2395,Invoice,Paid,457.46,2025-09-17
2396,2396,PayPal,Pending,1045.19,2025-05-11
2397,2397,Card,Paid,1814.11,2022-11-25
2398,2398,Card,Pending,332.05,2025-03-24
2399,2399,PayPal,Pending,418.22,2023-01-19
2400,2400,PayPal,Paid,1957.38,2025-04-28
2401,2401,Bank Transfer,Paid,780.0,2022-03-29
2402,2402,Bank Transfer,Paid,530.2,2024-11-14
2403,2403,Invoice,Paid,883.83,2022-05-11
2404,2404,Invoice,Paid,2587.02,2024-09-19
2405,2405,Card,Paid,880.33,2025-08-02
2406,2406,Bank Transfer,Paid,933.66,2025-10-06
2407,2407,PayPal,Paid,1521.67,2023-06-09
2408,2408,Bank Transfer,Paid,1002.43,2023-07-16
2409,2409,PayPal,Paid,167.85,2022-01-08
2410,2410,PayPal,Paid,40.12,2025-02-16
2411,2411,Bank Transfer,Paid,509.5,2022-10-19
2412,2412,Card,Paid,737.71,2023-07-27
2413,2413,Bank Transfer,Paid,56.96,2024-11-06
2414,2414,Card,Paid,5062.57,2025-11-23
2415,2415,Card,Paid,2934.2,2025-07-25
2416,2416,PayPal,Refunded,803.32,2025-11-10
2417,2417,Card,Pending,757.45,2025-03-03
2418,2418,Card,Pending,1819.97,2025-02-20
2419,2419,Bank Transfer,Refunded,291.96,2025-04-18
2420,2420,Invoice,Pending,495.17,2022-08-25
2421,2421,Invoice,Paid,1052.52,2022-04-26
2422,2422,Bank Transfer,Paid,2704.6,2025-03-24
2423,2423,Invoice,Refunded,279.63,2022-03-07
2424,2424,Card,Paid,1619.87,2022-02-24
2425,2425,Bank Transfer,Paid,1288.34,2024-08-29
2426,2426,Bank Transfer,Refunded,189.76,2023-12-16
2427,2427,Bank Transfer,Paid,102.81,2022-10-13
2428,2428,Invoice,Paid,677.65,2024-09-01
2429,2429,Bank Transfer,Pending,709.08,2023-06-13
2430,2430,Invoice,Refunded,712.49,2025-11-17
2431,2431,Invoice,Paid,1169.55,2023-05-31
2432,2432,PayPal,Paid,2472.37,2025-06-03
2433,2433,Card,Paid,931.44,2024-10-23
2434,2434,Card,Paid,1042.77,2025-09-01
2435,2435,Card,Paid,352.66,2025-01-06
2436,2436,Card,Refunded,1103.93,2024-04-14
2437,2437,Bank Transfer,Paid,847.19,2022-07-04
2438,2438,Invoice,Paid,1009.8,2022-04-23
2439,2439,Invoice,Paid,1020.55,2024-05-03
2440,2440,PayPal,Pending,1133.34,2025-10-21
2441,2441,Invoice,Paid,4665.35,2022-08-12
2442,2442,Bank Transfer,Pending,1270.92,2025-09-07
2443,2443,PayPal,Pending,362.44,2022-12-28
2444,2444,Invoice,Pending,307.01,2023-12-09
2445,2445,Invoice,Paid,1101.81,2025-08-09
2446,2446,Card,Paid,556.57,2024-04-17
2447,2447,Bank Transfer,Paid,543.86,2024-02-07
2448,2448,PayPal,Pending,1575.29,2022-05-08
2449,2449,PayPal,Paid,206.47,2025-05-17
2450,2450,Bank Transfer,Paid,460.15,2023-02-04
2451,2451,Bank Transfer,Paid,922.62,2022-01-17
2452,2452,Card,Refunded,53.69,2022-09-19
2453,2453,Card,Paid,712.93,2025-09-19
2454,2454,Invoice,Paid,893.07,2022-06-26
2455,2455,Invoice,Paid,1846.08,2022-06-05
2456,2456,Card,Paid,579.13,2025-07-13
2457,2457,Card,Paid,235.31,2022-07-30
2458,2458,Bank Transfer,Paid,641.23,2025-04-28
2459,2459,Bank Transfer,Paid,536.54,2024-08-05
2460,2460,Card,Pending,164.8,2022-04-27
2461,2461,PayPal,Paid,1907.41,2024-09-12
2462,2462,Bank Transfer,Paid,1131.12,2025-12-12
2463,2463,Invoice,Pending,1108.53,2024-07-02
2464,2464,Invoice,Paid,305.67,2025-10-05
2465,2465,Card,Refunded,273.63,2024-11-05
2466,2466,Card,Paid,1159.37,2022-09-20
2467,2467,PayPal,Paid,728.05,2025-12-10
2468,2468,Card,Paid,1417.87,2024-09-29
2469,2469,PayPal,Pending,679.54,2023-04-23
2470,2470,PayPal,Paid,3203.93,2022-12-17
2471,2471,Invoice,Pending,503.45,2025-06-09
2472,2472,Card,Pending,424.4,2024-12-01
2473,2473,Bank Transfer,Paid,197.08,2024-04-09
2474,2474,PayPal,Paid,264.7,2023-06-19
2475,2475,Card,Paid,500.41,2023-10-26
2476,2476,PayPal,Paid,1414.22,2022-06-25
2477,2477,Card,Paid,832.62,2022-02-26
2478,2478,Bank Transfer,Paid,812.73,2025-02-01
2479,2479,PayPal,Paid,403.82,2025-05-28
2480,2480,Invoice,Paid,1019.25,2023-11-05
2481,2481,Card,Paid,1473.48,2023-01-19
2482,2482,Invoice,Paid,2283.68,2025-05-30
2483,2483,Card,Pending,523.38,2025-12-08
2484,2484,Bank Transfer,Paid,1092.98,2025-11-19
2485,2485,PayPal,Pending,1544.45,2023-06-08
2486,2486,Invoice,Refunded,1273.51,2022-05-27
2487,2487,Invoice,Paid,437.31,2022-10-26
2488,2488,Invoice,Pending,1519.11,2025-03-29
2489,2489,Invoice,Pending,1106.3,2023-08-12
2490,2490,Bank Transfer,Refunded,2508.0,2025-09-06
2491,2491,Card,Paid,1134.19,2024-08-03
2492,2492,Invoice,Paid,1213.95,2023-07-25
2493,2493,PayPal,Paid,1633.56,2024-07-25
2494,2494,Bank Transfer,Paid,499.36,2024-11-03
2495,2495,Bank Transfer,Pending,753.51,2024-08-23
2496,2496,Bank Transfer,Paid,1142.03,2023-12-06
2497,2497,Card,Paid,1596.73,2024-10-27
2498,2498,Invoice,Paid,326.41,2022-09-22
2499,2499,Invoice,Paid,414.16,2022-01-01
2500,2500,Card,Paid,1164.64,2025-04-03
2501,2501,Invoice,Pending,1718.0,2023-03-11
2502,2502,PayPal,Paid,87.07,2025-11-15
2503,2503,Invoice,Paid,1700.91,2024-07-30
2504,2504,Bank Transfer,Paid,2380.22,2023-09-23
2505,2505,Card,Paid,1225.62,2024-12-04
2506,2506,Bank Transfer,Paid,941.6,2022-01-24
2507,2507,Bank Transfer,Pending,109.85,2025-04-10
2508,2508,Bank Transfer,Paid,901.34,2025-11-02
2509,2509,Invoice,Pending,30.2,2024-07-27
2510,2510,Card,Pending,532.59,2025-11-30
2511,2511,Card,Refunded,578.1,2025-12-15
2512,2512,PayPal,Paid,2339.15,2024-10-07
2513,2513,Card,Paid,2310.03,2024-06-09
2514,2514,Invoice,Paid,1068.85,2024-06-28
2515,2515,Invoice,Refunded,923.7,2024-04-03
2516,2516,PayPal,Paid,872.66,2025-08-01
2517,2517,Bank Transfer,Refunded,713.66,2024-09-30
2518,2518,PayPal,Paid,868.5,2022-10-09
2519,2519,PayPal,Paid,890.86,2022-06-17
2520,2520,Bank Transfer,Pending,1984.35,2022-10-19
2521,2521,PayPal,Pending,1445.31,2022-04-27
2522,2522,PayPal,Paid,1338.07,2022-12-13
2523,2523,Invoice,Pending,2454.5,2022-11-20
2524,2524,Invoice,Pending,906.13,2023-07-26
2525,2525,Bank Transfer,Paid,394.36,2024-12-26
2526,2526,Bank Transfer,Paid,575.68,2024-04-16
2527,2527,Bank Transfer,Pending,1952.97,2023-11-25
2528,2528,PayPal,Paid,327.48,2025-12-03
2529,2529,Invoice,Paid,239.96,2022-11-16
2530,2530,Bank Transfer,Pending,188.51,2024-10-09
2531,2531,PayPal,Paid,882.51,2024-01-19
2532,2532,Invoice,Paid,1740.25,2025-02-11
2533,2533,Card,Pending,2300.7,2025-11-06
2534,2534,Card,Paid,2310.46,2023-09-07
2535,2535,PayPal,Paid,2205.7,2022-01-29
2536,2536,Invoice,Paid,94.33,2023-08-22
2537,2537,Invoice,Pending,248.06,2023-10-12
2538,2538,Bank Transfer,Paid,3597.03,2022-10-09
2539,2539,Invoice,Paid,198.41,2022-03-28
2540,2540,Bank Transfer,Paid,1038.78,2025-10-30
2541,2541,PayPal,Refunded,278.7,2025-06-05
2542,2542,Card,Paid,1200.4,2023-11-06
2543,2543,PayPal,Paid,322.14,2024-09-02
2544,2544,Bank Transfer,Paid,275.86,2024-02-14
2545,2545,PayPal,Refunded,961.94,2024-01-04
2546,2546,Card,Paid,2457.96,2022-01-18
2547,2547,Invoice,Paid,53.31,2025-12-27
2548,2548,Card,Pending,1052.3,2023-02-08
2549,2549,Card,Paid,2454.74,2025-05-06
2550,2550,Invoice,Paid,446.79,2022-09-03
2551,2551,Bank Transfer,Refunded,114.05,2022-12-25
2552,2552,Bank Transfer,Paid,906.39,2024-08-31
2553,2553,PayPal,Paid,178.11,2025-06-26
2554,2554,Bank Transfer,Paid,781.75,2025-04-16
2555,2555,PayPal,Refunded,30.42,2022-01-13
2556,2556,Card,Pending,1065.31,2025-01-01
2557,2557,Card,Paid,5365.76,2022-11-04
2558,2558,Card,Paid,256.97,2025-10-13
2559,2559,PayPal,Paid,551.2,2023-03-07
2560,2560,Card,Paid,3040.48,2024-05-01
2561,2561,PayPal,Paid,269.28,2025-07-02
2562,2562,Card,Paid,326.99,2024-12-20
2563,2563,Bank Transfer,Paid,1921.22,2024-06-14
2564,2564,Invoice,Paid,322.39,2022-08-02
2565,2565,Invoice,Paid,1261.31,2024-02-22
2566,2566,PayPal,Paid,3935.48,2025-02-07
2567,2567,Bank Transfer,Pending,472.89,2025-10-29
2568,2568,Card,Paid,115.53,2025-12-17
2569,2569,Bank Transfer,Paid,122.19,2024-08-22
2570,2570,PayPal,Paid,3436.32,2024-08-07
2571,2571,Invoice,Paid,759.25,2023-12-03
2572,2572,Card,Pending,92.3,2025-06-07
2573,2573,Bank Transfer,Paid,1271.84,2022-10-14
2574,2574,Bank Transfer,Paid,689.02,2023-05-01
2575,2575,Card,Paid,557.87,2024-11-22
2576,2576,Invoice,Pending,3244.03,2023-08-13
2577,2577,PayPal,Paid,663.47,2025-12-28
2578,2578,Bank Transfer,Paid,378.95,2022-03-05
2579,2579,Bank Transfer,Pending,2525.36,2022-10-09
2580,2580,Invoice,Paid,3215.31,2022-01-11
2581,2581,PayPal,Paid,439.53,2022-10-31
2582,2582,PayPal,Paid,1422.44,2022-04-20
2583,2583,Bank Transfer,Paid,430.1,2023-07-24
2584,2584,Bank Transfer,Paid,425.64,2023-06-04
2585,2585,Card,Paid,1838.67,2022-12-10
2586,2586,Invoice,Paid,2797.22,2022-05-06
2587,2587,Card,Paid,626.59,2025-01-01
2588,2588,Invoice,Paid,875.71,2023-11-09
2589,2589,Invoice,Paid,3921.31,2023-07-23
2590,2590,PayPal,Paid,863.46,2024-07-16
2591,2591,Invoice,Pending,286.47,2023-02-23
2592,2592,Card,Paid,741.67,2023-09-28
2593,2593,Card,Paid,152.19,2024-05-06
2594,2594,PayPal,Pending,300.18,2025-10-09
2595,2595,Card,Pending,1197.1,2023-02-13
2596,2596,PayPal,Pending,603.9,2025-12-01
2597,2597,Invoice,Paid,192.74,2025-12-05
2598,2598,Bank Transfer,Refunded,1314.87,2025-12-09
2599,2599,Invoice,Paid,450.48,2023-09-21
2600,2600,Card,Pending,559.97,2024-08-28
2601,2601,Bank Transfer,Paid,516.76,2025-09-07
2602,2602,PayPal,Paid,1497.15,2024-01-19
2603,2603,Bank Transfer,Pending,565.51,2024-08-15
2604,2604,Invoice,Refunded,1229.92,2023-11-13
2605,2605,Bank Transfer,Paid,1025.83,2024-12-16
2606,2606,Invoice,Paid,3384.93,2025-04-09
2607,2607,Card,Paid,2336.59,2025-12-05
2608,2608,Card,Paid,1820.53,2024-07-21
2609,2609,Invoice,Paid,576.19,2022-11-27
2610,2610,Card,Paid,1062.6,2024-02-23
2611,2611,Bank Transfer,Paid,1358.45,2024-07-25
2612,2612,Invoice,Paid,729.41,2022-10-11
2613,2613,Invoice,Paid,1957.68,2024-08-07
2614,2614,Card,Paid,199.71,2024-03-28
2615,2615,PayPal,Paid,461.38,2025-10-17
2616,2616,PayPal,Paid,2076.78,2023-07-06
2617,2617,Invoice,Paid,5153.8,2024-01-30
2618,2618,PayPal,Pending,414.56,2024-11-05
2619,2619,Card,Paid,524.9,2025-05-05
2620,2620,Invoice,Paid,1059.43,2022-07-15
2621,2621,Bank Transfer,Paid,1083.73,2023-11-05
2622,2622,Bank Transfer,Paid,539.74,2022-09-29
2623,2623,Card,Pending,92.07,2023-06-14
2624,2624,PayPal,Paid,1969.29,2024-12-15
2625,2625,Invoice,Paid,242.98,2024-12-24
2626,2626,Bank Transfer,Paid,203.16,2025-02-21
2627,2627,Invoice,Pending,235.58,2025-03-12
2628,2628,PayPal,Paid,920.25,2024-11-25
2629,2629,PayPal,Paid,1629.64,2024-05-06
2630,2630,Card,Pending,2722.09,2023-01-27
2631,2631,Bank Transfer,Paid,3591.86,2023-08-07
2632,2632,PayPal,Paid,2711.49,2024-02-24
2633,2633,Card,Pending,1213.18,2024-04-21
2634,2634,PayPal,Paid,919.61,2024-10-03
2635,2635,Invoice,Paid,1552.19,2024-11-27
2636,2636,PayPal,Paid,3120.2,2025-08-17
2637,2637,PayPal,Paid,2114.4,2024-02-21
2638,2638,Bank Transfer,Paid,1124.29,2023-10-13
2639,2639,Bank Transfer,Pending,284.53,2022-05-28
2640,2640,PayPal,Paid,1451.16,2023-11-24
2641,2641,Card,Paid,2877.36,2024-10-24
2642,2642,PayPal,Paid,1047.62,2023-08-28
2643,2643,Invoice,Paid,484.98,2025-11-02
2644,2644,Invoice,Paid,503.15,2025-09-12
2645,2645,Bank Transfer,Paid,2463.13,2023-07-11
2646,2646,Card,Paid,540.17,2023-11-30
2647,2647,Card,Paid,118.31,2023-12-01
2648,2648,Bank Transfer,Refunded,3300.95,2022-07-14
2649,2649,Invoice,Pending,2291.93,2022-11-29
2650,2650,Card,Refunded,1559.1,2022-03-02
2651,2651,Invoice,Paid,1338.18,2024-08-21
2652,2652,Bank Transfer,Paid,943.68,2022-03-20
2653,2653,Invoice,Paid,1054.6,2024-10-22
2654,2654,Invoice,Paid,516.89,2024-07-10
2655,2655,PayPal,Paid,349.56,2024-07-16
2656,2656,Bank Transfer,Paid,261.15,2025-01-24
2657,2657,Bank Transfer,Paid,1488.91,2025-01-02
2658,2658,Card,Paid,2399.04,2025-12-08
2659,2659,PayPal,Paid,242.55,2025-06-06
2660,2660,Bank Transfer,Paid,734.8,2022-09-17
2661,2661,Invoice,Paid,106.61,2023-12-19
2662,2662,Card,Paid,1209.25,2023-06-28
2663,2663,PayPal,Pending,1046.27,2022-06-21
2664,2664,Bank Transfer,Paid,585.94,2023-04-02
2665,2665,PayPal,Paid,1064.47,2025-12-07
2666,2666,PayPal,Paid,950.82,2025-06-22
2667,2667,Invoice,Paid,1748.23,2023-11-23
2668,2668,Invoice,Pending,3128.01,2025-10-01
2669,2669,Invoice,Paid,918.82,2025-09-15
2670,2670,PayPal,Paid,736.56,2024-02-11
2671,2671,Invoice,Paid,2840.57,2023-05-19
2672,2672,Card,Paid,1008.34,2025-12-25
2673,2673,Card,Paid,1311.19,2024-05-05
2674,2674,PayPal,Paid,2845.65,2022-01-02
2675,2675,PayPal,Paid,641.89,2024-11-16
2676,2676,Card,Paid,3539.59,2022-06-15
2677,2677,Card,Paid,1307.35,2025-10-26
2678,2678,PayPal,Paid,1387.64,2025-04-17
2679,2679,Invoice,Paid,870.94,2022-11-07
2680,2680,Bank Transfer,Paid,703.6,2022-04-07
2681,2681,Bank Transfer,Paid,2305.15,2023-07-15
2682,2682,PayPal,Paid,1135.25,2023-01-12
2683,2683,Bank Transfer,Pending,545.03,2024-11-16
2684,2684,PayPal,Refunded,2876.65,2024-12-11
2685,2685,PayPal,Paid,318.74,2025-10-16
2686,2686,Card,Paid,1773.27,2024-02-22
2687,2687,Invoice,Paid,446.84,2023-05-30
2688,2688,Bank Transfer,Paid,315.75,2022-10-01
2689,2689,PayPal,Paid,1485.93,2022-11-25
2690,2690,Bank Transfer,Paid,407.06,2023-06-02
2691,2691,PayPal,Paid,3843.59,2023-02-11
2692,2692,Bank Transfer,Paid,1552.52,2023-02-21
2693,2693,Card,Paid,2600.35,2022-11-30
2694,2694,Invoice,Paid,596.84,2024-03-22
2695,2695,PayPal,Pending,975.01,2023-06-25
2696,2696,Invoice,Paid,98.68,2023-11-29
2697,2697,Bank Transfer,Paid,1250.22,2022-06-15
2698,2698,Card,Pending,383.39,2023-05-04
2699,2699,Bank Transfer,Paid,134.35,2022-08-03
2700,2700,PayPal,Paid,292.18,2024-07-18
2701,2701,Bank Transfer,Pending,873.43,2025-12-27
2702,2702,Invoice,Paid,638.28,2025-11-22
2703,2703,PayPal,Paid,768.4,2025-08-06
2704,2704,Card,Paid,270.12,2022-04-04
2705,2705,Bank Transfer,Pending,863.76,2025-01-17
2706,2706,Card,Pending,652.37,2025-03-20
2707,2707,PayPal,Paid,99.31,2025-09-22
2708,2708,Bank Transfer,Paid,482.24,2024-11-04
2709,2709,Invoice,Pending,72.4,2025-04-20
2710,2710,Invoice,Pending,606.26,2025-10-16
2711,2711,Card,Paid,1886.0,2023-10-28
2712,2712,Bank Transfer,Paid,367.69,2022-12-11
2713,2713,PayPal,Paid,206.48,2024-11-28
2714,2714,Card,Pending,1489.14,2023-10-02
2715,2715,PayPal,Pending,1034.98,2022-06-05
2716,2716,Card,Pending,452.0,2023-10-05
2717,2717,PayPal,Paid,1809.43,2024-12-07
2718,2718,Card,Paid,468.35,2023-01-02
2719,2719,Bank Transfer,Paid,1002.18,2022-02-07
2720,2720,Card,Paid,882.07,2025-09-13
2721,2721,Card,Pending,141.35,2025-12-30
2722,2722,PayPal,Pending,737.66,2022-06-23
2723,2723,Card,Paid,1027.88,2025-10-02
2724,2724,Invoice,Paid,1794.02,2024-07-21
2725,2725,PayPal,Paid,1096.21,2022-09-11
2726,2726,Invoice,Paid,1666.17,2023-05-23
2727,2727,Card,Pending,299.55,2025-11-01
2728,2728,Bank Transfer,Paid,4493.92,2025-12-10
2729,2729,Invoice,Paid,879.78,2022-12-13
2730,2730,Bank Transfer,Paid,1411.17,2022-11-15
2731,2731,PayPal,Paid,1053.0,2022-12-18
2732,2732,PayPal,Paid,927.94,2024-03-26
2733,2733,Invoice,Paid,689.89,2024-11-14
2734,2734,Invoice,Paid,999.03,2022-10-14
2735,2735,Bank Transfer,Pending,85.59,2024-02-08
2736,2736,PayPal,Paid,2406.74,2022-08-31
2737,2737,Invoice,Paid,1966.77,2023-08-27
2738,2738,Card,Pending,195.34,2024-06-18
2739,2739,Bank Transfer,Paid,793.58,2024-08-27
2740,2740,PayPal,Paid,261.2,2025-11-18
2741,2741,Invoice,Paid,1576.12,2025-12-04
2742,2742,PayPal,Paid,880.29,2024-06-18
2743,2743,Invoice,Paid,3005.46,2025-12-16
2744,2744,Invoice,Paid,4178.62,2023-07-11
2745,2745,PayPal,Pending,1810.92,2024-11-26
2746,2746,Bank Transfer,Paid,94.3,2024-08-20
2747,2747,Bank Transfer,Paid,1389.33,2025-12-30
2748,2748,Card,Paid,3422.97,2024-08-26
2749,2749,Card,Pending,4143.02,2025-02-19
2750,2750,Card,Pending,912.89,2022-09-08
2751,2751,Invoice,Paid,1650.13,2022-04-09
2752,2752,Card,Paid,282.66,2025-11-27
2753,2753,Card,Paid,787.65,2024-01-04
2754,2754,Card,Paid,1170.15,2024-12-27
2755,2755,PayPal,Paid,2267.4,2023-10-11
2756,2756,Card,Paid,229.18,2022-11-14
2757,2757,PayPal,Pending,754.05,2023-06-06
2758,2758,Bank Transfer,Paid,915.5,2022-03-25
2759,2759,Bank Transfer,Paid,643.16,2024-07-05
2760,2760,PayPal,Paid,169.49,2023-12-19
2761,2761,PayPal,Paid,2676.14,2022-05-04
2762,2762,PayPal,Paid,3481.6,2022-09-09
2763,2763,PayPal,Pending,260.87,2022-02-08
2764,2764,Invoice,Paid,1644.86,2024-04-09
2765,2765,Card,Paid,2634.37,2025-07-25
2766,2766,Bank Transfer,Paid,480.01,2025-05-08
2767,2767,Card,Refunded,1455.93,2025-03-06
2768,2768,Bank Transfer,Paid,808.66,2024-11-29
2769,2769,Invoice,Pending,5813.6,2023-11-23
2770,2770,Bank Transfer,Paid,268.66,2025-10-16
2771,2771,Card,Paid,1945.12,2025-08-01
2772,2772,Bank Transfer,Paid,656.26,2022-08-01
2773,2773,Invoice,Paid,606.56,2025-11-12
2774,2774,Card,Pending,1621.21,2023-02-24
2775,2775,PayPal,Paid,372.58,2023-09-20
2776,2776,Invoice,Paid,1186.86,2024-08-29
2777,2777,Invoice,Paid,92.44,2025-06-12
2778,2778,PayPal,Paid,287.69,2022-09-23
2779,2779,Invoice,Paid,1211.46,2024-12-27
2780,2780,Invoice,Paid,281.85,2022-11-18
2781,2781,Card,Paid,1403.37,2025-12-27
2782,2782,Card,Paid,437.95,2024-10-03
2783,2783,Bank Transfer,Pending,1363.59,2024-12-18
2784,2784,Card,Paid,450.78,2024-07-07
2785,2785,PayPal,Paid,929.68,2022-11-16
2786,2786,Invoice,Paid,553.3,2024-05-21
2787,2787,Invoice,Paid,393.56,2024-11-28
2788,2788,Invoice,Paid,276.1,2024-09-22
2789,2789,Invoice,Paid,1615.26,2023-04-28
2790,2790,Bank Transfer,Paid,3040.3,2022-07-21
2791,2791,Invoice,Paid,857.84,2025-08-07
2792,2792,PayPal,Paid,275.02,2023-10-29
2793,2793,Card,Paid,1298.28,2024-12-13
2794,2794,Invoice,Paid,1666.77,2023-10-27
2795,2795,Card,Pending,1670.53,2025-06-08
2796,2796,Bank Transfer,Paid,635.17,2023-11-15
2797,2797,Card,Paid,1039.78,2022-06-20
2798,2798,PayPal,Refunded,102.46,2024-08-27
2799,2799,Invoice,Paid,234.92,2022-10-22
2800,2800,Card,Paid,749.67,2022-05-18
2801,2801,Bank Transfer,Paid,1443.2,2024-11-01
2802,2802,Invoice,Paid,1446.56,2023-11-24
2803,2803,Invoice,Paid,521.72,2024-06-09
2804,2804,PayPal,Paid,4271.56,2023-02-27
2805,2805,PayPal,Paid,2847.57,2022-08-09
2806,2806,Invoice,Paid,825.68,2025-08-04
2807,2807,PayPal,Paid,435.87,2025-03-02
2808,2808,Invoice,Paid,1459.94,2024-07-07
2809,2809,Bank Transfer,Paid,1713.56,2023-12-17
2810,2810,Invoice,Pending,1783.48,2022-05-22
2811,2811,Bank Transfer,Paid,84.55,2024-03-22
2812,2812,PayPal,Refunded,278.03,2024-12-12
2813,2813,PayPal,Paid,92.06,2024-12-07
2814,2814,Card,Paid,2292.12,2025-09-14
2815,2815,Bank Transfer,Paid,2549.24,2025-01-05
2816,2816,Invoice,Paid,499.9,2022-05-10
2817,2817,Invoice,Paid,1655.97,2024-05-26
2818,2818,Invoice,Paid,1499.3,2024-11-18
2819,2819,PayPal,Paid,1655.12,2022-12-16
2820,2820,Card,Paid,729.09,2024-12-31
2821,2821,Invoice,Pending,1764.64,2023-11-25
2822,2822,Invoice,Paid,724.3,2023-03-12
2823,2823,Invoice,Paid,322.81,2025-10-18
2824,2824,Card,Pending,492.49,2025-12-03
2825,2825,PayPal,Paid,1148.97,2024-10-29
2826,2826,Card,Pending,998.69,2024-01-23
2827,2827,Bank Transfer,Paid,1054.35,2025-11-11
2828,2828,Bank Transfer,Paid,266.81,2023-05-21
2829,2829,Bank Transfer,Pending,820.52,2025-09-29
2830,2830,Invoice,Paid,401.39,2022-06-06
2831,2831,PayPal,Paid,1778.1,2022-04-08
2832,2832,PayPal,Paid,2107.99,2024-07-04
2833,2833,Bank Transfer,Paid,3547.6,2022-12-25
2834,2834,Card,Pending,421.84,2023-03-04
2835,2835,Invoice,Paid,971.01,2022-05-11
2836,2836,Bank Transfer,Paid,668.9,2025-03-09
2837,2837,Card,Paid,613.17,2025-03-17
2838,2838,Card,Paid,1156.64,2022-05-17
2839,2839,PayPal,Paid,316.1,2025-06-24
2840,2840,Bank Transfer,Paid,1179.48,2025-06-15
2841,2841,Card,Paid,1564.84,2024-05-15
2842,2842,Bank Transfer,Pending,1137.54,2025-04-12
2843,2843,PayPal,Paid,1119.2,2023-11-13
2844,2844,PayPal,Paid,411.23,2025-04-18
2845,2845,Invoice,Paid,1021.58,2024-02-24
2846,2846,PayPal,Paid,2945.31,2023-11-20
2847,2847,Bank Transfer,Paid,1105.26,2024-04-03
2848,2848,PayPal,Paid,216.34,2025-05-13
2849,2849,Bank Transfer,Paid,69.79,2022-04-23
2850,2850,PayPal,Paid,456.91,2022-05-31
2851,2851,Card,Pending,655.44,2024-04-29
2852,2852,Invoice,Paid,3209.54,2022-01-12
2853,2853,PayPal,Pending,593.13,2023-12-05
2854,2854,Bank Transfer,Pending,412.83,2022-06-20
2855,2855,Invoice,Paid,177.79,2024-11-16
2856,2856,Bank Transfer,Paid,480.35,2022-03-23
2857,2857,Card,Pending,2120.58,2025-03-20
2858,2858,Bank Transfer,Paid,394.33,2025-04-14
2859,2859,Card,Paid,188.8,2024-05-18
2860,2860,Invoice,Pending,4165.7,2022-11-06
2861,2861,Bank Transfer,Paid,211.8,2025-12-31
2862,2862,Invoice,Paid,1542.43,2022-05-27
2863,2863,PayPal,Pending,673.0,2022-03-31
2864,2864,Invoice,Paid,740.29,2022-10-25
2865,2865,Card,Refunded,1941.68,2025-07-13
2866,2866,Bank Transfer,Paid,937.56,2023-07-06
2867,2867,PayPal,Paid,1624.24,2022-02-26
2868,2868,Invoice,Pending,971.57,2025-02-23
2869,2869,Invoice,Paid,876.65,2024-06-21
2870,2870,Bank Transfer,Paid,786.18,2023-12-17
2871,2871,Card,Paid,324.74,2023-03-28
2872,2872,Card,Paid,367.16,2024-12-19
2873,2873,Card,Paid,207.54,2023-12-21
2874,2874,PayPal,Paid,1996.4,2025-04-17
2875,2875,Card,Pending,682.99,2022-03-19
2876,2876,Bank Transfer,Pending,995.73,2025-09-25
2877,2877,PayPal,Paid,2112.52,2022-10-23
2878,2878,Invoice,Paid,1583.3,2022-03-24
2879,2879,PayPal,Refunded,1538.16,2024-06-07
2880,2880,Invoice,Paid,642.87,2024-03-30
2881,2881,PayPal,Paid,925.45,2022-10-10
2882,2882,Card,Paid,1818.47,2025-04-21
2883,2883,Bank Transfer,Paid,623.19,2025-01-31
2884,2884,Invoice,Paid,451.01,2025-11-05
2885,2885,Bank Transfer,Paid,2678.26,2025-05-05
2886,2886,Card,Paid,825.54,2023-12-20
2887,2887,Card,Paid,262.2,2024-09-04
2888,2888,Bank Transfer,Paid,31.95,2023-12-27
2889,2889,Card,Paid,436.17,2022-10-20
2890,2890,Invoice,Paid,100.15,2024-08-08
2891,2891,Card,Paid,586.5,2025-01-04
2892,2892,Bank Transfer,Refunded,546.95,2025-04-25
2893,2893,Card,Paid,140.6,2025-01-09
2894,2894,PayPal,Paid,335.71,2022-04-01
2895,2895,Invoice,Paid,264.65,2023-03-17
2896,2896,Bank Transfer,Paid,279.21,2022-04-30
2897,2897,PayPal,Refunded,526.04,2023-02-20
2898,2898,Bank Transfer,Paid,1815.76,2023-09-18
2899,2899,Invoice,Refunded,997.74,2024-09-07
2900,2900,Invoice,Paid,1813.28,2023-12-14
2901,2901,PayPal,Paid,809.8,2023-11-27
2902,2902,Bank Transfer,Paid,112.83,2023-11-04
2903,2903,PayPal,Paid,788.12,2024-09-15
2904,2904,Card,Paid,2490.71,2025-12-21
2905,2905,Bank Transfer,Paid,963.91,2023-06-06
2906,2906,Invoice,Paid,597.36,2022-01-25
2907,2907,PayPal,Pending,1535.26,2022-06-15
2908,2908,Card,Paid,1359.5,2024-01-29
2909,2909,Invoice,Paid,1966.22,2024-10-11
2910,2910,Card,Paid,1576.57,2023-06-23
2911,2911,PayPal,Paid,142.34,2025-05-24
2912,2912,PayPal,Paid,551.75,2022-08-25
2913,2913,PayPal,Paid,1113.06,2022-01-24
2914,2914,Bank Transfer,Paid,704.24,2023-08-03
2915,2915,Invoice,Paid,1540.7,2023-06-09
2916,2916,PayPal,Pending,573.86,2022-06-20
2917,2917,PayPal,Paid,578.27,2022-11-21
2918,2918,PayPal,Paid,2277.87,2024-12-29
2919,2919,Bank Transfer,Paid,1830.16,2025-03-27
2920,2920,Bank Transfer,Paid,2587.36,2023-05-08
2921,2921,Invoice,Paid,2409.07,2023-08-04
2922,2922,Card,Paid,112.31,2025-05-07
2923,2923,Card,Paid,936.85,2024-11-11
2924,2924,Card,Paid,570.43,2023-04-26
2925,2925,PayPal,Pending,265.69,2025-06-20
2926,2926,Card,Paid,2145.85,2023-02-21
2927,2927,Bank Transfer,Pending,344.92,2023-10-17
2928,2928,Card,Paid,1930.15,2024-10-28
2929,2929,Card,Paid,386.11,2022-06-28
2930,2930,PayPal,Paid,319.95,2024-08-27
2931,2931,Bank Transfer,Paid,2222.42,2024-05-13
2932,2932,PayPal,Paid,1753.43,2022-12-26
2933,2933,Bank Transfer,Paid,501.1,2024-06-13
2934,2934,Invoice,Pending,1302.9,2022-12-13
2935,2935,PayPal,Pending,546.67,2023-07-01
2936,2936,Bank Transfer,Paid,1923.26,2025-09-17
2937,2937,Card,Paid,225.69,2022-04-15
2938,2938,Card,Paid,555.56,2024-05-09
2939,2939,Invoice,Paid,649.14,2022-08-11
2940,2940,PayPal,Paid,1282.52,2023-12-11
2941,2941,PayPal,Paid,1025.08,2022-08-20
2942,2942,PayPal,Paid,592.85,2023-10-19
2943,2943,Invoice,Paid,629.36,2023-06-30
2944,2944,Bank Transfer,Paid,441.12,2024-06-30
2945,2945,Bank Transfer,Paid,453.83,2025-09-24
2946,2946,Card,Paid,1686.98,2023-11-22
2947,2947,Invoice,Paid,1589.22,2023-12-16
2948,2948,PayPal,Paid,1742.46,2025-02-13
2949,2949,PayPal,Pending,1426.12,2022-05-10
2950,2950,Invoice,Paid,569.03,2023-02-28
2951,2951,Card,Paid,1127.15,2024-10-24
2952,2952,Bank Transfer,Paid,575.21,2023-05-24
2953,2953,PayPal,Paid,2108.47,2025-12-30
2954,2954,Card,Paid,957.59,2022-05-05
2955,2955,Card,Pending,645.78,2023-06-11
2956,2956,Bank Transfer,Paid,2226.98,2023-02-07
2957,2957,Invoice,Paid,801.5,2022-12-22
2958,2958,Bank Transfer,Paid,2070.71,2025-07-29
2959,2959,Bank Transfer,Paid,722.12,2025-06-05
2960,2960,Bank Transfer,Pending,1524.84,2023-09-08
2961,2961,Invoice,Paid,630.85,2025-06-08
2962,2962,Bank Transfer,Paid,219.27,2024-07-01
2963,2963,Card,Paid,463.73,2024-08-02
2964,2964,Bank Transfer,Paid,315.38,2025-05-20
2965,2965,Bank Transfer,Paid,242.84,2024-12-18
2966,2966,PayPal,Paid,442.18,2022-07-30
2967,2967,Card,Paid,2348.06,2022-12-17
2968,2968,Invoice,Paid,1425.42,2025-03-09
2969,2969,PayPal,Paid,638.85,2022-07-08
2970,2970,Invoice,Paid,1357.51,2025-03-25
2971,2971,Invoice,Paid,115.82,2022-06-10
2972,2972,Invoice,Paid,1745.79,2023-12-23
2973,2973,Invoice,Pending,2030.04,2024-11-04
2974,2974,PayPal,Paid,755.57,2022-04-04
2975,2975,Bank Transfer,Paid,256.24,2023-03-14
2976,2976,PayPal,Paid,1273.88,2025-07-02
2977,2977,PayPal,Paid,1225.59,2024-08-11
2978,2978,Card,Pending,323.37,2024-04-27
2979,2979,Card,Paid,454.68,2024-03-26
2980,2980,Invoice,Paid,1642.53,2024-10-06
2981,2981,Bank Transfer,Paid,682.5,2022-11-27
2982,2982,Invoice,Pending,861.4,2023-05-08
2983,2983,Card,Pending,259.19,2024-05-20
2984,2984,Invoice,Paid,414.99,2025-09-04
2985,2985,Card,Pending,1180.15,2025-07-21
2986,2986,Bank Transfer,Paid,1600.94,2022-02-14
2987,2987,Card,Paid,3226.93,2023-11-11
2988,2988,PayPal,Paid,1593.63,2023-03-12
2989,2989,Bank Transfer,Paid,2846.42,2025-09-02
2990,2990,Invoice,Pending,1308.44,2024-12-14
2991,2991,Invoice,Paid,368.49,2025-08-20
2992,2992,PayPal,Paid,594.13,2022-10-18
2993,2993,PayPal,Paid,1034.96,2025-07-14
2994,2994,Bank Transfer,Paid,1068.4,2023-12-01
2995,2995,Invoice,Paid,306.67,2022-07-27
2996,2996,PayPal,Pending,45.06,2022-07-01
2997,2997,Invoice,Pending,1056.45,2023-05-30
2998,2998,Card,Paid,1302.11,2022-03-09
2999,2999,Invoice,Refunded,416.09,2022-11-10
3000,3000,Bank Transfer,Pending,401.22,2023-06-17
3001,3001,PayPal,Paid,707.53,2022-01-24
3002,3002,Invoice,Pending,698.96,2025-08-01
3003,3003,Card,Pending,1120.34,2022-08-10
3004,3004,Invoice,Paid,66.43,2025-07-13
3005,3005,Invoice,Pending,506.11,2023-07-29
3006,3006,PayPal,Paid,1189.91,2024-01-24
3007,3007,Bank Transfer,Paid,2389.56,2025-10-21
3008,3008,Bank Transfer,Paid,232.81,2022-02-23
3009,3009,PayPal,Paid,628.29,2023-02-22
3010,3010,Bank Transfer,Refunded,750.4,2022-02-11
3011,3011,Card,Refunded,980.42,2022-08-23
3012,3012,Invoice,Paid,1516.82,2022-12-10
3013,3013,Invoice,Pending,1954.64,2025-11-29
3014,3014,PayPal,Paid,2312.17,2025-11-11
3015,3015,PayPal,Pending,1162.36,2025-03-09
3016,3016,Card,Paid,1704.26,2023-12-08
3017,3017,Card,Paid,216.16,2025-07-06
3018,3018,Card,Paid,880.62,2022-07-12
3019,3019,PayPal,Paid,556.51,2025-04-21
3020,3020,PayPal,Paid,781.57,2024-02-13
3021,3021,Card,Refunded,291.55,2025-11-20
3022,3022,Card,Paid,471.27,2023-11-04
3023,3023,PayPal,Paid,3339.67,2025-04-18
3024,3024,Card,Pending,1542.56,2025-06-30
3025,3025,Card,Refunded,845.1,2024-12-31
3026,3026,Card,Paid,2204.55,2022-10-11
3027,3027,Card,Paid,2011.57,2025-09-07
3028,3028,Bank Transfer,Paid,1643.71,2024-11-14
3029,3029,Bank Transfer,Paid,360.09,2025-02-25
3030,3030,Invoice,Paid,1217.41,2022-08-26
3031,3031,PayPal,Pending,467.13,2023-02-23
3032,3032,Invoice,Paid,299.96,2025-09-14
3033,3033,Invoice,Paid,239.73,2023-01-21
3034,3034,PayPal,Refunded,2127.34,2025-02-13
3035,3035,Bank Transfer,Paid,220.78,2022-12-08
3036,3036,Bank Transfer,Paid,3456.17,2022-11-26
3037,3037,Bank Transfer,Paid,230.81,2024-01-20
3038,3038,Card,Refunded,1746.03,2022-10-03
3039,3039,PayPal,Paid,2778.9,2024-03-18
3040,3040,Card,Paid,1399.53,2025-12-22
3041,3041,Bank Transfer,Pending,804.58,2024-05-19
3042,3042,Bank Transfer,Paid,349.5,2023-04-09
3043,3043,Invoice,Paid,249.03,2024-11-17
3044,3044,Card,Paid,1406.14,2022-07-05
3045,3045,Card,Pending,1541.68,2024-01-31
3046,3046,Bank Transfer,Paid,633.91,2022-06-26
3047,3047,Card,Paid,2960.89,2022-03-03
3048,3048,Bank Transfer,Refunded,2089.41,2024-11-24
3049,3049,Invoice,Paid,2178.14,2024-03-04
3050,3050,PayPal,Paid,484.23,2022-08-26
3051,3051,Invoice,Pending,996.45,2023-12-08
3052,3052,Card,Pending,1990.27,2024-10-28
3053,3053,Invoice,Paid,1784.69,2023-05-14
3054,3054,Invoice,Pending,446.37,2022-09-20
3055,3055,Invoice,Paid,820.36,2023-09-20
3056,3056,Invoice,Paid,195.3,2024-01-12
3057,3057,Card,Paid,489.45,2022-08-06
3058,3058,Invoice,Paid,1059.38,2024-11-09
3059,3059,Invoice,Refunded,2188.46,2023-08-02
3060,3060,PayPal,Paid,2222.62,2023-03-21
3061,3061,PayPal,Paid,1241.59,2024-05-01
3062,3062,PayPal,Paid,695.02,2025-10-08
3063,3063,PayPal,Paid,884.32,2025-12-29
3064,3064,Invoice,Pending,1726.41,2023-04-05
3065,3065,Card,Paid,643.37,2025-04-21
3066,3066,Card,Paid,1711.88,2022-12-25
3067,3067,Invoice,Paid,1390.19,2024-05-04
3068,3068,Card,Paid,1251.12,2024-03-13
3069,3069,Invoice,Paid,2165.94,2025-08-05
3070,3070,PayPal,Paid,1157.79,2025-03-17
3071,3071,Card,Paid,1038.17,2023-06-01
3072,3072,Card,Pending,4339.72,2025-10-04
3073,3073,PayPal,Paid,522.37,2023-07-02
3074,3074,PayPal,Paid,524.57,2024-11-28
3075,3075,Card,Paid,168.2,2022-12-03
3076,3076,Bank Transfer,Paid,852.22,2024-10-18
3077,3077,PayPal,Paid,1103.4,2023-12-26
3078,3078,Bank Transfer,Paid,548.53,2024-03-24
3079,3079,Bank Transfer,Paid,671.56,2025-07-08
3080,3080,PayPal,Paid,588.64,2023-06-11
3081,3081,Invoice,Paid,3879.29,2024-12-05
3082,3082,Invoice,Paid,671.45,2022-12-12
3083,3083,Bank Transfer,Paid,1577.16,2025-01-19
3084,3084,Bank Transfer,Paid,3249.97,2023-05-18
3085,3085,Card,Pending,979.92,2023-06-15
3086,3086,Card,Paid,771.25,2024-11-14
3087,3087,Bank Transfer,Paid,1438.56,2023-02-08
3088,3088,Invoice,Paid,313.63,2025-11-28
3089,3089,Invoice,Paid,1117.07,2022-12-09
3090,3090,Card,Paid,485.92,2022-04-03
3091,3091,Card,Pending,180.33,2025-09-03
3092,3092,Invoice,Paid,2604.03,2023-07-27
3093,3093,Invoice,Paid,610.84,2024-11-25
3094,3094,Bank Transfer,Paid,737.19,2023-02-19
3095,3095,PayPal,Paid,1424.72,2025-12-08
3096,3096,PayPal,Paid,345.43,2024-02-20
3097,3097,Bank Transfer,Paid,2097.8,2022-04-24
3098,3098,Card,Paid,1417.99,2023-06-02
3099,3099,Invoice,Paid,641.98,2025-07-20
3100,3100,Invoice,Paid,1096.3,2025-07-05
3101,3101,Card,Paid,943.59,2022-05-07
3102,3102,Bank Transfer,Paid,1079.26,2022-07-25
3103,3103,Card,Pending,884.66,2022-12-13
3104,3104,Bank Transfer,Pending,1098.46,2022-08-11
3105,3105,Invoice,Paid,1096.53,2022-07-17
3106,3106,Invoice,Paid,414.25,2025-12-01
3107,3107,Invoice,Paid,3176.0,2023-02-18
3108,3108,Bank Transfer,Paid,4473.23,2025-10-08
3109,3109,Card,Paid,157.16,2023-12-28
3110,3110,Bank Transfer,Paid,1148.62,2025-10-29
3111,3111,Bank Transfer,Paid,1277.47,2025-01-13
3112,3112,PayPal,Refunded,230.93,2024-05-10
3113,3113,PayPal,Paid,1170.44,2023-12-05
3114,3114,Invoice,Paid,1709.89,2023-05-23
3115,3115,Bank Transfer,Paid,528.59,2025-10-31
3116,3116,Card,Pending,534.55,2022-10-28
3117,3117,Card,Paid,2550.0,2022-09-28
3118,3118,Bank Transfer,Paid,1824.47,2023-10-14
3119,3119,Card,Paid,431.49,2023-01-22
3120,3120,PayPal,Paid,779.69,2023-10-20
3121,3121,Card,Paid,1390.52,2025-05-05
3122,3122,Bank Transfer,Paid,892.66,2022-03-03
3123,3123,Card,Paid,1023.4,2024-03-28
3124,3124,PayPal,Paid,377.08,2024-10-18
3125,3125,PayPal,Paid,405.93,2023-12-17
3126,3126,Invoice,Paid,688.92,2022-12-26
3127,3127,Invoice,Paid,748.0,2024-08-31
3128,3128,Card,Refunded,562.65,2023-08-23
3129,3129,Invoice,Paid,2499.85,2022-01-02
3130,3130,Invoice,Paid,267.22,2023-10-12
3131,3131,PayPal,Pending,1844.07,2024-06-06
3132,3132,Card,Paid,845.69,2023-12-11
3133,3133,Invoice,Paid,1765.5,2025-11-25
3134,3134,Invoice,Paid,1761.09,2025-10-27
3135,3135,PayPal,Refunded,1300.74,2025-06-06
3136,3136,Invoice,Paid,702.1,2024-05-26
3137,3137,Card,Paid,293.72,2022-12-12
3138,3138,PayPal,Paid,420.5,2022-12-29
3139,3139,Invoice,Paid,852.81,2022-10-06
3140,3140,PayPal,Pending,445.2,2023-10-15
3141,3141,Card,Paid,1031.23,2024-08-08
3142,3142,Invoice,Paid,302.8,2022-05-25
3143,3143,Invoice,Paid,2271.83,2023-03-04
3144,3144,Card,Paid,322.95,2025-09-13
3145,3145,Invoice,Paid,1090.42,2024-07-24
3146,3146,Invoice,Paid,469.86,2023-06-05
3147,3147,Bank Transfer,Paid,825.53,2025-07-19
3148,3148,Card,Paid,1356.06,2022-12-19
3149,3149,Invoice,Paid,1432.95,2024-03-29
3150,3150,Invoice,Paid,252.96,2024-09-15
3151,3151,Card,Paid,511.83,2025-12-03
3152,3152,Invoice,Pending,1594.65,2023-05-13
3153,3153,Card,Pending,1668.26,2025-06-27
3154,3154,Card,Paid,405.56,2024-06-05
3155,3155,Card,Pending,413.35,2024-06-06
3156,3156,Bank Transfer,Paid,890.12,2025-04-16
3157,3157,PayPal,Paid,2532.37,2023-06-14
3158,3158,PayPal,Paid,1832.55,2022-06-11
3159,3159,Bank Transfer,Paid,791.48,2023-03-26
3160,3160,Invoice,Refunded,330.54,2025-11-22
3161,3161,Bank Transfer,Paid,245.63,2025-02-04
3162,3162,Bank Transfer,Paid,325.31,2024-01-29
3163,3163,Invoice,Paid,1045.99,2022-12-10
3164,3164,Bank Transfer,Pending,1180.72,2024-02-17
3165,3165,Invoice,Pending,866.98,2023-07-04
3166,3166,PayPal,Paid,260.03,2022-01-09
3167,3167,Card,Paid,772.73,2025-07-30
3168,3168,Card,Paid,732.93,2024-02-24
3169,3169,Invoice,Paid,206.65,2024-01-08
3170,3170,PayPal,Paid,377.26,2025-01-24
3171,3171,Card,Paid,308.6,2025-08-13
3172,3172,Invoice,Pending,1554.62,2022-06-28
3173,3173,Invoice,Pending,1009.27,2024-08-29
3174,3174,Card,Refunded,613.39,2022-02-08
3175,3175,Invoice,Paid,707.43,2024-08-28
3176,3176,Invoice,Paid,1058.61,2023-05-28
3177,3177,Bank Transfer,Paid,552.16,2023-04-16
3178,3178,Card,Paid,727.26,2024-12-01
3179,3179,Invoice,Paid,376.13,2025-03-20
3180,3180,Bank Transfer,Paid,2206.37,2022-06-25
3181,3181,Bank Transfer,Paid,835.4,2025-10-04
3182,3182,Card,Paid,1596.83,2022-01-23
3183,3183,Bank Transfer,Paid,1387.85,2025-12-13
3184,3184,Card,Paid,942.19,2022-11-06
3185,3185,Invoice,Paid,1120.43,2024-04-30
3186,3186,Bank Transfer,Paid,546.35,2023-05-04
3187,3187,Bank Transfer,Paid,859.4,2025-02-12
3188,3188,Invoice,Paid,609.05,2024-11-23
3189,3189,Invoice,Paid,446.17,2025-03-22
3190,3190,Card,Pending,1946.53,2025-07-10
3191,3191,PayPal,Paid,1068.82,2024-03-29
3192,3192,Card,Paid,45.51,2024-04-26
3193,3193,Bank Transfer,Paid,459.92,2024-03-11
3194,3194,Card,Pending,1743.66,2023-06-18
3195,3195,PayPal,Paid,594.2,2022-10-18
3196,3196,PayPal,Paid,1936.97,2022-10-05
3197,3197,Invoice,Paid,173.71,2023-06-15
3198,3198,Bank Transfer,Paid,1548.18,2025-11-22
3199,3199,PayPal,Paid,1547.96,2023-04-16
3200,3200,Card,Pending,921.25,2024-12-13
3201,3201,PayPal,Paid,268.82,2024-09-05
3202,3202,Card,Paid,1215.35,2024-06-13
3203,3203,Bank Transfer,Paid,1049.18,2023-07-13
3204,3204,PayPal,Paid,2133.3,2022-08-21
3205,3205,PayPal,Paid,2374.3,2022-12-15
3206,3206,Bank Transfer,Paid,1076.38,2024-10-13
3207,3207,Bank Transfer,Paid,1416.6,2023-02-26
3208,3208,Card,Refunded,1155.46,2023-05-29
3209,3209,PayPal,Paid,438.92,2023-10-25
3210,3210,Bank Transfer,Paid,800.41,2023-08-19
3211,3211,PayPal,Paid,267.34,2022-12-23
3212,3212,Card,Paid,1181.98,2022-12-06
3213,3213,Bank Transfer,Paid,2688.3,2024-10-23
3214,3214,Bank Transfer,Paid,187.53,2022-03-14
3215,3215,Bank Transfer,Refunded,469.13,2024-06-27
3216,3216,Card,Pending,476.53,2022-08-25
3217,3217,Card,Paid,1380.67,2022-11-28
3218,3218,PayPal,Paid,61.1,2022-07-28
3219,3219,Invoice,Refunded,1228.52,2024-03-01
3220,3220,Card,Paid,691.41,2023-12-02
3221,3221,Card,Paid,1298.95,2024-06-05
3222,3222,Bank Transfer,Refunded,866.92,2022-09-04
3223,3223,PayPal,Paid,2771.6,2022-12-11
3224,3224,Bank Transfer,Paid,333.08,2022-04-14
3225,3225,Invoice,Paid,1063.24,2024-01-28
3226,3226,PayPal,Paid,1362.76,2025-08-15
3227,3227,PayPal,Paid,409.2,2025-02-10
3228,3228,Invoice,Paid,287.06,2024-09-27
3229,3229,PayPal,Paid,147.93,2025-06-25
3230,3230,Invoice,Paid,537.24,2023-12-04
3231,3231,Card,Paid,1501.27,2025-08-23
3232,3232,Bank Transfer,Paid,2014.94,2024-02-27
3233,3233,Card,Paid,625.86,2023-10-07
3234,3234,PayPal,Paid,261.96,2023-11-14
3235,3235,Bank Transfer,Pending,1465.54,2023-01-25
3236,3236,Card,Paid,806.89,2023-02-22
3237,3237,Invoice,Pending,1713.72,2025-07-06
3238,3238,Invoice,Paid,470.78,2024-07-12
3239,3239,Card,Pending,78.97,2023-12-12
3240,3240,PayPal,Paid,197.65,2024-11-21
3241,3241,Invoice,Paid,352.67,2024-09-29
3242,3242,Bank Transfer,Paid,147.74,2024-09-19
3243,3243,Invoice,Paid,1339.33,2024-10-22
3244,3244,Card,Paid,4537.15,2025-11-07
3245,3245,Bank Transfer,Pending,1874.62,2024-11-03
3246,3246,PayPal,Paid,1733.81,2022-11-17
3247,3247,Card,Paid,858.09,2024-03-21
3248,3248,Invoice,Pending,2073.72,2024-12-09
3249,3249,Bank Transfer,Pending,4661.9,2024-03-21
3250,3250,Card,Paid,611.47,2024-03-20
3251,3251,Card,Paid,711.65,2023-03-24
3252,3252,Invoice,Paid,1049.17,2022-03-11
3253,3253,Bank Transfer,Paid,2559.42,2025-04-15
3254,3254,Card,Pending,1165.28,2024-11-26
3255,3255,Invoice,Paid,997.93,2024-12-26
3256,3256,PayPal,Refunded,653.52,2022-04-24
3257,3257,Bank Transfer,Pending,437.81,2023-08-11
3258,3258,Card,Paid,290.44,2025-10-26
3259,3259,Card,Refunded,2739.29,2022-11-25
3260,3260,PayPal,Refunded,1590.45,2024-04-03
3261,3261,PayPal,Pending,374.17,2024-12-23
3262,3262,Invoice,Paid,1441.26,2022-11-23
3263,3263,Bank Transfer,Paid,273.91,2022-04-24
3264,3264,Card,Refunded,2069.08,2023-10-22
3265,3265,PayPal,Paid,2515.47,2024-08-28
3266,3266,Invoice,Paid,1321.37,2024-07-19
3267,3267,Invoice,Refunded,776.46,2022-07-24
3268,3268,Bank Transfer,Paid,908.98,2022-08-11
3269,3269,Invoice,Paid,1158.77,2024-10-01
3270,3270,Card,Refunded,381.84,2022-12-08
3271,3271,Card,Paid,1190.59,2024-10-25
3272,3272,Invoice,Paid,456.47,2023-10-18
3273,3273,PayPal,Paid,2627.24,2025-12-09
3274,3274,Card,Paid,1172.34,2023-06-05
3275,3275,Bank Transfer,Paid,787.95,2024-04-30
3276,3276,PayPal,Paid,470.69,2024-09-06
3277,3277,Card,Paid,799.52,2023-12-02
3278,3278,PayPal,Paid,3922.32,2024-08-06
3279,3279,PayPal,Pending,1868.66,2022-09-29
3280,3280,PayPal,Pending,278.48,2022-03-17
3281,3281,PayPal,Paid,17.75,2025-07-18
3282,3282,Bank Transfer,Paid,1824.81,2022-03-01
3283,3283,Bank Transfer,Paid,975.63,2024-10-22
3284,3284,Card,Paid,565.19,2023-05-16
3285,3285,Card,Paid,281.26,2023-01-20
3286,3286,PayPal,Paid,550.11,2023-12-23
3287,3287,Invoice,Paid,489.24,2023-06-19
3288,3288,Bank Transfer,Paid,677.57,2025-07-01
3289,3289,Card,Pending,3819.55,2022-03-05
3290,3290,Card,Paid,688.36,2022-07-14
3291,3291,PayPal,Paid,1557.87,2022-06-23
3292,3292,Card,Paid,623.13,2023-12-03
3293,3293,Invoice,Refunded,581.16,2022-11-13
3294,3294,Bank Transfer,Paid,2472.28,2022-03-22
3295,3295,Card,Refunded,1126.96,2023-12-20
3296,3296,Invoice,Paid,1143.66,2025-11-04
3297,3297,PayPal,Paid,2173.31,2022-04-20
3298,3298,PayPal,Paid,243.74,2023-08-26
3299,3299,Invoice,Paid,454.29,2023-11-20
3300,3300,PayPal,Refunded,2510.53,2024-01-01
3301,3301,Card,Refunded,524.31,2022-03-25
3302,3302,Invoice,Paid,199.46,2022-09-16
3303,3303,PayPal,Paid,1102.84,2023-03-25
3304,3304,PayPal,Paid,649.87,2022-08-01
3305,3305,PayPal,Paid,906.78,2024-11-04
3306,3306,Card,Paid,1447.28,2022-07-07
3307,3307,Invoice,Paid,1756.26,2024-05-13
3308,3308,Card,Pending,762.81,2023-07-28
3309,3309,Bank Transfer,Paid,3355.26,2025-12-02
3310,3310,Card,Paid,769.29,2024-05-03
3311,3311,PayPal,Pending,1083.95,2024-07-27
3312,3312,Card,Paid,482.07,2022-09-29
3313,3313,Bank Transfer,Paid,462.44,2025-04-16
3314,3314,PayPal,Paid,185.14,2025-11-02
3315,3315,Invoice,Refunded,689.41,2024-12-29
3316,3316,Bank Transfer,Paid,929.46,2025-01-12
3317,3317,Bank Transfer,Paid,1401.98,2022-12-10
3318,3318,Bank Transfer,Paid,1383.19,2025-04-06
3319,3319,Card,Pending,213.17,2025-05-29
3320,3320,Card,Paid,115.83,2025-07-29
3321,3321,PayPal,Paid,1145.09,2024-12-06
3322,3322,Card,Paid,1891.75,2022-08-31
3323,3323,PayPal,Paid,600.5,2024-07-23
3324,3324,Invoice,Paid,2066.73,2023-07-07
3325,3325,Invoice,Paid,242.85,2022-11-28
3326,3326,Card,Paid,259.38,2025-08-24
3327,3327,Invoice,Paid,1742.6,2025-07-17
3328,3328,Invoice,Paid,461.9,2022-08-05
3329,3329,Invoice,Paid,2310.43,2022-12-22
3330,3330,PayPal,Pending,1188.34,2025-01-05
3331,3331,Card,Paid,631.84,2025-11-11
3332,3332,Invoice,Paid,1464.18,2025-09-13
3333,3333,Bank Transfer,Paid,1238.87,2023-12-20
3334,3334,Invoice,Paid,921.86,2023-08-04
3335,3335,Bank Transfer,Pending,2244.95,2025-10-24
3336,3336,Invoice,Paid,2585.33,2024-11-29
3337,3337,PayPal,Paid,814.83,2023-11-05
3338,3338,Bank Transfer,Paid,1355.53,2024-11-13
3339,3339,Invoice,Paid,1009.02,2023-08-16
3340,3340,Bank Transfer,Paid,1472.69,2024-02-24
3341,3341,Bank Transfer,Paid,1886.15,2024-10-29
3342,3342,Bank Transfer,Paid,2314.9,2025-06-23
3343,3343,Invoice,Paid,1269.74,2025-06-13
3344,3344,PayPal,Paid,2217.43,2022-06-26
3345,3345,Card,Paid,197.83,2025-11-13
3346,3346,Card,Paid,172.07,2025-12-12
3347,3347,Invoice,Paid,924.2,2022-09-25
3348,3348,Invoice,Paid,2036.38,2022-06-09
3349,3349,Card,Paid,1113.22,2024-03-23
3350,3350,Card,Refunded,1032.71,2023-04-07
3351,3351,Card,Paid,246.99,2024-09-21
3352,3352,Invoice,Paid,2037.08,2023-03-05
3353,3353,Bank Transfer,Paid,1007.34,2025-12-09
3354,3354,PayPal,Pending,339.58,2024-03-25
3355,3355,PayPal,Refunded,716.44,2025-05-03
3356,3356,Bank Transfer,Paid,3874.51,2025-06-03
3357,3357,PayPal,Paid,2349.0,2023-11-17
3358,3358,PayPal,Paid,498.38,2023-12-26
3359,3359,Bank Transfer,Pending,1769.29,2022-04-02
3360,3360,Invoice,Paid,1260.11,2024-01-03
3361,3361,Invoice,Pending,2112.7,2024-04-03
3362,3362,PayPal,Paid,485.6,2022-10-02
3363,3363,Card,Pending,1366.38,2022-03-14
3364,3364,Bank Transfer,Paid,2776.82,2023-07-29
3365,3365,Card,Paid,2061.08,2023-09-03
3366,3366,Card,Pending,1013.5,2025-11-09
3367,3367,PayPal,Paid,412.12,2022-10-01
3368,3368,Card,Paid,302.58,2023-01-02
3369,3369,PayPal,Refunded,1551.14,2024-11-09
3370,3370,Invoice,Pending,873.25,2022-02-19
3371,3371,Bank Transfer,Paid,1172.69,2024-08-10
3372,3372,Invoice,Paid,2659.97,2023-10-25
3373,3373,Card,Refunded,275.49,2024-07-31
3374,3374,Card,Paid,1219.5,2023-09-14
3375,3375,PayPal,Paid,92.48,2025-10-11
3376,3376,Card,Paid,3867.25,2024-09-10
3377,3377,Bank Transfer,Paid,1626.03,2025-03-11
3378,3378,Invoice,Paid,610.68,2025-08-04
3379,3379,Invoice,Paid,237.42,2025-12-02
3380,3380,Card,Paid,781.06,2025-01-28
3381,3381,Bank Transfer,Paid,1684.53,2025-12-25
3382,3382,Invoice,Paid,1092.1,2022-02-14
3383,3383,Bank Transfer,Paid,5786.45,2022-08-25
3384,3384,Card,Paid,233.47,2022-03-20
3385,3385,Bank Transfer,Paid,135.86,2022-10-21
3386,3386,PayPal,Pending,149.67,2022-04-24
3387,3387,PayPal,Paid,525.68,2022-05-25
3388,3388,Card,Paid,44.86,2022-10-27
3389,3389,Invoice,Paid,1095.52,2022-12-04
3390,3390,Bank Transfer,Paid,487.87,2025-02-14
3391,3391,PayPal,Pending,130.74,2025-06-10
3392,3392,Bank Transfer,Paid,1965.34,2023-04-20
3393,3393,Card,Paid,210.66,2025-07-15
3394,3394,Bank Transfer,Paid,1008.64,2023-03-26
3395,3395,Bank Transfer,Paid,1844.41,2022-01-13
3396,3396,Bank Transfer,Paid,971.74,2024-03-18
3397,3397,Bank Transfer,Paid,802.08,2025-08-02
3398,3398,PayPal,Paid,299.13,2025-05-25
3399,3399,PayPal,Paid,564.66,2022-08-30
3400,3400,PayPal,Pending,5136.15,2022-11-15
3401,3401,Bank Transfer,Refunded,401.26,2025-09-27
3402,3402,Card,Paid,299.59,2024-11-26
3403,3403,PayPal,Pending,1995.64,2023-11-29
3404,3404,Card,Paid,1250.37,2022-05-26
3405,3405,Bank Transfer,Paid,936.92,2022-08-05
3406,3406,PayPal,Paid,67.01,2024-09-04
3407,3407,Card,Paid,314.96,2022-06-28
3408,3408,PayPal,Pending,5427.14,2023-12-08
3409,3409,Invoice,Paid,734.43,2025-07-30
3410,3410,Bank Transfer,Paid,807.69,2024-01-28
3411,3411,Card,Paid,962.32,2025-12-02
3412,3412,Invoice,Paid,627.17,2022-07-31
3413,3413,Card,Paid,248.8,2022-07-18
3414,3414,PayPal,Paid,202.31,2023-07-12
3415,3415,Bank Transfer,Paid,465.87,2023-05-14
3416,3416,PayPal,Pending,653.25,2025-10-23
3417,3417,Invoice,Paid,1609.48,2023-11-09
3418,3418,PayPal,Paid,72.96,2024-04-27
3419,3419,Bank Transfer,Paid,1677.29,2024-04-29
3420,3420,Card,Pending,756.59,2025-08-22
3421,3421,Bank Transfer,Pending,1028.97,2023-02-20
3422,3422,PayPal,Paid,2114.82,2023-09-18
3423,3423,Card,Paid,454.29,2025-04-19
3424,3424,Card,Paid,136.58,2023-01-27
3425,3425,Card,Paid,720.83,2024-01-03
3426,3426,Bank Transfer,Paid,2145.66,2023-08-02
3427,3427,Card,Paid,793.27,2023-03-30
3428,3428,Bank Transfer,Paid,874.03,2022-07-12
3429,3429,Invoice,Paid,447.53,2022-08-01
3430,3430,Bank Transfer,Paid,1097.31,2024-06-01
3431,3431,Card,Paid,1349.54,2023-06-11
3432,3432,Card,Pending,443.88,2024-02-16
3433,3433,Invoice,Paid,1492.17,2024-04-13
3434,3434,Invoice,Pending,1237.02,2025-04-11
3435,3435,PayPal,Paid,755.73,2023-12-29
3436,3436,Bank Transfer,Pending,1303.4,2025-01-15
3437,3437,Bank Transfer,Paid,194.05,2025-01-09
3438,3438,Invoice,Refunded,850.27,2025-09-21
3439,3439,Invoice,Pending,235.0,2022-04-24
3440,3440,Invoice,Paid,3495.65,2025-02-19
3441,3441,Bank Transfer,Paid,3452.01,2023-12-24
3442,3442,Card,Pending,233.22,2024-09-16
3443,3443,Card,Paid,161.99,2022-09-20
3444,3444,PayPal,Pending,1552.2,2022-09-29
3445,3445,Invoice,Pending,1751.77,2025-10-25
3446,3446,Invoice,Paid,1289.08,2025-07-19
3447,3447,Bank Transfer,Pending,1544.7,2022-10-23
3448,3448,Bank Transfer,Pending,906.87,2025-05-24
3449,3449,Bank Transfer,Paid,2589.07,2023-07-06
3450,3450,Card,Paid,226.1,2025-10-18
3451,3451,Card,Paid,927.76,2024-08-25
3452,3452,PayPal,Paid,693.47,2022-04-01
3453,3453,Invoice,Pending,308.61,2024-10-24
3454,3454,Invoice,Refunded,1488.16,2022-07-18
3455,3455,Bank Transfer,Pending,228.57,2024-07-12
3456,3456,Invoice,Refunded,993.91,2023-02-20
3457,3457,Bank Transfer,Paid,90.38,2024-05-25
3458,3458,Invoice,Paid,54.78,2024-04-04
3459,3459,PayPal,Paid,2035.78,2025-12-07
3460,3460,Bank Transfer,Paid,881.05,2022-09-10
3461,3461,PayPal,Pending,947.45,2022-08-17
3462,3462,Card,Paid,948.38,2024-04-25
3463,3463,Invoice,Paid,1952.04,2024-11-13
3464,3464,Bank Transfer,Paid,986.54,2023-11-30
3465,3465,Bank Transfer,Paid,3262.84,2025-05-03
3466,3466,PayPal,Paid,1607.79,2023-01-06
3467,3467,Invoice,Refunded,128.45,2023-10-13
3468,3468,Card,Paid,1479.22,2023-07-29
3469,3469,Card,Paid,207.14,2024-06-20
3470,3470,Bank Transfer,Paid,373.75,2024-07-20
3471,3471,Invoice,Paid,1847.06,2024-06-23
3472,3472,Card,Paid,719.54,2025-03-28
3473,3473,PayPal,Paid,235.88,2022-08-05
3474,3474,Card,Paid,1481.65,2024-04-18
3475,3475,Card,Paid,580.98,2024-11-14
3476,3476,Invoice,Paid,598.63,2024-07-31
3477,3477,Card,Paid,181.8,2023-01-11
3478,3478,Card,Paid,1092.25,2022-12-04
3479,3479,Card,Paid,317.09,2025-08-23
3480,3480,Invoice,Paid,495.71,2022-08-24
3481,3481,PayPal,Paid,114.52,2025-06-10
3482,3482,PayPal,Paid,876.38,2025-02-04
3483,3483,Bank Transfer,Paid,933.55,2022-09-29
3484,3484,PayPal,Pending,2733.64,2025-11-10
3485,3485,Bank Transfer,Pending,163.9,2023-08-24
3486,3486,Invoice,Paid,412.13,2024-10-03
3487,3487,PayPal,Paid,635.36,2022-07-19
3488,3488,Bank Transfer,Paid,428.64,2024-08-25
3489,3489,Bank Transfer,Paid,444.74,2023-04-19
3490,3490,Bank Transfer,Paid,386.05,2025-12-09
3491,3491,Invoice,Paid,716.61,2024-12-24
3492,3492,Card,Pending,392.35,2024-03-19
3493,3493,PayPal,Refunded,1116.96,2023-05-18
3494,3494,PayPal,Refunded,552.25,2023-12-08
3495,3495,PayPal,Paid,3203.74,2022-03-12
3496,3496,Bank Transfer,Paid,502.74,2025-11-17
3497,3497,Card,Pending,442.34,2024-04-13
3498,3498,Invoice,Paid,1870.32,2025-11-29
3499,3499,Bank Transfer,Paid,1536.4,2024-10-15
3500,3500,Card,Paid,1327.27,2022-01-02
3501,3501,Card,Paid,236.2,2024-01-14
3502,3502,Bank Transfer,Refunded,145.88,2023-10-14
3503,3503,PayPal,Paid,1581.91,2023-11-28
3504,3504,PayPal,Paid,193.95,2025-05-27
3505,3505,PayPal,Paid,3416.37,2023-11-27
3506,3506,Invoice,Pending,611.78,2025-07-05
3507,3507,Card,Paid,1710.52,2023-10-29
3508,3508,Card,Paid,2817.6,2022-11-16
3509,3509,Bank Transfer,Refunded,177.25,2025-04-07
3510,3510,Card,Paid,787.24,2024-11-03
3511,3511,Bank Transfer,Paid,659.13,2024-07-06
3512,3512,Invoice,Paid,1517.45,2024-05-04
3513,3513,PayPal,Paid,1109.6,2025-11-13
3514,3514,Card,Paid,1030.74,2023-11-07
3515,3515,Card,Paid,2350.37,2025-12-01
3516,3516,Bank Transfer,Paid,2532.0,2024-06-24
3517,3517,Card,Paid,170.68,2022-05-28
3518,3518,PayPal,Paid,499.58,2023-05-21
3519,3519,PayPal,Paid,672.91,2025-09-28
3520,3520,PayPal,Paid,1896.11,2022-12-21
3521,3521,Invoice,Paid,872.95,2024-04-29
3522,3522,Invoice,Paid,358.44,2025-08-10
3523,3523,Bank Transfer,Paid,796.64,2023-06-16
3524,3524,Card,Paid,970.39,2022-05-01
3525,3525,Card,Paid,2503.4,2024-09-16
3526,3526,Bank Transfer,Paid,1098.41,2022-03-20
3527,3527,PayPal,Paid,929.95,2022-10-30
3528,3528,PayPal,Paid,1687.64,2022-11-18
3529,3529,Card,Paid,558.62,2025-12-17
3530,3530,Invoice,Paid,827.3,2024-05-29
3531,3531,Bank Transfer,Paid,1758.22,2024-10-16
3532,3532,Card,Refunded,1800.64,2025-12-31
3533,3533,Bank Transfer,Pending,641.21,2025-12-22
3534,3534,Invoice,Paid,960.07,2024-05-27
3535,3535,Invoice,Paid,1310.78,2025-01-02
3536,3536,Bank Transfer,Paid,752.7,2023-10-12
3537,3537,PayPal,Paid,692.78,2024-10-03
3538,3538,PayPal,Paid,318.57,2022-12-12
3539,3539,PayPal,Paid,1470.03,2025-08-28
3540,3540,Invoice,Paid,1739.65,2025-12-05
3541,3541,PayPal,Refunded,790.72,2024-04-05
3542,3542,PayPal,Paid,2365.62,2024-04-04
3543,3543,Invoice,Pending,1524.16,2022-07-18
3544,3544,Card,Paid,3089.67,2025-01-04
3545,3545,Card,Pending,1282.23,2024-10-14
3546,3546,Card,Paid,3331.83,2022-11-22
3547,3547,PayPal,Pending,2697.12,2022-09-30
3548,3548,Bank Transfer,Paid,4220.32,2022-07-03
3549,3549,Card,Paid,260.36,2024-12-04
3550,3550,Card,Paid,89.68,2023-05-27
3551,3551,Invoice,Paid,1194.16,2024-06-10
3552,3552,Invoice,Paid,3803.58,2024-01-12
3553,3553,PayPal,Paid,2010.46,2022-05-17
3554,3554,Bank Transfer,Paid,1625.53,2024-04-05
3555,3555,Card,Paid,1798.8,2022-08-21
3556,3556,PayPal,Paid,1591.88,2024-06-08
3557,3557,Card,Paid,1210.11,2024-09-30
3558,3558,PayPal,Paid,2808.57,2025-12-19
3559,3559,Invoice,Pending,883.26,2023-02-24
3560,3560,PayPal,Paid,660.31,2023-12-22
3561,3561,PayPal,Paid,321.73,2022-01-02
3562,3562,Bank Transfer,Paid,2490.47,2022-02-14
3563,3563,PayPal,Paid,1678.74,2023-05-13
3564,3564,PayPal,Paid,1334.18,2022-06-09
3565,3565,Invoice,Paid,2139.96,2024-03-16
3566,3566,Bank Transfer,Paid,3098.83,2023-12-15
3567,3567,Card,Paid,728.0,2024-10-17
3568,3568,Invoice,Paid,980.46,2025-04-30
3569,3569,PayPal,Paid,71.06,2024-11-04
3570,3570,Bank Transfer,Pending,1473.36,2022-07-04
3571,3571,PayPal,Paid,1849.13,2025-11-05
3572,3572,Card,Paid,266.8,2023-04-30
3573,3573,Bank Transfer,Paid,453.3,2022-03-10
3574,3574,Invoice,Pending,454.3,2024-06-06
3575,3575,Bank Transfer,Paid,1898.78,2023-12-07
3576,3576,Card,Paid,390.14,2022-02-22
3577,3577,Bank Transfer,Paid,2479.09,2024-12-21
3578,3578,PayPal,Paid,730.0,2023-07-29
3579,3579,Card,Paid,1932.16,2025-06-29
3580,3580,Invoice,Pending,2028.44,2023-09-23
3581,3581,PayPal,Pending,186.74,2025-02-24
3582,3582,Invoice,Paid,1219.43,2024-08-11
3583,3583,Card,Pending,613.04,2023-11-06
3584,3584,Card,Paid,742.16,2022-08-18
3585,3585,Bank Transfer,Paid,1558.31,2023-06-15
3586,3586,PayPal,Paid,382.53,2025-06-14
3587,3587,PayPal,Paid,1610.53,2022-04-30
3588,3588,Card,Paid,691.63,2025-08-23
3589,3589,Bank Transfer,Paid,2013.9,2024-01-13
3590,3590,Bank Transfer,Refunded,2226.43,2022-05-21
3591,3591,Bank Transfer,Refunded,42.34,2022-04-11
3592,3592,Invoice,Pending,1139.04,2023-05-25
3593,3593,Invoice,Paid,614.22,2024-05-31
3594,3594,PayPal,Pending,1543.48,2022-09-06
3595,3595,PayPal,Paid,476.51,2025-12-15
3596,3596,Card,Paid,1310.04,2023-12-03
3597,3597,Invoice,Paid,414.86,2022-03-08
3598,3598,PayPal,Pending,1438.23,2025-02-07
3599,3599,PayPal,Paid,445.83,2025-11-10
3600,3600,Bank Transfer,Pending,158.62,2024-08-25
3601,3601,Invoice,Paid,1036.78,2023-03-22
3602,3602,PayPal,Paid,638.03,2024-02-20
3603,3603,Bank Transfer,Paid,1648.13,2023-05-31
3604,3604,Invoice,Paid,1009.16,2024-01-08
3605,3605,PayPal,Paid,1042.5,2023-04-28
3606,3606,Bank Transfer,Paid,2433.09,2023-04-25
3607,3607,Bank Transfer,Paid,209.56,2022-07-22
3608,3608,Card,Pending,1656.63,2024-07-31
3609,3609,Card,Paid,1022.47,2025-05-18
3610,3610,Invoice,Paid,467.07,2025-03-14
3611,3611,Card,Paid,3570.17,2022-05-15
3612,3612,PayPal,Pending,422.68,2023-02-15
3613,3613,Bank Transfer,Pending,539.79,2025-01-14
3614,3614,PayPal,Paid,238.03,2025-05-28
3615,3615,Card,Paid,1113.1,2024-10-27
3616,3616,Invoice,Paid,424.59,2025-08-28
3617,3617,Invoice,Paid,646.97,2024-04-30
3618,3618,Card,Paid,661.99,2024-10-11
3619,3619,PayPal,Pending,2553.59,2022-02-12
3620,3620,Bank Transfer,Paid,5977.26,2024-04-21
3621,3621,Invoice,Paid,1698.14,2022-06-16
3622,3622,Invoice,Paid,1384.51,2023-04-28
3623,3623,PayPal,Paid,1531.52,2024-02-23
3624,3624,Invoice,Pending,301.19,2022-07-23
3625,3625,PayPal,Paid,2266.79,2022-04-06
3626,3626,Bank Transfer,Paid,2263.48,2023-12-03
3627,3627,Card,Paid,711.54,2025-05-24
3628,3628,Card,Paid,1358.65,2022-01-22
3629,3629,Card,Pending,171.82,2024-06-02
3630,3630,PayPal,Paid,1025.18,2022-10-28
3631,3631,Card,Paid,2640.88,2022-07-06
3632,3632,Invoice,Paid,1265.33,2024-11-07
3633,3633,Bank Transfer,Pending,612.61,2022-12-12
3634,3634,Card,Paid,1282.86,2022-12-06
3635,3635,PayPal,Refunded,1082.35,2023-05-05
3636,3636,Invoice,Pending,49.41,2023-12-08
3637,3637,Bank Transfer,Paid,1940.51,2023-03-06
3638,3638,PayPal,Pending,240.52,2023-12-21
3639,3639,PayPal,Paid,724.69,2022-02-06
3640,3640,Bank Transfer,Paid,1952.09,2022-02-01
3641,3641,Card,Paid,1277.06,2025-02-04
3642,3642,Bank Transfer,Paid,272.34,2023-09-28
3643,3643,Bank Transfer,Paid,3443.21,2024-10-10
3644,3644,Invoice,Paid,1199.94,2023-11-13
3645,3645,Invoice,Paid,851.81,2024-08-26
3646,3646,PayPal,Pending,472.36,2025-11-28
3647,3647,Bank Transfer,Paid,911.93,2022-05-12
3648,3648,Invoice,Paid,1636.57,2025-05-12
3649,3649,PayPal,Refunded,2425.26,2023-03-25
3650,3650,PayPal,Pending,2481.74,2022-08-30
3651,3651,Invoice,Pending,50.25,2025-06-05
3652,3652,PayPal,Pending,1175.42,2022-10-16
3653,3653,Invoice,Paid,378.88,2022-05-04
3654,3654,Card,Paid,806.06,2023-10-30
3655,3655,PayPal,Paid,71.53,2023-06-14
3656,3656,PayPal,Paid,595.56,2023-08-27
3657,3657,Card,Paid,940.84,2025-09-30
3658,3658,Card,Paid,2595.55,2023-08-05
3659,3659,Bank Transfer,Paid,260.19,2024-12-30
3660,3660,PayPal,Refunded,1797.32,2023-06-30
3661,3661,PayPal,Paid,1038.48,2024-08-28
3662,3662,Invoice,Paid,1292.62,2022-11-01
3663,3663,Invoice,Paid,971.31,2025-07-07
3664,3664,PayPal,Paid,1731.47,2025-04-28
3665,3665,Bank Transfer,Pending,2702.72,2022-02-06
3666,3666,Bank Transfer,Paid,407.2,2025-02-08
3667,3667,Invoice,Paid,19.85,2024-01-17
3668,3668,Card,Paid,2180.75,2022-12-26
3669,3669,PayPal,Paid,1081.91,2023-09-20
3670,3670,Card,Paid,143.29,2023-12-12
3671,3671,Card,Paid,225.01,2024-08-07
3672,3672,Invoice,Paid,219.47,2022-11-04
3673,3673,Invoice,Paid,1299.35,2025-09-27
3674,3674,PayPal,Pending,217.36,2025-06-23
3675,3675,Card,Paid,1593.44,2023-12-28
3676,3676,Bank Transfer,Paid,392.96,2025-10-24
3677,3677,Card,Pending,599.62,2024-05-11
3678,3678,Invoice,Paid,2662.45,2022-05-16
3679,3679,Invoice,Pending,1634.57,2024-07-25
3680,3680,Bank Transfer,Paid,339.6,2022-03-06
3681,3681,Card,Paid,1409.53,2022-12-25
3682,3682,PayPal,Paid,2087.68,2023-11-22
3683,3683,Bank Transfer,Paid,194.22,2023-12-20
3684,3684,Card,Paid,274.07,2025-05-19
3685,3685,PayPal,Paid,193.4,2023-09-29
3686,3686,Bank Transfer,Pending,278.65,2024-05-27
3687,3687,Card,Paid,893.17,2022-12-06
3688,3688,PayPal,Paid,598.77,2025-05-05
3689,3689,PayPal,Paid,765.64,2022-06-21
3690,3690,Invoice,Paid,296.52,2022-12-05
3691,3691,Bank Transfer,Paid,1878.0,2024-03-24
3692,3692,Card,Paid,875.32,2023-03-14
3693,3693,Bank Transfer,Paid,386.32,2025-10-25
3694,3694,Card,Paid,2458.95,2022-11-10
3695,3695,Card,Paid,115.12,2025-01-11
3696,3696,PayPal,Refunded,401.74,2022-05-19
3697,3697,Invoice,Paid,1842.72,2023-07-23
3698,3698,Card,Pending,811.4,2022-10-23
3699,3699,Card,Pending,2758.27,2024-10-17
3700,3700,Card,Pending,61.13,2024-01-29
3701,3701,Card,Pending,1080.36,2022-07-23
3702,3702,Card,Paid,648.19,2022-03-27
3703,3703,PayPal,Pending,783.54,2025-08-31
3704,3704,PayPal,Pending,1175.26,2025-10-21
3705,3705,PayPal,Paid,406.4,2024-03-20
3706,3706,PayPal,Paid,2258.82,2025-06-26
3707,3707,PayPal,Pending,2242.17,2022-10-29
3708,3708,Bank Transfer,Paid,6531.25,2023-09-19
3709,3709,Bank Transfer,Paid,91.04,2023-03-17
3710,3710,PayPal,Paid,2138.9,2024-10-24
3711,3711,Invoice,Paid,374.21,2025-11-08
3712,3712,Card,Paid,608.31,2022-11-10
3713,3713,Invoice,Paid,1589.82,2023-12-05
3714,3714,Invoice,Refunded,1185.56,2025-11-28
3715,3715,PayPal,Paid,215.28,2024-07-29
3716,3716,Card,Pending,128.39,2025-10-07
3717,3717,Invoice,Pending,2131.6,2025-07-31
3718,3718,Card,Paid,793.42,2024-03-12
3719,3719,Card,Paid,120.07,2022-12-04
3720,3720,Invoice,Pending,495.83,2025-09-12
3721,3721,PayPal,Paid,879.06,2023-02-27
3722,3722,PayPal,Refunded,1179.74,2025-02-10
3723,3723,Invoice,Paid,735.85,2022-12-12
3724,3724,PayPal,Paid,941.89,2025-11-01
3725,3725,PayPal,Pending,722.89,2025-08-26
3726,3726,Invoice,Paid,99.59,2025-04-11
3727,3727,Card,Paid,1254.62,2025-08-27
3728,3728,Card,Paid,2272.59,2025-11-04
3729,3729,Invoice,Paid,833.85,2024-11-07
3730,3730,Card,Paid,1164.36,2024-06-11
3731,3731,Invoice,Pending,283.59,2022-04-04
3732,3732,Invoice,Paid,1723.03,2022-09-25
3733,3733,Card,Paid,1759.82,2024-04-21
3734,3734,Invoice,Paid,1036.56,2022-11-21
3735,3735,Invoice,Paid,817.04,2025-09-26
3736,3736,Bank Transfer,Paid,3210.46,2023-07-06
3737,3737,PayPal,Paid,1967.53,2024-07-28
3738,3738,Invoice,Pending,2996.31,2024-05-16
3739,3739,Bank Transfer,Refunded,559.66,2024-02-24
3740,3740,PayPal,Paid,1423.75,2025-11-22
3741,3741,Card,Paid,1600.91,2025-10-11
3742,3742,Card,Refunded,360.67,2025-11-30
3743,3743,Invoice,Paid,529.07,2025-05-29
3744,3744,PayPal,Paid,1327.12,2025-07-18
3745,3745,Bank Transfer,Paid,451.74,2023-03-13
3746,3746,Invoice,Paid,2049.39,2022-09-22
3747,3747,Card,Paid,1904.79,2025-02-08
3748,3748,PayPal,Paid,625.55,2025-06-18
3749,3749,Card,Pending,3500.7,2024-04-27
3750,3750,Card,Paid,1217.53,2025-12-13
3751,3751,Card,Paid,1002.65,2024-12-29
3752,3752,Card,Paid,989.73,2022-03-06
3753,3753,PayPal,Paid,1049.14,2024-11-13
3754,3754,Invoice,Paid,2901.36,2022-03-08
3755,3755,Card,Paid,3078.5,2024-05-17
3756,3756,Card,Paid,527.11,2023-06-27
3757,3757,Bank Transfer,Paid,1506.03,2024-01-09
3758,3758,Card,Paid,2206.55,2025-10-02
3759,3759,Bank Transfer,Paid,289.51,2024-07-27
3760,3760,Invoice,Refunded,790.98,2024-08-06
3761,3761,Invoice,Paid,3369.91,2024-09-10
3762,3762,Card,Pending,860.23,2025-06-22
3763,3763,Bank Transfer,Paid,588.02,2022-03-24
3764,3764,Invoice,Pending,650.21,2022-05-23
3765,3765,Bank Transfer,Paid,693.75,2025-12-25
3766,3766,Invoice,Paid,2375.09,2022-10-09
3767,3767,Card,Paid,1226.56,2022-11-11
3768,3768,Invoice,Paid,471.19,2023-08-20
3769,3769,Card,Paid,499.45,2023-11-30
3770,3770,Bank Transfer,Paid,679.18,2025-06-02
3771,3771,PayPal,Paid,816.66,2024-03-16
3772,3772,Invoice,Paid,684.14,2025-12-17
3773,3773,Card,Paid,448.15,2025-10-09
3774,3774,Bank Transfer,Paid,1161.99,2023-05-01
3775,3775,PayPal,Pending,392.67,2025-08-18
3776,3776,Bank Transfer,Paid,606.75,2022-02-10
3777,3777,PayPal,Paid,316.38,2024-08-09
3778,3778,Card,Paid,978.51,2024-07-21
3779,3779,Invoice,Paid,943.31,2025-06-28
3780,3780,PayPal,Refunded,240.47,2023-11-19
3781,3781,PayPal,Paid,1928.34,2023-06-29
3782,3782,PayPal,Pending,333.73,2022-12-01
3783,3783,PayPal,Paid,982.06,2022-11-03
3784,3784,PayPal,Paid,937.69,2022-11-13
3785,3785,Invoice,Paid,1179.23,2024-07-28
3786,3786,Bank Transfer,Paid,131.94,2025-03-28
3787,3787,Card,Paid,2957.9,2024-06-22
3788,3788,Card,Pending,631.74,2023-06-23
3789,3789,Card,Pending,366.25,2022-06-29
3790,3790,Bank Transfer,Pending,1279.59,2022-12-27
3791,3791,PayPal,Pending,196.65,2022-08-04
3792,3792,PayPal,Paid,712.61,2022-09-25
3793,3793,PayPal,Paid,795.99,2024-10-04
3794,3794,PayPal,Paid,1487.72,2024-06-08
3795,3795,Invoice,Paid,531.42,2023-08-07
3796,3796,Invoice,Paid,988.68,2024-04-03
3797,3797,PayPal,Paid,588.52,2025-08-12
3798,3798,Bank Transfer,Pending,838.49,2023-09-03
3799,3799,Bank Transfer,Paid,334.23,2025-05-15
3800,3800,Card,Paid,3671.35,2023-03-26
3801,3801,PayPal,Refunded,497.82,2025-07-01
3802,3802,PayPal,Paid,696.72,2025-04-09
3803,3803,Bank Transfer,Pending,69.73,2023-04-24
3804,3804,PayPal,Paid,1985.98,2022-09-02
3805,3805,PayPal,Paid,2079.58,2025-01-13
3806,3806,Invoice,Paid,1047.69,2024-04-10
3807,3807,PayPal,Paid,1388.61,2025-08-15
3808,3808,Card,Paid,230.1,2024-12-28
3809,3809,Card,Paid,2405.85,2025-10-17
3810,3810,Bank Transfer,Refunded,1268.4,2024-12-25
3811,3811,Invoice,Pending,3005.84,2025-05-14
3812,3812,Card,Paid,674.36,2025-07-18
3813,3813,Invoice,Paid,1022.23,2022-09-04
3814,3814,Invoice,Paid,1110.24,2024-09-13
3815,3815,Invoice,Refunded,1615.43,2023-07-23
3816,3816,Invoice,Paid,372.2,2024-01-20
3817,3817,Card,Refunded,530.82,2024-07-01
3818,3818,Bank Transfer,Paid,947.1,2023-02-21
3819,3819,Card,Paid,1433.39,2022-09-29
3820,3820,Bank Transfer,Paid,526.76,2023-06-17
3821,3821,Bank Transfer,Paid,483.87,2024-12-22
3822,3822,PayPal,Paid,289.14,2022-10-14
3823,3823,Card,Paid,2091.04,2024-10-26
3824,3824,Bank Transfer,Refunded,3845.18,2022-08-20
3825,3825,Bank Transfer,Paid,1333.4,2022-04-15
3826,3826,Card,Paid,247.0,2024-11-09
3827,3827,Card,Pending,1126.61,2025-08-31
3828,3828,PayPal,Pending,598.48,2024-08-22
3829,3829,Card,Paid,266.41,2022-10-07
3830,3830,Card,Pending,3065.2,2024-09-26
3831,3831,PayPal,Paid,1552.45,2023-06-13
3832,3832,Invoice,Paid,2013.58,2025-08-11
3833,3833,Bank Transfer,Paid,1997.77,2023-08-01
3834,3834,Bank Transfer,Pending,1196.84,2023-07-07
3835,3835,Card,Paid,1567.7,2025-10-13
3836,3836,Card,Paid,218.7,2024-01-12
3837,3837,Bank Transfer,Paid,367.28,2025-11-19
3838,3838,Bank Transfer,Paid,144.52,2025-01-08
3839,3839,Invoice,Paid,807.62,2024-06-28
3840,3840,Bank Transfer,Paid,2815.94,2024-11-28
3841,3841,Bank Transfer,Paid,1082.75,2023-03-05
3842,3842,Card,Paid,504.32,2023-10-31
3843,3843,Bank Transfer,Paid,860.98,2025-06-08
3844,3844,PayPal,Refunded,2247.87,2023-07-31
3845,3845,Invoice,Paid,918.84,2024-10-17
3846,3846,Card,Paid,1591.67,2022-10-08
3847,3847,PayPal,Paid,1492.71,2024-10-13
3848,3848,PayPal,Paid,263.8,2024-12-19
3849,3849,Invoice,Paid,118.44,2023-11-16
3850,3850,PayPal,Refunded,1456.37,2025-08-28
3851,3851,Invoice,Paid,2066.42,2023-02-22
3852,3852,PayPal,Paid,482.23,2025-06-19
3853,3853,Card,Paid,1319.63,2023-02-02
3854,3854,Card,Pending,350.31,2022-10-03
3855,3855,Card,Paid,1445.21,2022-04-07
3856,3856,PayPal,Paid,264.25,2022-10-17
3857,3857,PayPal,Paid,1418.11,2022-03-20
3858,3858,PayPal,Paid,166.32,2022-08-03
3859,3859,Card,Paid,407.3,2023-11-08
3860,3860,Card,Paid,1734.94,2023-01-17
3861,3861,Card,Pending,1002.08,2022-10-29
3862,3862,PayPal,Pending,722.33,2025-11-09
3863,3863,PayPal,Paid,259.75,2022-01-15
3864,3864,Bank Transfer,Paid,1454.48,2024-10-23
3865,3865,Invoice,Paid,705.58,2024-05-18
3866,3866,Invoice,Paid,729.42,2022-01-18
3867,3867,PayPal,Pending,46.57,2024-08-09
3868,3868,Invoice,Pending,1605.35,2023-09-20
3869,3869,Invoice,Paid,1705.94,2022-12-12
3870,3870,Invoice,Paid,2928.94,2025-12-03
3871,3871,Invoice,Paid,255.8,2025-03-03
3872,3872,PayPal,Paid,2511.9,2022-07-10
3873,3873,Card,Pending,1709.68,2023-02-16
3874,3874,Invoice,Paid,290.62,2025-10-01
3875,3875,Bank Transfer,Pending,604.59,2024-03-06
3876,3876,Bank Transfer,Paid,400.14,2024-11-10
3877,3877,Bank Transfer,Paid,1007.16,2023-02-09
3878,3878,PayPal,Paid,1048.88,2024-07-16
3879,3879,PayPal,Paid,2177.67,2023-10-11
3880,3880,Invoice,Pending,1051.48,2023-04-03
3881,3881,Card,Paid,2125.66,2024-09-28
3882,3882,Invoice,Paid,1325.13,2025-12-15
3883,3883,Bank Transfer,Paid,2406.29,2022-04-17
3884,3884,PayPal,Pending,4280.1,2023-02-12
3885,3885,PayPal,Paid,2181.49,2025-01-27
3886,3886,Bank Transfer,Paid,1805.71,2025-04-10
3887,3887,Card,Paid,1323.67,2023-11-14
3888,3888,Card,Refunded,499.28,2025-11-11
3889,3889,Card,Paid,1009.42,2022-09-18
3890,3890,Bank Transfer,Paid,2297.88,2025-09-30
3891,3891,PayPal,Paid,1068.92,2022-09-25
3892,3892,Invoice,Paid,194.88,2024-12-02
3893,3893,Invoice,Paid,741.37,2024-05-29
3894,3894,PayPal,Paid,321.69,2023-01-29
3895,3895,Card,Paid,1332.49,2022-04-07
3896,3896,PayPal,Paid,275.91,2025-08-12
3897,3897,Invoice,Paid,1244.26,2023-11-14
3898,3898,Invoice,Pending,1068.09,2022-12-12
3899,3899,Bank Transfer,Paid,287.23,2024-06-18
3900,3900,PayPal,Pending,173.32,2022-10-04
3901,3901,Bank Transfer,Refunded,3119.12,2022-01-07
3902,3902,Bank Transfer,Paid,990.72,2023-10-02
3903,3903,Bank Transfer,Paid,1195.62,2024-11-16
3904,3904,PayPal,Paid,1401.53,2023-12-23
3905,3905,Invoice,Paid,3540.31,2023-02-25
3906,3906,Bank Transfer,Paid,1254.54,2025-11-23
3907,3907,Bank Transfer,Pending,2221.8,2023-08-14
3908,3908,Card,Paid,1322.96,2024-12-21
3909,3909,Bank Transfer,Refunded,270.12,2022-05-07
3910,3910,PayPal,Paid,702.13,2023-08-26
3911,3911,Invoice,Paid,1283.08,2022-12-17
3912,3912,Invoice,Paid,1268.78,2025-04-26
3913,3913,Bank Transfer,Paid,128.38,2024-12-30
3914,3914,PayPal,Refunded,1267.14,2025-11-13
3915,3915,Invoice,Paid,589.35,2023-01-28
3916,3916,Bank Transfer,Paid,507.56,2023-05-16
3917,3917,Invoice,Pending,234.23,2022-03-05
3918,3918,Invoice,Paid,1454.94,2022-11-30
3919,3919,Invoice,Paid,463.27,2025-04-08
3920,3920,PayPal,Paid,829.58,2022-08-08
3921,3921,Card,Paid,493.33,2025-10-31
3922,3922,Card,Paid,1356.56,2023-12-10
3923,3923,Invoice,Paid,1109.95,2022-06-24
3924,3924,PayPal,Paid,1386.77,2023-04-27
3925,3925,PayPal,Paid,790.45,2022-04-04
3926,3926,Card,Pending,632.12,2023-04-24
3927,3927,PayPal,Paid,103.67,2024-08-28
3928,3928,Bank Transfer,Refunded,373.12,2023-11-12
3929,3929,PayPal,Paid,2301.71,2024-09-08
3930,3930,Card,Paid,268.79,2024-10-03
3931,3931,Card,Paid,2434.82,2024-09-23
3932,3932,Bank Transfer,Paid,125.14,2025-05-15
3933,3933,Bank Transfer,Paid,345.27,2022-12-06
3934,3934,Card,Pending,470.97,2023-03-06
3935,3935,Bank Transfer,Paid,50.35,2024-11-22
3936,3936,Card,Paid,1879.32,2025-12-25
3937,3937,PayPal,Paid,1987.08,2022-05-01
3938,3938,Bank Transfer,Paid,1169.96,2022-07-19
3939,3939,Bank Transfer,Paid,887.06,2024-04-22
3940,3940,Bank Transfer,Paid,888.16,2024-12-05
3941,3941,Bank Transfer,Paid,1378.5,2024-07-04
3942,3942,PayPal,Paid,1568.26,2023-06-25
3943,3943,Bank Transfer,Paid,1011.51,2023-05-14
3944,3944,Card,Paid,82.12,2022-09-05
3945,3945,Card,Paid,446.28,2022-02-19
3946,3946,Card,Paid,701.0,2023-10-20
3947,3947,Card,Paid,229.07,2022-12-26
3948,3948,PayPal,Pending,316.64,2022-03-19
3949,3949,Bank Transfer,Paid,824.87,2025-05-10
3950,3950,PayPal,Pending,521.55,2025-07-12
3951,3951,PayPal,Paid,1400.27,2023-12-03
3952,3952,Invoice,Paid,1520.45,2024-04-18
3953,3953,Invoice,Pending,1019.0,2023-11-12
3954,3954,Invoice,Paid,1106.68,2023-02-02
3955,3955,PayPal,Paid,237.73,2023-11-22
3956,3956,Card,Paid,1834.64,2023-11-13
3957,3957,Invoice,Paid,1592.92,2023-03-20
3958,3958,PayPal,Paid,1927.8,2022-05-17
3959,3959,Card,Pending,446.96,2022-04-06
3960,3960,Bank Transfer,Paid,206.57,2022-04-15
3961,3961,Invoice,Paid,947.73,2022-03-28
3962,3962,PayPal,Paid,2187.55,2023-03-28
3963,3963,Card,Pending,1261.29,2022-12-08
3964,3964,Bank Transfer,Paid,1896.04,2025-11-24
3965,3965,Card,Paid,1693.14,2023-06-16
3966,3966,Invoice,Paid,152.56,2025-08-16
3967,3967,Invoice,Paid,738.22,2022-12-12
3968,3968,Card,Paid,4085.37,2023-03-30
3969,3969,Bank Transfer,Paid,610.39,2024-06-22
3970,3970,Card,Pending,3537.63,2024-09-14
3971,3971,Bank Transfer,Paid,1032.92,2023-07-02
3972,3972,Bank Transfer,Paid,25.98,2022-06-15
3973,3973,Invoice,Paid,496.43,2022-03-14
3974,3974,PayPal,Pending,239.78,2023-12-18
3975,3975,Invoice,Paid,175.27,2025-04-29
3976,3976,PayPal,Pending,332.9,2022-04-14
3977,3977,Card,Refunded,301.74,2022-03-04
3978,3978,Card,Paid,4021.32,2022-06-01
3979,3979,Bank Transfer,Paid,47.92,2024-08-22
3980,3980,Card,Paid,328.46,2023-12-15
3981,3981,Card,Refunded,71.18,2024-07-27
3982,3982,Invoice,Pending,2072.31,2022-06-03
3983,3983,Card,Paid,607.77,2025-09-05
3984,3984,PayPal,Paid,171.35,2022-09-06
3985,3985,Invoice,Refunded,1177.12,2025-12-28
3986,3986,Invoice,Paid,1771.78,2024-03-20
3987,3987,Invoice,Paid,2093.19,2025-08-24
3988,3988,Bank Transfer,Paid,342.75,2025-10-14
3989,3989,Bank Transfer,Pending,1541.92,2025-09-15
3990,3990,Invoice,Paid,226.16,2023-12-06
3991,3991,Invoice,Paid,121.37,2023-09-11
3992,3992,Bank Transfer,Pending,888.2,2025-06-24
3993,3993,Invoice,Paid,1287.91,2022-04-21
3994,3994,PayPal,Paid,1662.29,2023-11-08
3995,3995,Invoice,Paid,2100.39,2023-01-27
3996,3996,Bank Transfer,Paid,344.77,2025-04-21
3997,3997,PayPal,Paid,2065.11,2023-03-27
3998,3998,PayPal,Paid,2505.73,2025-12-09
3999,3999,PayPal,Paid,929.52,2023-05-13
4000,4000,Bank Transfer,Paid,615.81,2024-08-09
4001,4001,PayPal,Refunded,55.8,2024-04-25
4002,4002,Bank Transfer,Paid,1529.28,2024-08-30
4003,4003,Card,Paid,398.32,2024-03-01
4004,4004,Bank Transfer,Paid,2596.74,2025-12-30
4005,4005,Card,Pending,187.2,2022-12-12
4006,4006,Invoice,Paid,1755.74,2023-11-22
4007,4007,Bank Transfer,Paid,331.27,2025-05-17
4008,4008,Card,Paid,1539.03,2025-04-11
4009,4009,PayPal,Paid,224.07,2025-06-07
4010,4010,PayPal,Paid,1921.24,2023-08-25
4011,4011,Card,Paid,136.96,2024-05-17
4012,4012,PayPal,Paid,1252.51,2023-05-28
4013,4013,Card,Paid,4363.21,2022-04-15
4014,4014,PayPal,Paid,2656.44,2025-05-13
4015,4015,PayPal,Paid,1391.92,2022-04-15
4016,4016,PayPal,Paid,1013.86,2025-12-03
4017,4017,Card,Paid,1491.33,2023-05-15
4018,4018,Bank Transfer,Paid,1333.85,2024-10-30
4019,4019,Invoice,Refunded,1898.93,2023-11-13
4020,4020,Bank Transfer,Paid,1951.71,2023-06-20
4021,4021,Invoice,Pending,470.59,2022-10-29
4022,4022,PayPal,Pending,653.53,2022-06-22
4023,4023,PayPal,Paid,235.5,2025-10-08
4024,4024,Card,Paid,261.9,2025-02-03
4025,4025,Card,Paid,46.55,2025-08-25
4026,4026,PayPal,Pending,169.55,2024-05-02
4027,4027,Invoice,Paid,1736.05,2022-09-25
4028,4028,Bank Transfer,Paid,78.1,2024-04-04
4029,4029,Invoice,Paid,712.48,2023-10-02
4030,4030,Invoice,Pending,361.77,2025-07-02
4031,4031,Card,Paid,1132.64,2023-03-13
4032,4032,Invoice,Paid,365.46,2024-07-27
4033,4033,Bank Transfer,Paid,627.52,2025-12-11
4034,4034,Bank Transfer,Paid,918.5,2023-06-18
4035,4035,Invoice,Paid,1377.35,2023-09-29
4036,4036,Invoice,Paid,919.45,2022-09-01
4037,4037,Invoice,Paid,2071.45,2023-11-27
4038,4038,Bank Transfer,Paid,791.18,2025-09-27
4039,4039,Bank Transfer,Paid,363.71,2024-10-30
4040,4040,Bank Transfer,Pending,996.26,2022-12-30
4041,4041,Invoice,Paid,2963.33,2022-06-04
4042,4042,Invoice,Paid,1882.16,2024-07-27
4043,4043,PayPal,Paid,488.62,2022-07-07
4044,4044,Card,Paid,818.54,2024-10-18
4045,4045,Card,Paid,2462.64,2023-01-11
4046,4046,Bank Transfer,Paid,478.04,2022-03-26
4047,4047,PayPal,Paid,1167.9,2025-06-02
4048,4048,Card,Paid,819.17,2023-02-14
4049,4049,Card,Paid,361.93,2022-08-18
4050,4050,PayPal,Paid,237.28,2023-06-25
4051,4051,Bank Transfer,Paid,65.07,2024-02-10
4052,4052,Invoice,Paid,558.85,2022-11-27
4053,4053,PayPal,Paid,754.42,2023-03-13
4054,4054,Bank Transfer,Paid,1039.04,2022-05-04
4055,4055,Bank Transfer,Paid,678.43,2023-02-05
4056,4056,Bank Transfer,Paid,967.65,2022-10-05
4057,4057,Invoice,Paid,1310.58,2025-03-08
4058,4058,Card,Paid,546.87,2024-10-10
4059,4059,Invoice,Paid,197.75,2022-12-13
4060,4060,Card,Pending,1424.15,2025-03-24
4061,4061,Card,Paid,1699.77,2022-04-26
4062,4062,Bank Transfer,Paid,289.69,2022-04-09
4063,4063,Bank Transfer,Paid,1518.18,2022-08-05
4064,4064,Bank Transfer,Paid,30.52,2025-12-10
4065,4065,PayPal,Paid,832.13,2025-05-19
4066,4066,Card,Pending,1154.05,2023-11-15
4067,4067,Invoice,Paid,487.54,2022-06-19
4068,4068,Card,Paid,203.5,2025-11-01
4069,4069,PayPal,Paid,348.27,2024-10-30
4070,4070,Bank Transfer,Paid,2048.25,2024-06-30
4071,4071,Card,Paid,2907.1,2024-09-05
4072,4072,Invoice,Pending,138.72,2022-11-16
4073,4073,PayPal,Paid,1859.99,2023-11-14
4074,4074,Bank Transfer,Paid,1343.95,2022-09-29
4075,4075,Bank Transfer,Paid,317.14,2023-08-16
4076,4076,Card,Paid,930.61,2023-12-11
4077,4077,Card,Paid,564.75,2025-09-17
4078,4078,Invoice,Paid,1196.96,2022-07-19
4079,4079,Card,Paid,992.24,2025-12-14
4080,4080,PayPal,Paid,261.58,2025-10-14
4081,4081,Bank Transfer,Paid,2715.44,2023-10-10
4082,4082,Bank Transfer,Paid,1713.42,2022-09-28
4083,4083,Card,Pending,2087.72,2025-05-18
4084,4084,Bank Transfer,Paid,1318.27,2023-09-10
4085,4085,Bank Transfer,Paid,1788.09,2024-05-08
4086,4086,Invoice,Paid,374.55,2025-06-12
4087,4087,Invoice,Pending,823.94,2023-09-04
4088,4088,PayPal,Refunded,1398.56,2025-05-26
4089,4089,Invoice,Paid,308.1,2023-12-23
4090,4090,Card,Paid,69.83,2025-05-14
4091,4091,Bank Transfer,Paid,2940.34,2023-10-26
4092,4092,Card,Pending,646.86,2025-12-27
4093,4093,Invoice,Paid,1162.32,2023-11-07
4094,4094,PayPal,Paid,1172.23,2022-10-07
4095,4095,Card,Paid,4184.3,2025-11-03
4096,4096,PayPal,Paid,559.51,2024-05-21
4097,4097,PayPal,Paid,1912.73,2025-10-06
4098,4098,Card,Paid,762.52,2022-07-13
4099,4099,Bank Transfer,Paid,153.07,2023-12-30
4100,4100,PayPal,Paid,459.89,2025-03-15
4101,4101,Card,Paid,127.43,2022-02-27
4102,4102,Card,Paid,926.73,2025-02-07
4103,4103,Bank Transfer,Paid,2649.94,2024-07-17
4104,4104,Card,Paid,1011.45,2024-11-07
4105,4105,Card,Paid,120.36,2024-03-28
4106,4106,Bank Transfer,Paid,596.64,2025-05-06
4107,4107,PayPal,Paid,249.59,2022-04-02
4108,4108,Invoice,Pending,1758.7,2022-03-16
4109,4109,Invoice,Paid,1235.88,2024-09-26
4110,4110,PayPal,Pending,2023.22,2024-12-09
4111,4111,Card,Paid,388.65,2022-01-27
4112,4112,Card,Paid,1061.81,2022-01-08
4113,4113,Card,Paid,458.2,2024-12-03
4114,4114,Bank Transfer,Refunded,597.81,2024-11-25
4115,4115,Invoice,Paid,3174.72,2023-01-08
4116,4116,PayPal,Paid,2084.82,2023-04-08
4117,4117,Invoice,Paid,157.79,2022-09-27
4118,4118,Bank Transfer,Pending,1615.27,2024-06-22
4119,4119,Bank Transfer,Paid,734.98,2023-12-24
4120,4120,PayPal,Paid,2377.88,2025-08-31
4121,4121,PayPal,Paid,651.77,2024-02-10
4122,4122,Bank Transfer,Paid,527.38,2023-09-28
4123,4123,PayPal,Refunded,3162.87,2022-07-22
4124,4124,Card,Paid,216.22,2025-07-01
4125,4125,Bank Transfer,Refunded,5638.59,2022-07-02
4126,4126,PayPal,Paid,401.04,2022-09-06
4127,4127,PayPal,Paid,2376.71,2023-01-24
4128,4128,Card,Pending,840.54,2025-01-31
4129,4129,Bank Transfer,Pending,1918.65,2024-04-09
4130,4130,PayPal,Pending,715.71,2022-11-09
4131,4131,Invoice,Paid,814.33,2025-05-27
4132,4132,Bank Transfer,Pending,319.67,2025-12-02
4133,4133,Bank Transfer,Paid,1235.71,2024-02-11
4134,4134,Invoice,Paid,62.38,2024-03-02
4135,4135,Card,Paid,707.58,2023-12-11
4136,4136,PayPal,Pending,1836.41,2023-01-23
4137,4137,Card,Paid,539.36,2024-12-28
4138,4138,Card,Paid,287.29,2024-03-17
4139,4139,Card,Pending,459.96,2022-07-16
4140,4140,Card,Paid,3346.34,2022-06-11
4141,4141,PayPal,Paid,1147.35,2023-06-02
4142,4142,Card,Paid,83.17,2025-02-11
4143,4143,Invoice,Paid,2141.84,2022-10-27
4144,4144,Bank Transfer,Paid,570.43,2024-10-25
4145,4145,Card,Paid,1600.29,2024-05-01
4146,4146,Invoice,Paid,566.25,2025-07-14
4147,4147,Bank Transfer,Pending,2248.23,2022-02-17
4148,4148,Invoice,Paid,430.78,2022-09-30
4149,4149,PayPal,Pending,68.67,2025-07-28
4150,4150,Card,Paid,1244.21,2024-06-03
4151,4151,PayPal,Paid,776.79,2025-06-01
4152,4152,PayPal,Pending,559.29,2024-09-20
4153,4153,PayPal,Paid,1060.71,2023-03-31
4154,4154,Invoice,Paid,1889.36,2024-11-03
4155,4155,Bank Transfer,Pending,1672.21,2023-02-13
4156,4156,Card,Paid,268.92,2025-08-13
4157,4157,Card,Paid,421.17,2022-12-03
4158,4158,PayPal,Paid,1068.48,2023-09-06
4159,4159,PayPal,Paid,161.78,2023-01-18
4160,4160,PayPal,Paid,277.95,2023-12-14
4161,4161,Bank Transfer,Paid,2459.71,2024-01-07
4162,4162,Card,Paid,743.47,2024-06-06
4163,4163,Bank Transfer,Pending,1151.84,2025-10-04
4164,4164,Invoice,Paid,357.39,2025-09-08
4165,4165,Bank Transfer,Paid,1617.71,2025-10-15
4166,4166,Card,Paid,2421.55,2022-03-11
4167,4167,Invoice,Paid,946.12,2022-02-11
4168,4168,Bank Transfer,Paid,384.71,2024-03-26
4169,4169,PayPal,Paid,1011.45,2023-12-23
4170,4170,Card,Refunded,1015.03,2024-07-18
4171,4171,PayPal,Refunded,1444.92,2025-08-20
4172,4172,Bank Transfer,Paid,133.68,2022-12-24
4173,4173,Bank Transfer,Paid,691.63,2022-11-10
4174,4174,Card,Paid,868.73,2022-12-06
4175,4175,Invoice,Pending,1445.08,2025-06-05
4176,4176,Bank Transfer,Pending,718.68,2022-12-07
4177,4177,Bank Transfer,Paid,136.92,2025-02-06
4178,4178,Card,Paid,1582.24,2023-11-11
4179,4179,Bank Transfer,Pending,1701.45,2025-04-09
4180,4180,Invoice,Paid,1783.81,2025-11-20
4181,4181,Card,Pending,488.85,2025-08-25
4182,4182,Invoice,Paid,924.61,2022-01-10
4183,4183,Invoice,Pending,486.96,2023-01-06
4184,4184,Bank Transfer,Paid,641.01,2025-11-13
4185,4185,PayPal,Paid,1880.04,2022-02-18
4186,4186,Invoice,Pending,197.72,2023-05-17
4187,4187,PayPal,Paid,1153.18,2023-03-05
4188,4188,Bank Transfer,Pending,565.6,2025-08-13
4189,4189,Invoice,Paid,1528.83,2024-11-02
4190,4190,PayPal,Paid,3454.18,2023-10-17
4191,4191,Bank Transfer,Paid,1256.72,2025-01-12
4192,4192,Card,Paid,3008.95,2024-02-09
4193,4193,Invoice,Paid,2008.16,2023-06-27
4194,4194,Invoice,Paid,1956.59,2024-07-10
4195,4195,PayPal,Pending,589.09,2025-05-29
4196,4196,Invoice,Paid,1562.25,2022-11-02
4197,4197,Bank Transfer,Refunded,1023.94,2025-08-14
4198,4198,Card,Paid,1112.85,2023-02-24
4199,4199,Invoice,Refunded,15.37,2022-05-26
4200,4200,PayPal,Paid,1182.83,2023-06-25
4201,4201,PayPal,Paid,2197.27,2023-10-03
4202,4202,Bank Transfer,Refunded,1174.17,2024-09-01
4203,4203,Invoice,Paid,1168.27,2022-08-15
4204,4204,PayPal,Paid,2376.91,2023-09-06
4205,4205,Card,Paid,1813.3,2022-12-30
4206,4206,Invoice,Paid,930.36,2023-05-22
4207,4207,PayPal,Pending,1609.07,2025-07-05
4208,4208,Bank Transfer,Paid,307.1,2024-06-07
4209,4209,Bank Transfer,Paid,297.57,2025-02-01
4210,4210,Bank Transfer,Paid,356.44,2025-12-07
4211,4211,Card,Paid,1125.34,2024-04-21
4212,4212,PayPal,Paid,1155.31,2025-01-26
4213,4213,PayPal,Paid,832.86,2024-02-27
4214,4214,Bank Transfer,Paid,785.9,2023-12-21
4215,4215,Card,Pending,4296.29,2024-08-24
4216,4216,Bank Transfer,Paid,1144.58,2024-10-17
4217,4217,Bank Transfer,Paid,489.36,2025-03-04
4218,4218,PayPal,Paid,1166.84,2023-10-28
4219,4219,PayPal,Pending,306.57,2025-11-04
4220,4220,Invoice,Paid,1738.77,2023-03-02
4221,4221,Invoice,Paid,1559.44,2024-12-04
4222,4222,Card,Pending,865.17,2024-07-17
4223,4223,PayPal,Paid,1556.95,2024-09-07
4224,4224,Invoice,Paid,437.51,2025-03-11
4225,4225,Bank Transfer,Pending,526.49,2025-05-04
4226,4226,Bank Transfer,Paid,2263.29,2025-02-28
4227,4227,PayPal,Paid,235.95,2025-08-28
4228,4228,Bank Transfer,Paid,479.62,2025-12-23
4229,4229,Bank Transfer,Paid,2208.45,2024-05-15
4230,4230,Bank Transfer,Paid,1193.01,2024-03-22
4231,4231,Invoice,Pending,630.58,2025-06-05
4232,4232,Invoice,Paid,102.67,2023-10-23
4233,4233,Bank Transfer,Paid,2082.12,2023-11-16
4234,4234,Invoice,Paid,335.1,2022-08-30
4235,4235,PayPal,Refunded,2381.28,2025-11-10
4236,4236,PayPal,Pending,322.79,2022-08-11
4237,4237,Bank Transfer,Paid,495.09,2025-03-31
4238,4238,Invoice,Paid,831.78,2024-10-04
4239,4239,Invoice,Pending,362.37,2022-03-27
4240,4240,Invoice,Pending,2630.82,2022-12-17
4241,4241,Bank Transfer,Paid,1086.67,2022-05-17
4242,4242,Bank Transfer,Paid,1833.72,2024-07-17
4243,4243,Invoice,Paid,1183.06,2024-04-25
4244,4244,Bank Transfer,Pending,1596.57,2025-10-02
4245,4245,PayPal,Pending,312.77,2022-10-29
4246,4246,Bank Transfer,Pending,1012.14,2022-11-10
4247,4247,Invoice,Paid,195.24,2025-03-01
4248,4248,PayPal,Paid,2440.54,2024-02-21
4249,4249,PayPal,Paid,427.44,2022-11-09
4250,4250,Bank Transfer,Paid,346.96,2022-12-10
4251,4251,Card,Paid,506.76,2023-12-23
4252,4252,Invoice,Paid,2104.99,2023-05-13
4253,4253,Bank Transfer,Paid,319.12,2024-01-09
4254,4254,Card,Paid,1133.4,2022-09-20
4255,4255,Card,Paid,2332.74,2025-06-23
4256,4256,PayPal,Paid,2580.06,2022-12-09
4257,4257,Invoice,Paid,1051.48,2025-11-01
4258,4258,Bank Transfer,Paid,646.94,2023-06-01
4259,4259,PayPal,Paid,1350.43,2025-05-03
4260,4260,PayPal,Paid,1192.31,2022-11-05
4261,4261,Bank Transfer,Paid,1020.72,2023-10-09
4262,4262,PayPal,Paid,1708.0,2022-08-04
4263,4263,Card,Pending,113.51,2025-07-22
4264,4264,Invoice,Paid,2480.94,2023-07-13
4265,4265,PayPal,Paid,753.86,2022-03-24
4266,4266,Bank Transfer,Paid,1273.33,2025-12-13
4267,4267,PayPal,Paid,2864.41,2023-05-27
4268,4268,Invoice,Paid,1333.43,2022-03-31
4269,4269,Bank Transfer,Paid,285.54,2022-12-05
4270,4270,Card,Paid,243.62,2025-12-12
4271,4271,Invoice,Paid,2064.53,2024-12-22
4272,4272,Card,Paid,1655.6,2023-05-26
4273,4273,Card,Pending,944.25,2023-01-04
4274,4274,Bank Transfer,Paid,685.2,2022-07-28
4275,4275,Card,Paid,712.29,2025-10-04
4276,4276,Bank Transfer,Paid,1329.72,2023-03-26
4277,4277,Bank Transfer,Paid,656.17,2024-05-27
4278,4278,Invoice,Paid,572.32,2022-01-13
4279,4279,Invoice,Pending,198.43,2025-10-15
4280,4280,Bank Transfer,Pending,122.07,2022-11-04
4281,4281,Card,Refunded,4326.12,2023-12-23
4282,4282,Bank Transfer,Paid,1204.54,2022-08-30
4283,4283,Invoice,Pending,2756.91,2022-07-26
4284,4284,PayPal,Paid,2509.18,2024-04-22
4285,4285,Bank Transfer,Paid,983.86,2024-12-27
4286,4286,Card,Paid,675.54,2025-08-18
4287,4287,PayPal,Paid,546.99,2022-06-14
4288,4288,PayPal,Paid,668.08,2023-06-02
4289,4289,Invoice,Pending,1424.75,2023-12-09
4290,4290,Invoice,Paid,446.02,2022-10-04
4291,4291,Invoice,Paid,1428.3,2025-08-26
4292,4292,Card,Paid,37.9,2024-09-12
4293,4293,Invoice,Paid,648.68,2024-12-30
4294,4294,Invoice,Paid,1399.64,2025-07-01
4295,4295,Bank Transfer,Paid,231.06,2023-12-31
4296,4296,Invoice,Paid,248.0,2024-08-31
4297,4297,Invoice,Pending,501.95,2023-06-24
4298,4298,PayPal,Paid,678.75,2022-07-06
4299,4299,Card,Paid,711.24,2023-07-07
4300,4300,Card,Paid,938.8,2025-05-31
4301,4301,PayPal,Paid,35.54,2022-12-17
4302,4302,Invoice,Pending,313.24,2022-08-06
4303,4303,Card,Pending,1760.06,2023-08-16
4304,4304,PayPal,Paid,100.96,2024-08-04
4305,4305,Card,Paid,3275.58,2025-08-26
4306,4306,Card,Pending,717.49,2024-07-04
4307,4307,Card,Refunded,266.93,2023-06-29
4308,4308,Card,Paid,360.08,2025-01-02
4309,4309,Card,Paid,1291.76,2024-06-11
4310,4310,PayPal,Refunded,329.86,2025-01-23
4311,4311,Invoice,Paid,649.5,2024-08-10
4312,4312,PayPal,Refunded,2312.29,2025-11-01
4313,4313,Bank Transfer,Paid,1299.79,2022-02-17
4314,4314,Invoice,Paid,504.17,2023-01-31
4315,4315,PayPal,Paid,846.96,2025-04-13
4316,4316,PayPal,Refunded,743.09,2022-09-02
4317,4317,Invoice,Refunded,749.64,2023-04-28
4318,4318,Bank Transfer,Paid,970.42,2022-02-14
4319,4319,Card,Paid,262.3,2023-09-15
4320,4320,Card,Paid,802.06,2025-06-30
4321,4321,Bank Transfer,Pending,1888.88,2024-09-30
4322,4322,Card,Paid,1819.21,2025-06-16
4323,4323,PayPal,Pending,1084.54,2022-06-22
4324,4324,Card,Pending,1579.92,2022-12-15
4325,4325,Invoice,Paid,158.45,2022-09-22
4326,4326,Card,Paid,1395.49,2023-09-10
4327,4327,Bank Transfer,Paid,335.78,2023-04-09
4328,4328,Bank Transfer,Paid,1338.76,2023-02-20
4329,4329,Invoice,Paid,1604.18,2022-03-08
4330,4330,PayPal,Paid,954.74,2023-09-02
4331,4331,Card,Paid,611.06,2023-12-15
4332,4332,Invoice,Paid,402.93,2024-05-12
4333,4333,Card,Paid,132.03,2024-01-06
4334,4334,Invoice,Paid,2348.36,2023-10-03
4335,4335,Card,Refunded,1842.93,2023-09-01
4336,4336,Invoice,Paid,1110.66,2025-02-14
4337,4337,Bank Transfer,Paid,94.36,2024-02-14
4338,4338,Invoice,Paid,833.76,2022-11-16
4339,4339,Card,Paid,1156.77,2023-03-30
4340,4340,Invoice,Paid,1238.9,2025-12-18
4341,4341,Invoice,Paid,2525.15,2025-11-25
4342,4342,PayPal,Pending,137.48,2022-11-01
4343,4343,Card,Paid,118.6,2025-11-07
4344,4344,Card,Pending,206.56,2022-08-12
4345,4345,Bank Transfer,Paid,5186.11,2023-06-11
4346,4346,Card,Paid,1443.57,2024-10-06
4347,4347,PayPal,Paid,2155.37,2025-11-20
4348,4348,PayPal,Paid,1847.8,2024-03-04
4349,4349,Invoice,Paid,3539.11,2022-01-08
4350,4350,Card,Pending,653.49,2025-12-04
4351,4351,Card,Paid,343.11,2023-11-24
4352,4352,Bank Transfer,Paid,2096.53,2023-06-15
4353,4353,Bank Transfer,Pending,315.26,2022-03-21
4354,4354,Bank Transfer,Pending,299.42,2022-02-10
4355,4355,PayPal,Paid,194.07,2023-12-29
4356,4356,Invoice,Paid,829.38,2023-11-13
4357,4357,PayPal,Paid,797.19,2023-08-09
4358,4358,Card,Paid,2567.81,2025-06-11
4359,4359,Card,Refunded,1842.94,2024-01-22
4360,4360,Card,Pending,174.64,2025-10-23
4361,4361,PayPal,Paid,4337.05,2022-12-27
4362,4362,Bank Transfer,Paid,1969.74,2024-01-15
4363,4363,Bank Transfer,Pending,92.4,2024-03-12
4364,4364,Card,Paid,82.16,2025-03-07
4365,4365,Card,Pending,1163.63,2022-02-19
4366,4366,Invoice,Paid,2230.38,2025-07-04
4367,4367,Invoice,Paid,79.88,2025-01-30
4368,4368,PayPal,Paid,1039.68,2025-04-06
4369,4369,PayPal,Pending,1293.72,2023-06-23
4370,4370,Invoice,Paid,1189.59,2022-10-19
4371,4371,PayPal,Pending,1638.95,2025-07-19
4372,4372,Invoice,Paid,1192.27,2025-10-19
4373,4373,Bank Transfer,Paid,405.67,2022-10-26
4374,4374,Bank Transfer,Paid,584.04,2023-08-08
4375,4375,Card,Paid,559.33,2024-12-16
4376,4376,Card,Paid,790.3,2023-09-24
4377,4377,Bank Transfer,Pending,493.4,2022-02-26
4378,4378,Bank Transfer,Paid,1431.45,2024-12-07
4379,4379,Bank Transfer,Paid,1706.06,2024-05-28
4380,4380,PayPal,Paid,1093.07,2025-12-08
4381,4381,PayPal,Pending,1052.51,2023-10-23
4382,4382,Card,Pending,171.75,2024-12-28
4383,4383,PayPal,Paid,545.42,2022-04-25
4384,4384,Card,Paid,704.72,2023-01-10
4385,4385,Invoice,Paid,1169.29,2024-04-19
4386,4386,Invoice,Paid,1011.62,2024-03-26
4387,4387,PayPal,Pending,2506.86,2022-01-03
4388,4388,Invoice,Paid,492.5,2022-05-25
4389,4389,PayPal,Paid,822.76,2022-06-04
4390,4390,Invoice,Paid,1450.06,2024-06-20
4391,4391,PayPal,Refunded,243.9,2024-12-27
4392,4392,Invoice,Paid,52.3,2022-11-28
4393,4393,PayPal,Paid,2727.07,2023-08-31
4394,4394,Bank Transfer,Pending,668.04,2024-04-26
4395,4395,PayPal,Paid,2495.0,2025-12-10
4396,4396,Card,Paid,3336.22,2024-03-31
4397,4397,Card,Paid,2902.46,2022-06-30
4398,4398,Card,Paid,1201.09,2023-07-05
4399,4399,PayPal,Paid,1807.76,2024-03-10
4400,4400,Invoice,Paid,875.14,2023-10-13
4401,4401,Card,Pending,1598.19,2022-08-27
4402,4402,PayPal,Paid,904.44,2022-06-18
4403,4403,Card,Paid,437.93,2025-10-07
4404,4404,Bank Transfer,Paid,1494.51,2025-11-02
4405,4405,Card,Paid,446.12,2022-11-17
4406,4406,PayPal,Paid,70.07,2022-09-04
4407,4407,Invoice,Pending,2020.04,2023-10-23
4408,4408,Card,Paid,3063.71,2022-07-31
4409,4409,Bank Transfer,Paid,589.01,2022-09-24
4410,4410,Bank Transfer,Paid,2106.05,2022-01-15
4411,4411,Card,Pending,1335.27,2023-08-31
4412,4412,PayPal,Paid,2225.02,2023-04-07
4413,4413,Bank Transfer,Paid,138.93,2022-09-09
4414,4414,Invoice,Paid,205.52,2025-12-04
4415,4415,Card,Paid,253.12,2024-08-17
4416,4416,PayPal,Paid,1781.02,2023-06-29
4417,4417,Invoice,Paid,1004.72,2025-07-13
4418,4418,Card,Pending,476.47,2022-01-20
4419,4419,Invoice,Paid,1529.36,2023-03-06
4420,4420,Invoice,Pending,2999.6,2025-03-01
4421,4421,Card,Pending,144.48,2023-02-01
4422,4422,PayPal,Paid,214.29,2023-02-16
4423,4423,Card,Paid,1622.79,2022-07-29
4424,4424,Invoice,Paid,603.05,2024-09-07
4425,4425,Card,Paid,3206.45,2025-10-04
4426,4426,PayPal,Paid,387.23,2024-09-07
4427,4427,Invoice,Paid,585.75,2025-04-03
4428,4428,PayPal,Paid,237.11,2025-09-17
4429,4429,PayPal,Paid,2034.89,2024-04-23
4430,4430,PayPal,Pending,1290.52,2023-05-26
4431,4431,Bank Transfer,Paid,3030.77,2023-12-21
4432,4432,Bank Transfer,Paid,381.02,2022-03-17
4433,4433,PayPal,Pending,1248.02,2025-11-02
4434,4434,Card,Paid,1346.6,2022-08-02
4435,4435,Bank Transfer,Pending,2046.85,2023-08-01
4436,4436,Invoice,Paid,491.95,2024-09-09
4437,4437,Card,Paid,1617.2,2022-09-06
4438,4438,Card,Paid,854.11,2024-10-25
4439,4439,Card,Paid,563.01,2022-03-21
4440,4440,Card,Paid,579.01,2025-11-09
4441,4441,Bank Transfer,Paid,480.76,2022-07-03
4442,4442,Invoice,Paid,2511.9,2022-02-02
4443,4443,Invoice,Paid,952.53,2023-07-04
4444,4444,Bank Transfer,Paid,709.16,2023-01-01
4445,4445,Card,Paid,1404.85,2022-09-14
4446,4446,PayPal,Paid,1102.42,2025-11-01
4447,4447,PayPal,Paid,4439.16,2023-11-12
4448,4448,PayPal,Paid,30.57,2022-09-27
4449,4449,Card,Paid,2122.49,2022-01-17
4450,4450,PayPal,Paid,2483.78,2022-07-09
4451,4451,Card,Paid,1617.41,2024-05-31
4452,4452,Invoice,Refunded,2103.94,2024-06-06
4453,4453,Card,Paid,515.37,2024-12-05
4454,4454,PayPal,Paid,1298.93,2022-12-15
4455,4455,Card,Paid,2029.4,2024-11-26
4456,4456,Bank Transfer,Paid,719.38,2024-10-15
4457,4457,Bank Transfer,Paid,1358.04,2024-07-30
4458,4458,Invoice,Paid,3250.33,2025-09-22
4459,4459,Bank Transfer,Paid,399.45,2023-04-18
4460,4460,Card,Pending,2531.41,2025-10-22
4461,4461,PayPal,Paid,726.44,2025-06-16
4462,4462,PayPal,Paid,270.64,2024-06-14
4463,4463,PayPal,Paid,805.0,2023-12-06
4464,4464,Card,Paid,1274.67,2022-03-22
4465,4465,Invoice,Pending,539.76,2024-11-09
4466,4466,Bank Transfer,Paid,200.86,2024-04-09
4467,4467,Invoice,Pending,716.24,2023-02-13
4468,4468,Card,Paid,861.09,2022-12-03
4469,4469,Bank Transfer,Paid,216.97,2022-06-15
4470,4470,Invoice,Paid,1150.87,2024-12-14
4471,4471,PayPal,Pending,1199.79,2023-04-10
4472,4472,Bank Transfer,Paid,614.08,2023-05-24
4473,4473,PayPal,Paid,588.1,2025-11-28
4474,4474,Invoice,Pending,239.94,2024-12-07
4475,4475,Bank Transfer,Paid,310.15,2023-02-25
4476,4476,Bank Transfer,Paid,833.36,2023-09-07
4477,4477,Card,Paid,1735.94,2022-07-14
4478,4478,PayPal,Pending,1419.38,2022-07-29
4479,4479,Card,Paid,2532.98,2023-06-21
4480,4480,PayPal,Paid,1227.94,2024-06-04
4481,4481,Invoice,Refunded,261.98,2025-12-05
4482,4482,Card,Paid,3768.64,2025-04-29
4483,4483,Invoice,Paid,1274.15,2025-06-20
4484,4484,Bank Transfer,Paid,1011.07,2024-06-20
4485,4485,Card,Paid,244.35,2023-05-20
4486,4486,Card,Paid,524.02,2023-12-14
4487,4487,PayPal,Pending,875.36,2025-06-06
4488,4488,Bank Transfer,Pending,2172.26,2023-08-24
4489,4489,Card,Paid,327.23,2023-11-22
4490,4490,Invoice,Paid,2859.46,2022-04-23
4491,4491,Bank Transfer,Paid,30.38,2022-12-15
4492,4492,Bank Transfer,Pending,59.13,2025-02-19
4493,4493,Invoice,Paid,2525.54,2022-03-20
4494,4494,Invoice,Paid,835.46,2023-11-26
4495,4495,Bank Transfer,Paid,1580.15,2023-10-11
4496,4496,Bank Transfer,Pending,1759.71,2022-03-22
4497,4497,Card,Paid,1187.95,2022-03-04
4498,4498,Invoice,Paid,160.8,2023-12-13
4499,4499,Bank Transfer,Paid,2291.61,2023-12-19
4500,4500,Bank Transfer,Paid,637.44,2024-03-01
4501,4501,Invoice,Paid,823.06,2024-08-08
4502,4502,Card,Paid,3472.5,2025-08-31
4503,4503,PayPal,Pending,2602.24,2022-09-24
4504,4504,PayPal,Pending,587.84,2024-03-25
4505,4505,Invoice,Pending,678.23,2025-02-06
4506,4506,Bank Transfer,Pending,406.41,2023-09-02
4507,4507,PayPal,Paid,690.41,2025-09-10
4508,4508,Bank Transfer,Paid,1989.05,2024-07-17
4509,4509,PayPal,Paid,1063.54,2024-05-30
4510,4510,PayPal,Paid,722.12,2022-12-05
4511,4511,Bank Transfer,Pending,193.73,2022-05-12
4512,4512,Card,Paid,1414.66,2023-10-18
4513,4513,Invoice,Paid,325.72,2023-12-13
4514,4514,PayPal,Refunded,179.41,2024-12-21
4515,4515,PayPal,Paid,1747.23,2025-06-17
4516,4516,PayPal,Paid,299.8,2022-05-30
4517,4517,Bank Transfer,Paid,1560.31,2023-09-13
4518,4518,Invoice,Paid,600.83,2023-07-09
4519,4519,Invoice,Paid,608.55,2025-06-16
4520,4520,Invoice,Pending,138.41,2022-04-14
4521,4521,Invoice,Paid,745.78,2025-09-21
4522,4522,Card,Paid,1215.05,2025-09-28
4523,4523,Card,Pending,2119.29,2024-12-31
4524,4524,Invoice,Pending,911.0,2023-03-03
4525,4525,Invoice,Paid,331.37,2024-11-15
4526,4526,Bank Transfer,Paid,1045.19,2022-11-01
4527,4527,Bank Transfer,Paid,1365.45,2022-03-12
4528,4528,Card,Paid,3077.9,2025-03-02
4529,4529,Bank Transfer,Paid,883.28,2022-11-03
4530,4530,PayPal,Pending,690.05,2023-12-28
4531,4531,Bank Transfer,Refunded,342.85,2023-08-25
4532,4532,PayPal,Paid,2078.31,2024-08-21
4533,4533,PayPal,Paid,1192.39,2022-02-04
4534,4534,Bank Transfer,Paid,2571.08,2025-08-02
4535,4535,PayPal,Paid,90.64,2022-03-02
4536,4536,PayPal,Paid,724.04,2025-03-24
4537,4537,Card,Paid,3817.55,2023-11-05
4538,4538,Bank Transfer,Paid,1989.67,2025-12-01
4539,4539,Card,Paid,2704.94,2024-10-09
4540,4540,Bank Transfer,Paid,593.47,2022-07-04
4541,4541,Card,Paid,888.09,2024-10-19
4542,4542,PayPal,Refunded,2353.08,2024-07-24
4543,4543,Bank Transfer,Paid,354.65,2023-01-03
4544,4544,PayPal,Pending,2090.2,2024-10-01
4545,4545,Invoice,Paid,267.64,2023-10-17
4546,4546,PayPal,Paid,2046.8,2023-04-01
4547,4547,Bank Transfer,Paid,760.41,2023-08-17
4548,4548,PayPal,Paid,778.65,2022-07-03
4549,4549,PayPal,Paid,906.66,2023-08-29
4550,4550,Invoice,Paid,1727.21,2024-09-25
4551,4551,PayPal,Paid,136.63,2024-05-01
4552,4552,Invoice,Paid,1290.8,2025-06-21
4553,4553,Bank Transfer,Pending,854.85,2024-05-19
4554,4554,PayPal,Pending,1359.46,2025-12-10
4555,4555,Invoice,Pending,840.16,2025-09-04
4556,4556,Card,Pending,2177.42,2023-07-13
4557,4557,Bank Transfer,Pending,197.59,2025-09-05
4558,4558,Invoice,Paid,443.87,2022-03-20
4559,4559,Invoice,Paid,385.6,2024-11-10
4560,4560,PayPal,Paid,1163.4,2023-08-14
4561,4561,Bank Transfer,Paid,1068.34,2024-03-22
4562,4562,Card,Paid,2289.62,2023-04-08
4563,4563,Bank Transfer,Pending,468.07,2023-06-25
4564,4564,PayPal,Paid,2235.54,2025-02-25
4565,4565,Invoice,Refunded,469.28,2022-04-26
4566,4566,PayPal,Pending,244.14,2023-07-29
4567,4567,Bank Transfer,Paid,1874.3,2024-09-05
4568,4568,Invoice,Pending,58.24,2023-11-30
4569,4569,Card,Pending,475.29,2024-12-28
4570,4570,Invoice,Paid,3252.59,2025-10-11
4571,4571,Bank Transfer,Pending,603.96,2022-12-11
4572,4572,Bank Transfer,Pending,494.57,2024-02-01
4573,4573,Invoice,Paid,807.47,2022-08-11
4574,4574,Invoice,Paid,517.05,2022-11-16
4575,4575,PayPal,Paid,1144.92,2022-07-21
4576,4576,PayPal,Paid,490.09,2024-08-24
4577,4577,Card,Refunded,953.82,2022-07-02
4578,4578,Invoice,Paid,783.82,2024-12-02
4579,4579,Card,Paid,916.48,2024-11-15
4580,4580,Invoice,Paid,571.21,2024-10-01
4581,4581,Bank Transfer,Paid,1292.61,2022-12-21
4582,4582,Invoice,Paid,298.2,2025-11-11
4583,4583,PayPal,Pending,1821.3,2024-11-04
4584,4584,Bank Transfer,Pending,2570.36,2023-07-30
4585,4585,PayPal,Paid,417.89,2023-05-10
4586,4586,Bank Transfer,Paid,2855.56,2024-04-20
4587,4587,Invoice,Paid,462.1,2023-02-19
4588,4588,Bank Transfer,Pending,914.74,2025-12-15
4589,4589,Bank Transfer,Paid,238.23,2022-12-15
4590,4590,Bank Transfer,Paid,1180.47,2024-09-13
4591,4591,PayPal,Paid,302.8,2023-04-19
4592,4592,Invoice,Paid,236.56,2025-02-26
4593,4593,Bank Transfer,Paid,111.12,2023-08-24
4594,4594,Card,Pending,631.96,2024-10-08
4595,4595,PayPal,Paid,4617.72,2024-05-19
4596,4596,Invoice,Paid,1681.63,2023-07-07
4597,4597,Card,Paid,449.83,2024-05-25
4598,4598,Card,Paid,822.63,2024-07-12
4599,4599,PayPal,Refunded,1012.54,2022-12-01
4600,4600,Card,Paid,908.82,2024-07-18
4601,4601,Card,Paid,1439.59,2025-08-24
4602,4602,Card,Paid,1277.64,2024-06-24
4603,4603,Card,Paid,598.08,2025-08-03
4604,4604,Bank Transfer,Paid,2634.8,2025-08-31
4605,4605,PayPal,Pending,1501.26,2024-09-20
4606,4606,Card,Paid,271.79,2025-10-31
4607,4607,PayPal,Paid,1594.45,2023-09-07
4608,4608,Invoice,Paid,394.6,2022-12-21
4609,4609,Invoice,Paid,2477.12,2025-05-28
4610,4610,Invoice,Pending,722.31,2025-05-30
4611,4611,Invoice,Refunded,354.77,2024-09-29
4612,4612,PayPal,Paid,210.14,2024-03-20
4613,4613,Invoice,Paid,2264.88,2023-06-15
4614,4614,Card,Pending,2312.71,2023-01-24
4615,4615,Invoice,Paid,1319.88,2024-07-14
4616,4616,Card,Pending,1289.96,2023-12-12
4617,4617,Invoice,Paid,2444.69,2022-10-11
4618,4618,Invoice,Paid,1525.77,2024-05-05
4619,4619,Bank Transfer,Paid,1286.83,2022-12-16
4620,4620,Bank Transfer,Refunded,442.12,2022-01-29
4621,4621,Card,Paid,360.12,2025-12-18
4622,4622,Bank Transfer,Paid,426.39,2022-01-03
4623,4623,PayPal,Refunded,947.47,2022-04-07
4624,4624,Invoice,Paid,895.29,2025-08-28
4625,4625,Bank Transfer,Paid,1304.86,2025-11-22
4626,4626,PayPal,Pending,1536.18,2022-03-19
4627,4627,Bank Transfer,Pending,437.48,2025-04-03
4628,4628,Card,Paid,1670.5,2023-10-25
4629,4629,Bank Transfer,Paid,741.44,2024-05-09
4630,4630,Bank Transfer,Paid,1181.3,2023-12-25
4631,4631,Bank Transfer,Pending,794.34,2024-10-12
4632,4632,Card,Paid,22.21,2022-10-19
4633,4633,Invoice,Paid,512.21,2024-01-30
4634,4634,PayPal,Paid,475.74,2022-04-27
4635,4635,Card,Paid,504.1,2023-11-07
4636,4636,Card,Paid,1448.43,2022-05-29
4637,4637,PayPal,Paid,923.19,2023-11-07
4638,4638,PayPal,Paid,366.98,2023-06-05
4639,4639,Bank Transfer,Paid,603.21,2025-09-18
4640,4640,Card,Paid,4040.62,2024-02-24
4641,4641,PayPal,Paid,1091.01,2024-07-30
4642,4642,Invoice,Paid,99.61,2025-03-12
4643,4643,Invoice,Paid,1715.2,2023-03-18
4644,4644,PayPal,Paid,2127.86,2025-08-03
4645,4645,Bank Transfer,Paid,2119.03,2025-02-10
4646,4646,Invoice,Paid,306.76,2024-10-27
4647,4647,Bank Transfer,Paid,1243.59,2024-06-23
4648,4648,Card,Paid,297.91,2022-03-21
4649,4649,Invoice,Pending,1107.06,2023-11-21
4650,4650,Invoice,Paid,708.74,2024-11-06
4651,4651,Bank Transfer,Paid,146.68,2025-09-07
4652,4652,Bank Transfer,Pending,681.72,2023-03-28
4653,4653,PayPal,Pending,762.71,2024-05-23
4654,4654,Bank Transfer,Paid,248.56,2022-11-24
4655,4655,Card,Pending,1207.49,2023-01-06
4656,4656,Invoice,Paid,525.77,2022-09-21
4657,4657,PayPal,Paid,2608.58,2023-08-04
4658,4658,Invoice,Paid,1072.14,2023-09-21
4659,4659,PayPal,Paid,1319.22,2022-12-08
4660,4660,Invoice,Paid,1532.61,2023-01-12
4661,4661,Bank Transfer,Refunded,1209.96,2025-05-02
4662,4662,Invoice,Paid,888.91,2023-06-06
4663,4663,Card,Pending,1030.55,2022-09-17
4664,4664,PayPal,Paid,949.96,2025-10-28
4665,4665,Card,Paid,2077.74,2024-11-11
4666,4666,PayPal,Paid,1399.28,2025-11-14
4667,4667,PayPal,Pending,592.38,2023-04-10
4668,4668,Invoice,Paid,548.63,2023-03-02
4669,4669,PayPal,Pending,883.11,2023-11-27
4670,4670,PayPal,Paid,2197.56,2025-08-22
4671,4671,Bank Transfer,Paid,2904.11,2022-05-06
4672,4672,Card,Paid,360.71,2022-06-24
4673,4673,Invoice,Paid,619.68,2024-04-06
4674,4674,Bank Transfer,Paid,801.54,2022-12-11
4675,4675,Invoice,Refunded,2343.13,2022-11-06
4676,4676,PayPal,Paid,488.37,2025-12-05
4677,4677,Bank Transfer,Paid,289.68,2022-05-11
4678,4678,Card,Paid,226.16,2023-01-14
4679,4679,Card,Paid,98.86,2022-12-28
4680,4680,Bank Transfer,Refunded,1066.94,2024-10-20
4681,4681,Bank Transfer,Paid,892.32,2025-12-17
4682,4682,Invoice,Paid,2749.13,2022-06-12
4683,4683,Invoice,Pending,612.24,2024-12-20
4684,4684,Bank Transfer,Paid,1226.95,2025-01-17
4685,4685,PayPal,Refunded,1151.6,2024-06-17
4686,4686,Bank Transfer,Paid,354.45,2024-11-24
4687,4687,Bank Transfer,Paid,5031.67,2023-08-15
4688,4688,Card,Paid,1762.12,2024-12-24
4689,4689,Card,Paid,268.33,2022-07-29
4690,4690,PayPal,Paid,971.93,2023-10-22
4691,4691,Bank Transfer,Refunded,232.58,2022-12-31
4692,4692,Bank Transfer,Paid,507.62,2023-04-22
4693,4693,Bank Transfer,Paid,1484.94,2023-12-27
4694,4694,Invoice,Paid,422.29,2024-02-16
4695,4695,PayPal,Paid,2074.0,2023-07-13
4696,4696,Invoice,Paid,195.15,2024-04-19
4697,4697,PayPal,Paid,217.02,2025-11-03
4698,4698,Card,Paid,123.09,2023-09-19
4699,4699,PayPal,Paid,310.9,2024-04-22
4700,4700,Bank Transfer,Pending,1257.31,2023-10-31
4701,4701,Card,Paid,825.95,2022-04-27
4702,4702,Card,Paid,908.26,2024-06-08
4703,4703,PayPal,Paid,625.15,2024-12-16
4704,4704,PayPal,Paid,768.33,2023-11-30
4705,4705,Invoice,Paid,785.21,2025-11-19
4706,4706,Card,Paid,404.78,2024-06-19
4707,4707,Bank Transfer,Paid,409.35,2023-07-15
4708,4708,PayPal,Paid,620.7,2022-04-16
4709,4709,Bank Transfer,Paid,1157.42,2024-04-08
4710,4710,Bank Transfer,Pending,384.71,2022-12-08
4711,4711,Invoice,Pending,1167.6,2025-11-28
4712,4712,Bank Transfer,Paid,625.52,2025-11-16
4713,4713,PayPal,Paid,1309.31,2025-05-04
4714,4714,Bank Transfer,Pending,717.95,2025-12-27
4715,4715,PayPal,Paid,707.67,2024-10-13
4716,4716,Bank Transfer,Paid,162.23,2024-07-05
4717,4717,Invoice,Pending,1429.06,2022-04-05
4718,4718,Invoice,Pending,746.47,2023-11-12
4719,4719,Bank Transfer,Paid,2120.67,2023-11-17
4720,4720,Card,Refunded,1173.97,2024-08-16
4721,4721,PayPal,Paid,1399.48,2025-10-11
4722,4722,Card,Paid,1203.46,2024-11-13
4723,4723,PayPal,Refunded,1759.44,2025-03-27
4724,4724,PayPal,Paid,2950.75,2022-12-07
4725,4725,Bank Transfer,Paid,487.85,2022-01-22
4726,4726,Bank Transfer,Paid,669.53,2025-08-14
4727,4727,PayPal,Paid,384.15,2022-10-20
4728,4728,PayPal,Refunded,245.21,2022-08-16
4729,4729,Invoice,Paid,136.92,2022-10-15
4730,4730,Card,Paid,300.84,2022-07-05
4731,4731,Invoice,Pending,582.35,2022-12-21
4732,4732,Bank Transfer,Paid,2309.42,2023-05-09
4733,4733,Invoice,Paid,1468.75,2022-08-10
4734,4734,Bank Transfer,Pending,312.42,2025-12-11
4735,4735,Card,Paid,1307.61,2024-07-11
4736,4736,PayPal,Paid,1228.39,2023-03-01
4737,4737,Card,Pending,919.14,2023-08-17
4738,4738,Bank Transfer,Paid,314.34,2025-12-22
4739,4739,Bank Transfer,Paid,340.75,2023-10-15
4740,4740,Card,Paid,72.6,2023-09-16
4741,4741,Bank Transfer,Paid,623.66,2025-11-29
4742,4742,Invoice,Paid,918.3,2024-03-10
4743,4743,Card,Paid,839.28,2022-08-17
4744,4744,Bank Transfer,Pending,170.67,2024-04-28
4745,4745,Card,Paid,1094.11,2025-02-13
4746,4746,Bank Transfer,Paid,4012.1,2024-01-10
4747,4747,Bank Transfer,Paid,1221.91,2023-11-14
4748,4748,PayPal,Paid,319.54,2022-12-22
4749,4749,Bank Transfer,Pending,1343.53,2022-02-19
4750,4750,Bank Transfer,Paid,573.34,2022-07-30
4751,4751,Invoice,Paid,602.58,2024-12-09
4752,4752,Bank Transfer,Paid,1164.15,2024-09-13
4753,4753,PayPal,Paid,1501.09,2023-07-13
4754,4754,Card,Paid,3271.58,2025-12-25
4755,4755,Card,Paid,2089.09,2023-03-28
4756,4756,PayPal,Paid,524.65,2024-07-22
4757,4757,Bank Transfer,Paid,222.18,2025-06-03
4758,4758,Invoice,Paid,1055.75,2023-10-17
4759,4759,PayPal,Paid,1515.0,2023-12-28
4760,4760,Bank Transfer,Paid,1173.14,2023-05-23
4761,4761,Card,Refunded,1307.2,2022-03-15
4762,4762,PayPal,Paid,1803.78,2022-12-13
4763,4763,Card,Paid,2003.43,2022-08-10
4764,4764,Invoice,Paid,2975.64,2022-04-19
4765,4765,Card,Paid,130.44,2024-02-18
4766,4766,PayPal,Paid,33.8,2023-05-28
4767,4767,PayPal,Paid,749.0,2024-01-13
4768,4768,Card,Pending,449.33,2022-02-20
4769,4769,PayPal,Refunded,419.5,2024-06-07
4770,4770,Card,Paid,1195.11,2023-08-29
4771,4771,Invoice,Paid,430.12,2024-08-25
4772,4772,Card,Paid,1495.25,2024-01-07
4773,4773,Bank Transfer,Pending,3199.55,2024-10-28
4774,4774,Bank Transfer,Paid,3769.42,2023-10-09
4775,4775,PayPal,Paid,2402.7,2022-12-17
4776,4776,PayPal,Pending,2289.74,2022-07-31
4777,4777,Card,Paid,432.11,2024-08-03
4778,4778,PayPal,Paid,1156.32,2022-09-28
4779,4779,Card,Paid,364.06,2023-09-17
4780,4780,Invoice,Paid,365.13,2022-08-06
4781,4781,Invoice,Paid,1372.06,2024-10-18
4782,4782,Invoice,Paid,3555.5,2023-12-14
4783,4783,Card,Refunded,183.48,2024-04-13
4784,4784,Invoice,Refunded,921.96,2024-10-25
4785,4785,PayPal,Paid,1102.43,2023-03-21
4786,4786,Invoice,Paid,1385.7,2025-01-11
4787,4787,Card,Paid,737.36,2022-04-16
4788,4788,Bank Transfer,Paid,63.8,2025-12-30
4789,4789,Invoice,Paid,2705.44,2022-08-15
4790,4790,PayPal,Pending,870.33,2022-12-29
4791,4791,Invoice,Paid,2527.9,2022-09-21
4792,4792,Invoice,Paid,2741.97,2024-12-21
4793,4793,Bank Transfer,Paid,228.0,2024-09-21
4794,4794,Bank Transfer,Paid,500.3,2025-09-23
4795,4795,Card,Pending,452.34,2022-09-28
4796,4796,PayPal,Paid,704.35,2025-11-16
4797,4797,Bank Transfer,Paid,2126.86,2024-11-16
4798,4798,Card,Paid,1589.87,2022-12-23
4799,4799,Card,Paid,252.54,2022-03-16
4800,4800,PayPal,Pending,160.44,2022-04-27
4801,4801,Card,Paid,1395.99,2022-12-13
4802,4802,Invoice,Paid,1227.36,2023-07-18
4803,4803,Bank Transfer,Paid,844.19,2022-01-31
4804,4804,Invoice,Paid,955.0,2024-06-02
4805,4805,Card,Paid,1039.3,2022-04-11
4806,4806,Bank Transfer,Paid,374.22,2025-10-19
4807,4807,Bank Transfer,Paid,866.94,2024-03-03
4808,4808,Bank Transfer,Pending,854.46,2022-03-06
4809,4809,Card,Paid,1422.88,2022-03-28
4810,4810,PayPal,Pending,209.13,2022-10-14
4811,4811,PayPal,Pending,625.32,2022-03-28
4812,4812,PayPal,Paid,498.03,2024-05-31
4813,4813,PayPal,Pending,2888.63,2022-05-10
4814,4814,Card,Paid,3267.37,2024-04-13
4815,4815,Bank Transfer,Paid,699.15,2023-04-20
4816,4816,Invoice,Pending,196.12,2024-03-13
4817,4817,Card,Paid,1908.68,2024-04-21
4818,4818,PayPal,Paid,2554.57,2023-10-05
4819,4819,Invoice,Paid,541.32,2023-05-23
4820,4820,Card,Paid,1153.28,2025-02-27
4821,4821,Invoice,Pending,1258.25,2023-02-19
4822,4822,Invoice,Paid,269.32,2024-09-11
4823,4823,Invoice,Paid,856.25,2023-12-18
4824,4824,Invoice,Pending,1102.37,2022-05-10
4825,4825,PayPal,Pending,2601.96,2025-10-29
4826,4826,Invoice,Paid,2265.78,2025-09-14
4827,4827,Card,Paid,1071.21,2022-08-26
4828,4828,Bank Transfer,Paid,1049.36,2022-06-14
4829,4829,PayPal,Paid,225.8,2025-07-12
4830,4830,PayPal,Pending,1335.9,2025-07-06
4831,4831,Bank Transfer,Pending,1667.98,2024-04-20
4832,4832,Bank Transfer,Pending,180.42,2024-01-29
4833,4833,Card,Paid,1972.08,2023-11-16
4834,4834,Bank Transfer,Paid,598.29,2025-06-12
4835,4835,Card,Refunded,539.37,2022-10-13
4836,4836,Bank Transfer,Paid,728.67,2025-03-17
4837,4837,Bank Transfer,Paid,35.24,2022-01-27
4838,4838,PayPal,Paid,879.31,2023-04-23
4839,4839,Bank Transfer,Paid,2738.93,2023-04-16
4840,4840,Card,Paid,1728.01,2025-05-30
4841,4841,Invoice,Refunded,3001.15,2024-03-10
4842,4842,Invoice,Paid,887.37,2025-11-22
4843,4843,PayPal,Paid,867.88,2022-05-05
4844,4844,Bank Transfer,Paid,718.96,2024-01-30
4845,4845,Bank Transfer,Paid,479.85,2024-01-20
4846,4846,Invoice,Paid,1613.21,2024-10-08
4847,4847,PayPal,Paid,2697.13,2023-12-27
4848,4848,Invoice,Paid,1302.58,2022-09-05
4849,4849,Invoice,Paid,1474.06,2024-09-25
4850,4850,Bank Transfer,Paid,1868.64,2022-03-12
4851,4851,PayPal,Paid,1632.53,2024-06-27
4852,4852,Invoice,Paid,2879.92,2025-11-22
4853,4853,PayPal,Paid,620.84,2022-03-27
4854,4854,Bank Transfer,Paid,997.45,2025-06-14
4855,4855,Card,Paid,2564.47,2022-02-26
4856,4856,Card,Pending,812.02,2024-04-20
4857,4857,Invoice,Paid,854.36,2022-10-18
4858,4858,Card,Paid,577.77,2023-06-23
4859,4859,PayPal,Refunded,1044.43,2022-05-13
4860,4860,Bank Transfer,Pending,709.38,2023-08-12
4861,4861,Card,Paid,2428.82,2023-08-07
4862,4862,Invoice,Paid,321.47,2023-11-22
4863,4863,Bank Transfer,Paid,1160.91,2025-04-17
4864,4864,Invoice,Paid,595.78,2022-07-11
4865,4865,Invoice,Pending,810.12,2023-09-23
4866,4866,PayPal,Paid,1802.27,2025-08-22
4867,4867,PayPal,Paid,2172.88,2022-12-01
4868,4868,PayPal,Pending,550.1,2025-06-23
4869,4869,Invoice,Refunded,1549.26,2024-12-19
4870,4870,PayPal,Paid,415.19,2022-09-26
4871,4871,Invoice,Pending,643.34,2025-08-04
4872,4872,Bank Transfer,Paid,111.12,2024-12-31
4873,4873,Bank Transfer,Paid,538.69,2024-07-16
4874,4874,Bank Transfer,Pending,772.16,2025-05-11
4875,4875,Invoice,Pending,929.3,2023-12-30
4876,4876,Bank Transfer,Paid,655.88,2025-12-04
4877,4877,Invoice,Paid,96.94,2025-04-18
4878,4878,Bank Transfer,Paid,497.89,2025-05-10
4879,4879,PayPal,Refunded,29.29,2023-06-10
4880,4880,Invoice,Paid,92.62,2025-09-05
4881,4881,PayPal,Paid,1587.21,2023-05-08
4882,4882,Invoice,Paid,1859.15,2022-09-30
4883,4883,Card,Paid,1542.26,2022-03-26
4884,4884,PayPal,Paid,556.13,2022-04-28
4885,4885,Card,Paid,1062.98,2022-12-16
4886,4886,Bank Transfer,Paid,230.91,2024-02-13
4887,4887,Invoice,Paid,1228.26,2023-10-18
4888,4888,Bank Transfer,Paid,348.72,2022-08-22
4889,4889,Bank Transfer,Paid,310.43,2023-09-19
4890,4890,Invoice,Paid,1842.21,2024-02-12
4891,4891,Bank Transfer,Paid,305.99,2024-01-05
4892,4892,Bank Transfer,Paid,2357.84,2023-08-09
4893,4893,PayPal,Paid,1132.22,2025-07-24
4894,4894,Card,Paid,786.18,2024-06-07
4895,4895,Bank Transfer,Paid,1302.93,2025-12-03
4896,4896,Bank Transfer,Refunded,507.24,2024-12-26
4897,4897,Bank Transfer,Paid,928.85,2024-12-10
4898,4898,Invoice,Pending,112.08,2024-11-02
4899,4899,Card,Paid,1909.43,2022-05-31
4900,4900,Card,Paid,334.46,2024-11-14
4901,4901,PayPal,Refunded,2806.8,2024-08-27
4902,4902,Bank Transfer,Paid,1390.74,2024-06-19
4903,4903,Card,Paid,609.19,2023-01-04
4904,4904,PayPal,Refunded,2325.54,2023-01-21
4905,4905,Bank Transfer,Paid,433.27,2025-09-07
4906,4906,PayPal,Paid,1216.01,2025-08-20
4907,4907,PayPal,Pending,477.3,2025-01-19
4908,4908,PayPal,Paid,791.84,2022-07-28
4909,4909,Bank Transfer,Paid,2595.28,2024-01-13
4910,4910,Bank Transfer,Paid,710.98,2024-02-28
4911,4911,PayPal,Paid,280.67,2025-09-08
4912,4912,Card,Paid,547.96,2022-07-28
4913,4913,PayPal,Pending,1942.5,2024-12-19
4914,4914,Invoice,Paid,2386.12,2022-06-10
4915,4915,PayPal,Paid,1562.59,2025-08-06
4916,4916,PayPal,Paid,1354.32,2023-10-03
4917,4917,PayPal,Paid,182.82,2024-12-24
4918,4918,Card,Paid,59.18,2022-09-26
4919,4919,Bank Transfer,Refunded,399.74,2024-08-16
4920,4920,Bank Transfer,Paid,604.53,2025-08-18
4921,4921,PayPal,Refunded,1523.13,2022-07-05
4922,4922,Card,Paid,578.29,2025-04-24
4923,4923,Invoice,Paid,1020.63,2024-05-20
4924,4924,Card,Paid,505.78,2024-07-03
4925,4925,Bank Transfer,Pending,970.78,2023-09-28
4926,4926,Card,Pending,212.01,2024-06-16
4927,4927,Invoice,Paid,1413.02,2025-02-04
4928,4928,Bank Transfer,Paid,632.63,2022-06-19
4929,4929,Invoice,Pending,223.56,2024-01-24
4930,4930,PayPal,Paid,661.54,2022-12-17
4931,4931,Card,Paid,1027.4,2025-05-29
4932,4932,Bank Transfer,Paid,442.8,2024-06-11
4933,4933,Bank Transfer,Pending,1201.22,2022-07-20
4934,4934,Invoice,Paid,715.95,2024-07-20
4935,4935,Invoice,Paid,542.51,2025-12-05
4936,4936,Card,Paid,274.6,2023-03-13
4937,4937,Invoice,Paid,1068.75,2022-05-31
4938,4938,Invoice,Pending,2647.18,2025-12-10
4939,4939,Bank Transfer,Pending,634.19,2022-03-10
4940,4940,PayPal,Paid,773.8,2025-09-24
4941,4941,Invoice,Paid,772.17,2024-12-02
4942,4942,Bank Transfer,Pending,746.76,2023-02-16
4943,4943,Invoice,Paid,26.98,2024-10-11
4944,4944,Invoice,Paid,770.69,2022-09-29
4945,4945,Card,Paid,648.4,2025-11-05
4946,4946,Card,Paid,1476.3,2022-05-17
4947,4947,Bank Transfer,Paid,994.26,2025-11-13
4948,4948,PayPal,Paid,1029.17,2022-01-01
4949,4949,PayPal,Paid,565.42,2023-10-09
4950,4950,Card,Pending,796.93,2023-08-01
4951,4951,Bank Transfer,Pending,1481.94,2025-03-09
4952,4952,Invoice,Paid,760.65,2025-11-26
4953,4953,Bank Transfer,Pending,109.56,2022-08-28
4954,4954,Card,Pending,2849.01,2025-07-29
4955,4955,Card,Paid,1840.4,2024-05-20
4956,4956,PayPal,Paid,1381.55,2023-03-02
4957,4957,Invoice,Refunded,1254.41,2023-03-27
4958,4958,Invoice,Paid,1121.46,2025-01-27
4959,4959,Invoice,Paid,1097.52,2023-02-19
4960,4960,Invoice,Paid,1397.34,2022-05-25
4961,4961,Bank Transfer,Paid,1818.95,2025-12-10
4962,4962,PayPal,Refunded,1108.28,2025-11-02
4963,4963,Card,Pending,545.34,2025-07-01
4964,4964,Card,Paid,1040.16,2024-07-15
4965,4965,PayPal,Paid,3726.9,2023-05-13
4966,4966,Invoice,Paid,2246.25,2025-03-24
4967,4967,PayPal,Paid,2312.84,2023-09-21
4968,4968,PayPal,Paid,1194.53,2023-03-25
4969,4969,Invoice,Paid,3915.86,2022-11-19
4970,4970,Bank Transfer,Paid,1904.3,2025-11-09
4971,4971,Invoice,Paid,1787.0,2024-01-21
4972,4972,Invoice,Paid,443.08,2023-05-21
4973,4973,PayPal,Paid,1841.29,2024-12-29
4974,4974,PayPal,Paid,2175.26,2023-03-15
4975,4975,Invoice,Pending,1067.64,2023-12-03
4976,4976,PayPal,Pending,2105.06,2024-07-28
4977,4977,PayPal,Paid,1183.74,2025-10-31
4978,4978,PayPal,Paid,2390.6,2024-06-26
4979,4979,PayPal,Paid,1057.96,2024-06-25
4980,4980,Bank Transfer,Paid,1401.59,2023-09-14
4981,4981,Invoice,Paid,636.75,2025-03-20
4982,4982,Bank Transfer,Paid,3192.86,2023-12-31
4983,4983,PayPal,Paid,2664.77,2022-07-30
4984,4984,Bank Transfer,Pending,439.98,2023-06-27
4985,4985,Bank Transfer,Paid,922.9,2023-02-09
4986,4986,Invoice,Paid,687.84,2024-03-24
4987,4987,PayPal,Paid,642.58,2024-07-22
4988,4988,Card,Pending,615.57,2024-08-26
4989,4989,PayPal,Paid,1110.84,2025-06-15
4990,4990,Invoice,Paid,273.46,2025-07-24
4991,4991,PayPal,Paid,1056.25,2023-12-13
4992,4992,Bank Transfer,Paid,874.63,2023-08-17
4993,4993,Card,Paid,1989.35,2023-10-27
4994,4994,Card,Paid,728.52,2022-09-02
4995,4995,PayPal,Paid,5514.14,2022-09-11
4996,4996,PayPal,Paid,1812.18,2023-02-14
4997,4997,PayPal,Paid,492.04,2023-11-10
4998,4998,Bank Transfer,Pending,764.82,2022-10-11
4999,4999,Card,Paid,998.84,2023-02-06
5000,5000,PayPal,Pending,1017.51,2024-09-28
5001,5001,Bank Transfer,Paid,1207.37,2022-08-03
5002,5002,Card,Paid,217.16,2025-12-28
5003,5003,Card,Paid,357.15,2022-04-04
5004,5004,PayPal,Paid,1113.76,2024-04-10
5005,5005,Card,Paid,981.47,2025-08-31
5006,5006,Bank Transfer,Paid,1249.3,2023-12-07
5007,5007,Bank Transfer,Paid,527.19,2025-03-23
5008,5008,Bank Transfer,Pending,2285.12,2023-12-28
5009,5009,Invoice,Pending,2908.24,2022-07-06
5010,5010,Bank Transfer,Pending,538.68,2022-12-24
5011,5011,Invoice,Paid,2459.64,2025-08-11
5012,5012,Bank Transfer,Paid,1077.97,2023-11-10
5013,5013,PayPal,Pending,1380.65,2024-07-07
5014,5014,Invoice,Pending,1273.52,2022-01-09
5015,5015,Card,Paid,167.98,2022-02-28
5016,5016,Card,Paid,535.06,2023-06-08
5017,5017,Card,Paid,536.24,2025-09-09
5018,5018,Card,Paid,351.1,2022-08-09
5019,5019,Bank Transfer,Pending,510.61,2022-01-01
5020,5020,PayPal,Paid,557.49,2023-07-27
5021,5021,PayPal,Pending,785.32,2022-09-12
5022,5022,Card,Paid,516.19,2023-02-19
5023,5023,Invoice,Paid,1931.96,2025-04-11
5024,5024,PayPal,Paid,1994.46,2022-12-27
5025,5025,PayPal,Pending,930.99,2023-06-07
5026,5026,Invoice,Paid,182.59,2022-04-01
5027,5027,PayPal,Paid,576.84,2025-04-05
5028,5028,PayPal,Refunded,197.82,2024-10-09
5029,5029,Card,Refunded,104.7,2022-05-25
5030,5030,Card,Pending,627.6,2022-11-14
5031,5031,Invoice,Paid,1522.44,2024-10-28
5032,5032,PayPal,Paid,837.05,2024-03-19
5033,5033,Bank Transfer,Paid,1453.91,2024-10-10
5034,5034,Card,Paid,1296.44,2022-02-03
5035,5035,Invoice,Paid,1809.09,2024-04-23
5036,5036,Invoice,Pending,429.34,2022-02-02
5037,5037,Invoice,Pending,1183.87,2025-02-21
5038,5038,Bank Transfer,Paid,672.87,2025-12-26
5039,5039,Bank Transfer,Paid,5050.6,2023-05-02
5040,5040,Card,Paid,2927.2,2022-09-19
5041,5041,Bank Transfer,Paid,3839.03,2025-11-03
5042,5042,PayPal,Refunded,496.92,2025-11-25
5043,5043,Card,Pending,815.69,2025-05-25
5044,5044,PayPal,Paid,2393.64,2023-12-14
5045,5045,Card,Paid,422.09,2023-08-24
5046,5046,Card,Paid,447.82,2023-05-03
5047,5047,Card,Paid,225.74,2023-05-26
5048,5048,Card,Paid,1595.6,2023-09-09
5049,5049,Invoice,Pending,2277.24,2024-05-24
5050,5050,Card,Paid,332.67,2025-12-13
5051,5051,Card,Paid,395.19,2023-10-31
5052,5052,Bank Transfer,Paid,30.86,2025-07-03
5053,5053,Invoice,Paid,1373.73,2024-08-01
5054,5054,PayPal,Paid,1267.66,2023-04-23
5055,5055,Bank Transfer,Paid,564.1,2022-12-27
5056,5056,PayPal,Paid,2883.6,2022-05-14
5057,5057,Bank Transfer,Paid,493.57,2022-10-15
5058,5058,Card,Paid,698.92,2022-12-31
5059,5059,Card,Paid,1182.46,2024-08-27
5060,5060,Bank Transfer,Paid,1112.46,2024-05-14
5061,5061,Card,Paid,1850.28,2022-04-03
5062,5062,Bank Transfer,Paid,446.38,2024-11-29
5063,5063,Invoice,Refunded,2230.16,2023-03-02
5064,5064,Card,Paid,401.67,2025-08-16
5065,5065,Bank Transfer,Refunded,1341.84,2024-07-06
5066,5066,PayPal,Paid,2132.97,2022-12-05
5067,5067,Invoice,Paid,1474.62,2025-06-17
5068,5068,Card,Refunded,1556.5,2025-03-06
5069,5069,Invoice,Paid,250.45,2023-11-11
5070,5070,PayPal,Pending,98.23,2025-05-22
5071,5071,PayPal,Pending,105.25,2025-09-19
5072,5072,Card,Pending,1055.44,2023-07-06
5073,5073,Invoice,Paid,257.33,2023-08-14
5074,5074,Invoice,Paid,1005.11,2022-04-29
5075,5075,PayPal,Paid,2723.31,2025-08-05
5076,5076,Bank Transfer,Paid,222.64,2023-12-17
5077,5077,Card,Paid,356.66,2025-05-17
5078,5078,PayPal,Paid,712.49,2024-01-11
5079,5079,Card,Paid,1371.08,2022-09-25
5080,5080,Bank Transfer,Paid,1777.79,2022-04-03
5081,5081,Card,Pending,1813.5,2024-07-30
5082,5082,Card,Refunded,1100.51,2024-08-14
5083,5083,Invoice,Paid,1260.89,2024-05-21
5084,5084,Invoice,Refunded,1828.6,2025-11-06
5085,5085,PayPal,Paid,110.21,2022-12-29
5086,5086,Bank Transfer,Paid,1631.07,2022-11-06
5087,5087,Card,Refunded,181.79,2023-12-16
5088,5088,PayPal,Paid,690.92,2024-12-15
5089,5089,Invoice,Paid,502.45,2022-02-25
5090,5090,PayPal,Paid,898.2,2024-08-20
5091,5091,PayPal,Paid,3071.2,2025-11-01
5092,5092,Invoice,Paid,1527.6,2025-11-27
5093,5093,PayPal,Paid,406.91,2023-07-31
5094,5094,Invoice,Pending,580.77,2024-04-23
5095,5095,Invoice,Pending,2125.7,2022-03-24
5096,5096,PayPal,Pending,998.97,2023-11-15
5097,5097,Card,Paid,1933.06,2022-07-28
5098,5098,Bank Transfer,Paid,1590.1,2024-04-29
5099,5099,PayPal,Paid,194.08,2023-06-21
5100,5100,Bank Transfer,Paid,1198.66,2025-03-15
5101,5101,PayPal,Paid,117.07,2023-05-17
5102,5102,Bank Transfer,Paid,1507.23,2022-09-23
5103,5103,PayPal,Pending,1178.97,2025-12-05
5104,5104,PayPal,Paid,853.68,2025-12-11
5105,5105,Invoice,Paid,1823.44,2022-07-04
5106,5106,PayPal,Paid,3878.99,2023-12-13
5107,5107,Invoice,Pending,3724.83,2023-10-08
5108,5108,Card,Paid,318.7,2025-01-03
5109,5109,Invoice,Paid,3280.31,2024-09-06
5110,5110,Card,Paid,737.43,2023-09-20
5111,5111,Card,Paid,678.84,2022-01-06
5112,5112,Card,Paid,607.82,2024-09-11
5113,5113,Bank Transfer,Pending,2400.97,2024-11-15
5114,5114,Bank Transfer,Pending,835.58,2023-12-15
5115,5115,Card,Paid,210.31,2025-09-24
5116,5116,Invoice,Paid,749.37,2022-01-05
5117,5117,Card,Paid,1453.53,2022-06-28
5118,5118,Invoice,Refunded,2716.88,2025-10-04
5119,5119,Bank Transfer,Paid,2515.57,2023-08-17
5120,5120,PayPal,Refunded,2404.05,2023-09-29
5121,5121,Card,Pending,1117.02,2023-11-15
5122,5122,Bank Transfer,Paid,1307.56,2023-11-11
5123,5123,Invoice,Paid,658.57,2025-07-26
5124,5124,Bank Transfer,Pending,1039.74,2022-02-16
5125,5125,Invoice,Paid,304.83,2022-07-26
5126,5126,Invoice,Paid,670.68,2025-01-07
5127,5127,Card,Paid,859.77,2023-10-27
5128,5128,Card,Refunded,1278.29,2022-09-17
5129,5129,PayPal,Refunded,365.66,2025-11-27
5130,5130,PayPal,Paid,722.33,2023-08-24
5131,5131,Invoice,Paid,1992.7,2023-01-21
5132,5132,PayPal,Paid,443.67,2024-04-27
5133,5133,PayPal,Pending,791.34,2023-11-16
5134,5134,Invoice,Paid,204.66,2025-12-03
5135,5135,PayPal,Paid,215.51,2022-09-05
5136,5136,Bank Transfer,Paid,660.54,2024-12-04
5137,5137,Invoice,Paid,3133.99,2024-01-11
5138,5138,Card,Pending,251.82,2024-12-10
5139,5139,Bank Transfer,Pending,467.62,2024-12-08
5140,5140,PayPal,Paid,82.58,2025-01-06
5141,5141,PayPal,Paid,2004.25,2024-02-24
5142,5142,Bank Transfer,Paid,454.14,2025-07-26
5143,5143,Card,Pending,2594.26,2022-01-02
5144,5144,PayPal,Paid,2275.14,2023-01-20
5145,5145,Card,Paid,3039.6,2025-08-19
5146,5146,Bank Transfer,Paid,659.06,2024-09-09
5147,5147,Card,Paid,1050.68,2024-02-12
5148,5148,PayPal,Paid,2643.14,2025-01-06
5149,5149,Invoice,Paid,2031.08,2022-05-23
5150,5150,Card,Paid,1662.82,2022-07-05
5151,5151,Card,Pending,578.39,2024-08-15
5152,5152,Bank Transfer,Paid,156.93,2022-06-12
5153,5153,Card,Paid,1486.15,2023-09-18
5154,5154,Card,Pending,562.66,2022-05-19
5155,5155,Card,Paid,549.12,2023-11-26
5156,5156,Invoice,Paid,2249.36,2022-10-09
5157,5157,PayPal,Pending,734.13,2025-07-14
5158,5158,Invoice,Paid,480.39,2024-05-05
5159,5159,Card,Paid,940.92,2023-12-21
5160,5160,PayPal,Paid,349.38,2022-12-21
5161,5161,PayPal,Paid,4879.83,2024-01-12
5162,5162,Invoice,Paid,523.17,2025-11-28
5163,5163,Card,Paid,636.08,2023-12-05
5164,5164,PayPal,Paid,666.5,2022-05-13
5165,5165,PayPal,Paid,2610.61,2024-07-21
5166,5166,PayPal,Pending,1924.08,2023-04-10
5167,5167,Card,Paid,135.09,2024-07-22
5168,5168,Bank Transfer,Paid,862.09,2024-09-13
5169,5169,Invoice,Paid,426.29,2025-06-01
5170,5170,Bank Transfer,Paid,1029.57,2022-04-07
5171,5171,Card,Paid,931.28,2022-09-04
5172,5172,Invoice,Pending,725.76,2024-05-04
5173,5173,Bank Transfer,Paid,468.26,2023-02-27
5174,5174,PayPal,Paid,105.75,2024-07-19
5175,5175,Card,Paid,949.01,2022-12-11
5176,5176,Card,Paid,1626.82,2025-11-25
5177,5177,Card,Paid,1318.01,2023-07-14
5178,5178,Invoice,Paid,986.97,2022-02-28
5179,5179,Bank Transfer,Pending,637.73,2025-07-01
5180,5180,Bank Transfer,Paid,1403.22,2024-07-08
5181,5181,Card,Paid,1283.75,2023-07-30
5182,5182,Invoice,Paid,2493.16,2022-11-29
5183,5183,Bank Transfer,Paid,301.83,2024-11-07
5184,5184,PayPal,Paid,661.82,2022-11-28
5185,5185,Card,Pending,1778.68,2023-05-17
5186,5186,Invoice,Paid,673.45,2022-11-13
5187,5187,Card,Paid,1084.55,2023-07-11
5188,5188,Invoice,Pending,353.28,2022-12-29
5189,5189,PayPal,Paid,994.99,2025-10-14
5190,5190,Invoice,Paid,4104.48,2024-10-09
5191,5191,PayPal,Paid,277.6,2024-07-30
5192,5192,PayPal,Paid,867.86,2023-04-30
5193,5193,Invoice,Paid,1071.25,2022-10-03
5194,5194,Invoice,Refunded,749.32,2022-12-16
5195,5195,Invoice,Paid,856.4,2022-08-09
5196,5196,Card,Paid,1458.18,2025-09-05
5197,5197,Card,Paid,1726.52,2025-11-25
5198,5198,Card,Paid,980.87,2022-05-13
5199,5199,Card,Paid,159.79,2023-10-12
5200,5200,Card,Pending,878.01,2024-05-18
5201,5201,Bank Transfer,Paid,1399.53,2024-07-10
5202,5202,Bank Transfer,Paid,902.3,2024-03-13
5203,5203,Invoice,Paid,373.99,2023-02-06
5204,5204,Invoice,Paid,265.11,2023-07-22
5205,5205,Card,Paid,617.27,2023-04-08
5206,5206,Bank Transfer,Paid,941.98,2023-08-12
5207,5207,Card,Paid,2539.41,2022-04-19
5208,5208,PayPal,Paid,679.77,2023-12-29
5209,5209,Bank Transfer,Pending,635.95,2022-02-06
5210,5210,PayPal,Paid,1174.69,2023-01-04
5211,5211,PayPal,Paid,831.65,2022-03-14
5212,5212,PayPal,Paid,304.7,2024-04-07
5213,5213,PayPal,Refunded,2519.43,2024-12-10
5214,5214,PayPal,Paid,411.62,2023-05-20
5215,5215,PayPal,Refunded,638.44,2023-06-30
5216,5216,Bank Transfer,Pending,1531.77,2022-06-13
5217,5217,Invoice,Paid,2259.05,2023-05-03
5218,5218,PayPal,Paid,49.6,2023-12-11
5219,5219,Invoice,Paid,495.4,2025-07-14
5220,5220,Card,Paid,819.69,2025-06-28
5221,5221,Bank Transfer,Paid,298.68,2024-07-05
5222,5222,Card,Refunded,1032.41,2025-05-26
5223,5223,PayPal,Refunded,3071.65,2025-12-26
5224,5224,PayPal,Paid,1169.61,2024-10-14
5225,5225,PayPal,Refunded,272.34,2023-01-10
5226,5226,Bank Transfer,Paid,684.0,2025-10-25
5227,5227,Invoice,Refunded,532.47,2023-11-02
5228,5228,Card,Paid,446.48,2022-10-15
5229,5229,Invoice,Paid,1249.69,2024-11-29
5230,5230,Invoice,Paid,1030.84,2022-08-03
5231,5231,Card,Paid,686.45,2024-06-12
5232,5232,PayPal,Paid,1301.68,2024-07-27
5233,5233,Bank Transfer,Refunded,930.74,2022-10-22
5234,5234,Card,Paid,56.43,2024-11-05
5235,5235,Invoice,Paid,256.6,2024-08-24
5236,5236,PayPal,Paid,1493.32,2023-10-13
5237,5237,Bank Transfer,Paid,2073.59,2025-08-14
5238,5238,PayPal,Pending,2428.77,2024-08-12
5239,5239,PayPal,Refunded,2311.79,2023-07-19
5240,5240,PayPal,Paid,420.53,2023-07-07
5241,5241,Card,Paid,1786.1,2025-11-13
5242,5242,Invoice,Pending,1604.58,2025-11-22
5243,5243,Card,Paid,120.4,2025-07-22
5244,5244,Invoice,Paid,34.27,2024-08-18
5245,5245,Card,Paid,202.2,2025-05-30
5246,5246,Invoice,Pending,913.23,2022-08-21
5247,5247,Invoice,Paid,1468.98,2022-08-15
5248,5248,Card,Paid,97.91,2023-09-12
5249,5249,PayPal,Paid,1668.81,2024-10-24
5250,5250,Card,Paid,1616.68,2025-03-07
5251,5251,Bank Transfer,Paid,1578.36,2024-07-28
5252,5252,Card,Paid,439.93,2025-11-24
5253,5253,Card,Paid,1322.94,2025-11-14
5254,5254,Invoice,Refunded,298.35,2025-08-24
5255,5255,Bank Transfer,Paid,3256.06,2024-10-26
5256,5256,Bank Transfer,Paid,192.11,2025-12-11
5257,5257,Bank Transfer,Paid,1694.19,2025-10-28
5258,5258,Bank Transfer,Paid,2239.22,2022-12-27
5259,5259,Invoice,Refunded,2969.68,2025-09-07
5260,5260,Invoice,Paid,1604.33,2025-11-16
5261,5261,Invoice,Paid,1575.9,2024-02-29
5262,5262,PayPal,Paid,1394.04,2025-10-17
5263,5263,Card,Paid,1515.3,2022-04-10
5264,5264,Invoice,Paid,272.18,2022-07-31
5265,5265,Card,Pending,229.54,2024-05-28
5266,5266,Card,Pending,3651.31,2025-06-04
5267,5267,Bank Transfer,Pending,2402.0,2022-03-25
5268,5268,Invoice,Paid,835.96,2023-11-04
5269,5269,Invoice,Paid,146.0,2023-12-06
5270,5270,Invoice,Paid,729.21,2023-11-30
5271,5271,Card,Paid,2830.76,2024-06-13
5272,5272,Invoice,Pending,388.47,2024-06-23
5273,5273,Card,Paid,4279.64,2022-06-03
5274,5274,Bank Transfer,Paid,378.48,2024-08-13
5275,5275,Card,Paid,654.68,2025-01-13
5276,5276,Invoice,Paid,363.79,2024-02-03
5277,5277,PayPal,Refunded,1869.33,2022-04-09
5278,5278,Invoice,Paid,277.64,2023-04-21
5279,5279,Invoice,Paid,545.96,2023-08-19
5280,5280,Bank Transfer,Refunded,713.39,2025-11-25
5281,5281,Bank Transfer,Paid,342.34,2024-03-28
5282,5282,PayPal,Paid,2024.0,2022-03-19
5283,5283,Card,Paid,625.09,2023-04-28
5284,5284,Invoice,Paid,2277.37,2022-08-26
5285,5285,Bank Transfer,Paid,403.82,2023-01-03
5286,5286,Bank Transfer,Pending,2072.75,2024-09-14
5287,5287,Card,Paid,3728.44,2025-01-11
5288,5288,Invoice,Pending,777.65,2024-03-29
5289,5289,Bank Transfer,Paid,1035.85,2022-06-13
5290,5290,Card,Paid,280.9,2025-07-03
5291,5291,Invoice,Refunded,1251.04,2025-06-03
5292,5292,Bank Transfer,Paid,1180.8,2025-02-19
5293,5293,PayPal,Paid,284.15,2025-11-02
5294,5294,PayPal,Paid,607.67,2022-12-21
5295,5295,Invoice,Paid,1078.97,2023-02-23
5296,5296,Bank Transfer,Paid,658.62,2023-11-17
5297,5297,Bank Transfer,Pending,135.69,2024-05-21
5298,5298,PayPal,Paid,523.2,2023-05-30
5299,5299,PayPal,Pending,1360.94,2025-01-14
5300,5300,Invoice,Paid,259.98,2024-11-20
5301,5301,PayPal,Paid,1369.5,2025-09-15
5302,5302,Invoice,Paid,480.63,2024-01-18
5303,5303,Invoice,Paid,1425.86,2023-09-06
5304,5304,Bank Transfer,Pending,392.36,2022-12-05
5305,5305,Bank Transfer,Pending,3094.0,2022-09-17
5306,5306,Card,Pending,206.31,2022-10-16
5307,5307,Invoice,Paid,753.04,2023-11-22
5308,5308,Bank Transfer,Paid,3296.41,2025-03-01
5309,5309,PayPal,Paid,1101.03,2023-07-21
5310,5310,Bank Transfer,Paid,4505.62,2025-06-29
5311,5311,PayPal,Paid,664.4,2023-03-15
5312,5312,Bank Transfer,Pending,344.06,2023-04-01
5313,5313,Invoice,Pending,83.29,2023-06-03
5314,5314,Card,Pending,270.72,2023-07-17
5315,5315,PayPal,Paid,867.16,2024-02-27
5316,5316,Invoice,Paid,165.99,2025-10-29
5317,5317,PayPal,Paid,696.17,2023-09-02
5318,5318,PayPal,Paid,505.75,2022-08-07
5319,5319,Bank Transfer,Paid,1161.53,2024-10-25
5320,5320,Bank Transfer,Paid,495.07,2024-10-14
5321,5321,Bank Transfer,Pending,1059.31,2024-02-15
5322,5322,Card,Paid,1913.56,2025-04-29
5323,5323,Card,Refunded,649.6,2025-09-01
5324,5324,Card,Paid,610.19,2023-05-29
5325,5325,Card,Paid,1059.52,2025-05-16
5326,5326,Card,Paid,27.56,2023-02-18
5327,5327,Invoice,Paid,1281.53,2023-07-14
5328,5328,Bank Transfer,Pending,1376.86,2023-12-09
5329,5329,Bank Transfer,Paid,750.06,2023-12-18
5330,5330,PayPal,Paid,1107.51,2023-07-24
5331,5331,Bank Transfer,Refunded,121.66,2022-06-08
5332,5332,Invoice,Paid,2054.95,2024-10-24
5333,5333,PayPal,Paid,3222.74,2023-08-11
5334,5334,Bank Transfer,Paid,603.62,2025-09-07
5335,5335,Card,Paid,3231.19,2024-01-21
5336,5336,PayPal,Pending,813.52,2022-09-26
5337,5337,Invoice,Paid,2132.93,2023-10-29
5338,5338,PayPal,Paid,386.94,2024-12-16
5339,5339,Invoice,Paid,2514.95,2022-07-20
5340,5340,Bank Transfer,Pending,116.45,2025-06-08
5341,5341,Bank Transfer,Refunded,975.82,2022-01-12
5342,5342,PayPal,Paid,320.31,2024-12-16
5343,5343,Card,Paid,85.1,2024-12-28
5344,5344,Bank Transfer,Pending,941.91,2025-07-23
5345,5345,PayPal,Pending,481.8,2025-10-29
5346,5346,PayPal,Paid,2091.56,2022-09-03
5347,5347,Bank Transfer,Paid,27.12,2024-08-21
5348,5348,Card,Paid,81.21,2024-11-12
5349,5349,PayPal,Paid,351.22,2025-01-11
5350,5350,Invoice,Paid,139.46,2024-04-27
5351,5351,Invoice,Paid,817.61,2023-05-20
5352,5352,PayPal,Paid,269.37,2022-03-16
5353,5353,PayPal,Paid,1018.79,2025-09-12
5354,5354,PayPal,Paid,2645.63,2023-02-24
5355,5355,Card,Paid,2344.36,2024-10-22
5356,5356,Invoice,Pending,1532.14,2023-03-15
5357,5357,Invoice,Pending,1270.23,2023-12-09
5358,5358,PayPal,Paid,550.03,2023-04-10
5359,5359,PayPal,Pending,1440.21,2024-04-18
5360,5360,Bank Transfer,Paid,652.22,2023-09-28
5361,5361,Invoice,Refunded,1191.23,2025-12-14
5362,5362,PayPal,Paid,3686.64,2023-01-05
5363,5363,Card,Refunded,1452.92,2024-11-06
5364,5364,Card,Paid,2310.48,2022-02-05
5365,5365,Invoice,Paid,667.9,2025-12-30
5366,5366,PayPal,Paid,377.92,2024-03-09
5367,5367,Bank Transfer,Paid,171.37,2024-05-16
5368,5368,PayPal,Paid,255.72,2023-10-19
5369,5369,Card,Refunded,283.63,2022-07-21
5370,5370,PayPal,Pending,222.7,2022-11-27
5371,5371,PayPal,Paid,900.86,2025-11-17
5372,5372,Card,Paid,289.82,2025-04-10
5373,5373,Card,Refunded,80.56,2025-08-13
5374,5374,PayPal,Pending,2644.27,2023-08-17
5375,5375,Bank Transfer,Paid,1786.35,2024-06-07
5376,5376,PayPal,Refunded,643.76,2023-02-07
5377,5377,PayPal,Paid,1747.49,2024-03-02
5378,5378,Bank Transfer,Paid,1026.95,2025-02-24
5379,5379,Card,Pending,701.1,2023-08-19
5380,5380,Invoice,Paid,40.5,2024-10-30
5381,5381,PayPal,Paid,913.44,2024-07-29
5382,5382,Card,Paid,24.86,2024-12-14
5383,5383,Card,Paid,1060.62,2023-04-11
5384,5384,PayPal,Paid,471.47,2022-10-17
5385,5385,Card,Paid,960.39,2025-09-04
5386,5386,PayPal,Paid,416.79,2023-02-13
5387,5387,Invoice,Paid,994.24,2023-04-04
5388,5388,Invoice,Paid,3215.96,2022-02-22
5389,5389,Bank Transfer,Paid,2265.17,2025-01-01
5390,5390,PayPal,Paid,262.11,2023-12-21
5391,5391,Bank Transfer,Paid,257.5,2025-11-28
5392,5392,PayPal,Pending,2119.22,2023-07-23
5393,5393,Bank Transfer,Paid,124.22,2024-02-22
5394,5394,Card,Pending,1879.75,2022-02-23
5395,5395,Card,Paid,95.87,2025-09-19
5396,5396,PayPal,Paid,524.92,2024-05-25
5397,5397,PayPal,Paid,302.59,2022-11-28
5398,5398,Bank Transfer,Pending,1052.22,2025-05-25
5399,5399,Invoice,Pending,1715.33,2022-05-08
5400,5400,PayPal,Paid,668.63,2025-07-13
5401,5401,PayPal,Paid,1682.89,2023-11-29
5402,5402,PayPal,Paid,1188.58,2025-11-04
5403,5403,Card,Paid,1591.4,2022-12-13
5404,5404,Bank Transfer,Paid,1171.89,2025-10-14
5405,5405,Card,Refunded,941.81,2023-05-15
5406,5406,Invoice,Paid,519.65,2024-03-30
5407,5407,Invoice,Paid,1290.01,2022-02-03
5408,5408,Invoice,Paid,497.99,2023-07-30
5409,5409,PayPal,Paid,636.36,2025-11-09
5410,5410,PayPal,Paid,1415.38,2022-10-21
5411,5411,Invoice,Paid,396.09,2022-08-03
5412,5412,Invoice,Paid,1290.35,2024-11-17
5413,5413,Card,Paid,943.87,2025-11-01
5414,5414,Bank Transfer,Paid,1294.45,2024-12-29
5415,5415,PayPal,Paid,254.92,2024-06-16
5416,5416,Card,Paid,862.79,2023-03-15
5417,5417,PayPal,Refunded,490.71,2025-04-14
5418,5418,Bank Transfer,Paid,434.24,2024-11-01
5419,5419,Card,Paid,320.68,2025-08-13
5420,5420,Invoice,Paid,1663.97,2022-07-17
5421,5421,Card,Paid,672.99,2023-10-17
5422,5422,Card,Paid,1455.82,2023-04-10
5423,5423,Bank Transfer,Pending,2374.78,2025-09-30
5424,5424,Bank Transfer,Pending,229.29,2025-06-27
5425,5425,Card,Pending,1735.85,2025-04-13
5426,5426,Bank Transfer,Paid,2480.94,2022-12-30
5427,5427,Card,Paid,159.23,2022-09-30
5428,5428,PayPal,Pending,1550.26,2024-05-31
5429,5429,Invoice,Pending,1140.48,2025-02-25
5430,5430,Card,Paid,181.52,2024-08-12
5431,5431,Card,Paid,2143.35,2022-08-11
5432,5432,Invoice,Paid,518.4,2025-06-11
5433,5433,Bank Transfer,Paid,781.94,2024-12-21
5434,5434,Invoice,Pending,725.97,2024-11-21
5435,5435,Invoice,Paid,84.91,2025-09-16
5436,5436,Invoice,Refunded,245.95,2023-06-01
5437,5437,Bank Transfer,Paid,389.34,2022-03-05
5438,5438,Card,Paid,1157.07,2025-04-14
5439,5439,PayPal,Paid,905.8,2022-04-08
5440,5440,Bank Transfer,Paid,2065.71,2024-01-19
5441,5441,PayPal,Paid,543.39,2023-10-21
5442,5442,PayPal,Paid,1224.24,2023-05-31
5443,5443,PayPal,Paid,109.85,2025-06-18
5444,5444,PayPal,Refunded,278.74,2024-04-21
5445,5445,Bank Transfer,Paid,752.7,2022-08-20
5446,5446,Invoice,Paid,2294.65,2022-06-27
5447,5447,Bank Transfer,Paid,23.08,2025-05-25
5448,5448,PayPal,Paid,1021.82,2024-03-27
5449,5449,Card,Paid,720.21,2022-11-08
5450,5450,PayPal,Paid,1975.92,2024-05-11
5451,5451,Invoice,Paid,1272.6,2022-02-21
5452,5452,Bank Transfer,Pending,450.01,2023-07-04
5453,5453,PayPal,Paid,391.88,2024-07-30
5454,5454,Bank Transfer,Paid,360.54,2024-04-18
5455,5455,Invoice,Pending,328.25,2022-12-03
5456,5456,Bank Transfer,Paid,1592.63,2025-02-26
5457,5457,Invoice,Paid,709.37,2024-04-09
5458,5458,PayPal,Pending,1749.97,2023-12-14
5459,5459,Card,Paid,1462.78,2024-08-06
5460,5460,Card,Pending,2794.52,2023-01-02
5461,5461,PayPal,Pending,2172.55,2024-12-14
5462,5462,Invoice,Paid,527.87,2023-09-30
5463,5463,PayPal,Pending,416.41,2023-12-26
5464,5464,Bank Transfer,Paid,310.93,2022-06-13
5465,5465,Bank Transfer,Paid,1837.31,2023-01-29
5466,5466,PayPal,Paid,163.91,2025-01-20
5467,5467,PayPal,Paid,57.76,2022-01-16
5468,5468,Invoice,Refunded,2055.42,2022-07-10
5469,5469,Card,Pending,1177.03,2022-02-13
5470,5470,Bank Transfer,Paid,524.64,2024-07-09
5471,5471,PayPal,Refunded,396.9,2024-11-11
5472,5472,PayPal,Paid,330.86,2024-08-07
5473,5473,Card,Pending,83.92,2022-03-06
5474,5474,Invoice,Pending,272.88,2025-10-04
5475,5475,Invoice,Paid,2198.47,2023-10-09
5476,5476,Card,Paid,4500.75,2022-10-27
5477,5477,Bank Transfer,Pending,839.52,2025-12-25
5478,5478,Bank Transfer,Pending,435.5,2023-10-03
5479,5479,Bank Transfer,Refunded,1161.68,2024-07-17
5480,5480,Card,Paid,918.33,2025-11-05
5481,5481,PayPal,Paid,304.01,2022-04-09
5482,5482,Card,Paid,2111.64,2022-12-03
5483,5483,Invoice,Paid,269.26,2023-12-24
5484,5484,Bank Transfer,Pending,471.32,2022-05-18
5485,5485,PayPal,Paid,2218.59,2022-09-14
5486,5486,PayPal,Pending,2287.16,2022-11-03
5487,5487,Invoice,Pending,92.0,2023-05-07
5488,5488,Bank Transfer,Paid,1065.27,2024-07-19
5489,5489,Invoice,Paid,848.82,2024-11-10
5490,5490,Invoice,Paid,311.84,2022-02-01
5491,5491,Invoice,Paid,881.58,2023-11-07
5492,5492,PayPal,Paid,61.19,2024-09-23
5493,5493,Invoice,Paid,484.07,2024-12-23
5494,5494,Invoice,Paid,155.34,2023-07-10
5495,5495,Card,Pending,396.73,2024-12-13
5496,5496,PayPal,Pending,2934.0,2022-07-17
5497,5497,Card,Paid,1659.65,2024-11-30
5498,5498,Invoice,Paid,711.12,2024-09-09
5499,5499,PayPal,Paid,935.4,2024-06-12
5500,5500,Invoice,Pending,1017.58,2023-03-02
5501,5501,PayPal,Paid,649.78,2024-02-20
5502,5502,Bank Transfer,Paid,1843.62,2022-05-22
5503,5503,PayPal,Paid,2407.41,2023-06-23
5504,5504,PayPal,Paid,1251.95,2023-06-06
5505,5505,Invoice,Paid,2481.49,2023-03-18
5506,5506,Bank Transfer,Paid,707.92,2024-09-07
5507,5507,Card,Paid,2729.83,2023-11-16
5508,5508,Invoice,Paid,2187.8,2023-12-10
5509,5509,PayPal,Paid,1779.98,2024-11-05
5510,5510,Invoice,Paid,650.15,2023-07-22
5511,5511,Invoice,Paid,1049.58,2023-12-24
5512,5512,PayPal,Paid,199.36,2023-01-20
5513,5513,PayPal,Pending,698.45,2023-12-02
5514,5514,PayPal,Paid,3089.89,2023-12-16
5515,5515,PayPal,Paid,1721.24,2025-12-27
5516,5516,PayPal,Paid,487.87,2025-08-20
5517,5517,PayPal,Refunded,2461.59,2022-04-06
5518,5518,Invoice,Paid,399.07,2023-09-27
5519,5519,Card,Paid,1093.22,2022-11-08
5520,5520,PayPal,Paid,1714.42,2022-08-03
5521,5521,Bank Transfer,Paid,310.56,2024-07-25
5522,5522,Card,Paid,538.8,2022-05-08
5523,5523,Invoice,Pending,261.72,2023-12-28
5524,5524,PayPal,Paid,590.06,2022-05-27
5525,5525,Invoice,Paid,1437.73,2022-04-20
5526,5526,Bank Transfer,Paid,586.87,2022-08-29
5527,5527,Bank Transfer,Paid,1201.67,2022-02-08
5528,5528,PayPal,Pending,507.65,2025-07-31
5529,5529,Card,Pending,481.87,2022-12-27
5530,5530,Card,Pending,225.48,2023-10-26
5531,5531,Card,Paid,812.74,2025-11-15
5532,5532,Bank Transfer,Paid,483.87,2023-02-03
5533,5533,PayPal,Paid,1401.92,2023-01-21
5534,5534,Card,Refunded,986.41,2023-02-25
5535,5535,Bank Transfer,Paid,1706.89,2024-07-24
5536,5536,Card,Paid,1068.26,2024-06-09
5537,5537,Invoice,Paid,4573.53,2024-05-20
5538,5538,Card,Paid,1512.24,2024-05-24
5539,5539,Bank Transfer,Paid,430.53,2022-07-13
5540,5540,PayPal,Paid,645.58,2022-07-25
5541,5541,Invoice,Paid,97.87,2023-11-17
5542,5542,Invoice,Pending,1417.4,2025-11-29
5543,5543,PayPal,Paid,544.81,2022-07-15
5544,5544,PayPal,Pending,1043.0,2022-02-15
5545,5545,Invoice,Paid,1267.65,2023-02-19
5546,5546,PayPal,Paid,554.14,2022-04-12
5547,5547,PayPal,Paid,3376.36,2024-04-12
5548,5548,Card,Paid,1685.34,2022-12-01
5549,5549,Invoice,Pending,566.07,2023-09-17
5550,5550,Invoice,Paid,579.43,2024-01-27
5551,5551,Invoice,Paid,1228.11,2022-10-25
5552,5552,PayPal,Paid,1400.41,2022-12-25
5553,5553,Card,Paid,855.98,2025-05-07
5554,5554,Card,Paid,1203.55,2024-07-11
5555,5555,Card,Refunded,1292.13,2023-08-08
5556,5556,Bank Transfer,Paid,440.83,2023-12-17
5557,5557,Invoice,Paid,2201.78,2024-04-01
5558,5558,PayPal,Pending,528.47,2025-09-16
5559,5559,PayPal,Pending,2410.25,2025-10-22
5560,5560,Invoice,Paid,975.03,2024-01-16
5561,5561,Card,Paid,1095.39,2024-03-07
5562,5562,Bank Transfer,Paid,735.33,2022-01-10
5563,5563,Invoice,Paid,233.12,2024-07-24
5564,5564,Invoice,Paid,586.84,2024-12-05
5565,5565,Bank Transfer,Paid,148.59,2023-11-09
5566,5566,Invoice,Paid,448.88,2025-11-04
5567,5567,PayPal,Paid,335.98,2024-10-25
5568,5568,Invoice,Paid,483.18,2022-08-14
5569,5569,PayPal,Pending,1488.69,2025-03-01
5570,5570,Invoice,Paid,2062.85,2022-04-11
5571,5571,Bank Transfer,Paid,379.97,2025-08-04
5572,5572,Invoice,Paid,598.1,2025-12-23
5573,5573,Bank Transfer,Pending,366.13,2024-08-11
5574,5574,PayPal,Paid,781.75,2025-07-05
5575,5575,Card,Paid,1102.99,2025-12-04
5576,5576,Card,Paid,233.01,2024-07-23
5577,5577,PayPal,Refunded,832.44,2024-09-23
5578,5578,PayPal,Pending,1439.05,2024-07-10
5579,5579,PayPal,Refunded,4368.7,2022-03-04
5580,5580,Bank Transfer,Paid,1002.43,2022-05-11
5581,5581,Bank Transfer,Pending,848.49,2024-10-31
5582,5582,Invoice,Paid,225.35,2025-06-21
5583,5583,Bank Transfer,Paid,896.2,2025-10-18
5584,5584,Invoice,Paid,974.39,2024-05-24
5585,5585,PayPal,Paid,674.47,2024-05-10
5586,5586,PayPal,Pending,661.51,2024-04-29
5587,5587,Bank Transfer,Paid,185.92,2024-06-28
5588,5588,Bank Transfer,Paid,609.63,2025-06-16
5589,5589,Invoice,Paid,1675.51,2022-10-02
5590,5590,Bank Transfer,Paid,105.15,2023-11-23
5591,5591,Bank Transfer,Refunded,3036.3,2024-04-01
5592,5592,Card,Paid,3599.69,2023-08-12
5593,5593,Card,Paid,951.93,2025-08-29
5594,5594,Invoice,Refunded,103.02,2025-08-27
5595,5595,Bank Transfer,Pending,1054.07,2025-06-11
5596,5596,Card,Paid,1082.13,2024-11-26
5597,5597,PayPal,Paid,1605.06,2025-12-22
5598,5598,Invoice,Paid,872.94,2024-08-08
5599,5599,Card,Paid,3337.66,2023-11-25
5600,5600,Invoice,Paid,867.43,2025-10-28
5601,5601,Invoice,Pending,564.44,2024-07-28
5602,5602,Card,Paid,274.85,2024-06-19
5603,5603,Invoice,Paid,903.98,2022-04-23
5604,5604,Invoice,Paid,2941.08,2023-05-11
5605,5605,Card,Paid,1001.81,2022-08-07
5606,5606,PayPal,Paid,30.46,2023-10-30
5607,5607,Invoice,Pending,1117.76,2025-09-02
5608,5608,Invoice,Paid,870.72,2024-09-20
5609,5609,Invoice,Paid,1206.92,2022-12-28
5610,5610,Invoice,Paid,848.68,2022-07-29
5611,5611,Bank Transfer,Paid,988.21,2025-12-23
5612,5612,Bank Transfer,Pending,2284.15,2024-12-15
5613,5613,Card,Paid,1945.06,2022-03-22
5614,5614,Card,Paid,640.77,2025-11-28
5615,5615,Invoice,Paid,136.18,2025-06-17
5616,5616,PayPal,Paid,2430.06,2022-12-20
5617,5617,Bank Transfer,Refunded,629.23,2024-04-22
5618,5618,Card,Paid,205.02,2025-05-09
5619,5619,Invoice,Paid,404.07,2022-11-17
5620,5620,Invoice,Pending,815.6,2023-02-18
5621,5621,Bank Transfer,Paid,237.01,2023-05-12
5622,5622,Bank Transfer,Paid,549.59,2022-09-22
5623,5623,Bank Transfer,Pending,1788.81,2023-06-10
5624,5624,Bank Transfer,Pending,2024.75,2025-04-18
5625,5625,Bank Transfer,Paid,1368.66,2024-11-08
5626,5626,Card,Paid,241.63,2022-11-29
5627,5627,PayPal,Paid,1013.58,2022-01-07
5628,5628,PayPal,Paid,1397.72,2024-03-23
5629,5629,Bank Transfer,Paid,458.99,2023-05-16
5630,5630,PayPal,Paid,587.47,2025-07-19
5631,5631,PayPal,Paid,563.51,2025-01-02
5632,5632,PayPal,Paid,812.05,2022-10-23
5633,5633,Bank Transfer,Pending,1517.46,2024-01-13
5634,5634,Invoice,Paid,231.54,2024-11-01
5635,5635,Bank Transfer,Paid,924.35,2024-07-19
5636,5636,Card,Paid,2454.61,2022-04-07
5637,5637,Bank Transfer,Paid,387.4,2025-07-04
5638,5638,Bank Transfer,Pending,210.16,2023-10-05
5639,5639,Card,Paid,739.88,2025-12-08
5640,5640,Bank Transfer,Paid,2448.98,2022-06-05
5641,5641,Bank Transfer,Paid,3942.0,2025-02-25
5642,5642,Card,Paid,1608.33,2023-11-24
5643,5643,PayPal,Paid,713.31,2024-08-27
5644,5644,PayPal,Refunded,427.81,2025-06-09
5645,5645,Card,Paid,78.3,2025-04-14
5646,5646,Card,Paid,554.07,2025-01-09
5647,5647,PayPal,Paid,800.32,2022-11-08
5648,5648,PayPal,Paid,218.76,2024-04-08
5649,5649,Invoice,Pending,742.99,2024-10-08
5650,5650,Invoice,Paid,1017.41,2025-08-16
5651,5651,PayPal,Paid,1927.52,2024-02-12
5652,5652,Invoice,Paid,348.89,2024-11-12
5653,5653,Card,Paid,2168.09,2022-05-18
5654,5654,Invoice,Paid,372.43,2024-12-17
5655,5655,Card,Paid,3317.75,2024-09-07
5656,5656,PayPal,Pending,2288.64,2024-11-17
5657,5657,Bank Transfer,Paid,554.37,2025-07-08
5658,5658,Bank Transfer,Pending,1451.29,2022-08-13
5659,5659,PayPal,Paid,277.6,2024-07-11
5660,5660,PayPal,Paid,205.81,2023-10-18
5661,5661,Card,Paid,482.0,2022-11-15
5662,5662,Invoice,Paid,663.6,2023-10-02
5663,5663,Invoice,Paid,613.79,2022-11-10
5664,5664,Card,Pending,2612.36,2022-11-01
5665,5665,Invoice,Paid,556.59,2024-04-05
5666,5666,Invoice,Pending,3140.85,2024-05-23
5667,5667,PayPal,Refunded,1022.43,2024-11-15
5668,5668,Bank Transfer,Paid,1059.23,2022-01-29
5669,5669,Card,Paid,1257.44,2023-04-19
5670,5670,Bank Transfer,Paid,1427.01,2023-11-14
5671,5671,Invoice,Paid,1998.4,2023-03-07
5672,5672,Card,Pending,597.74,2024-12-02
5673,5673,Card,Pending,269.99,2022-02-21
5674,5674,Invoice,Paid,313.1,2022-01-01
5675,5675,Bank Transfer,Paid,1264.66,2022-04-06
5676,5676,Bank Transfer,Paid,1644.76,2023-08-30
5677,5677,PayPal,Refunded,952.48,2025-10-09
5678,5678,Bank Transfer,Pending,1111.88,2024-03-14
5679,5679,PayPal,Paid,274.57,2024-03-25
5680,5680,Bank Transfer,Paid,2236.71,2025-11-10
5681,5681,PayPal,Paid,2190.65,2023-10-14
5682,5682,Card,Pending,1415.88,2023-02-01
5683,5683,PayPal,Paid,558.93,2025-08-28
5684,5684,Card,Paid,6723.96,2025-12-04
5685,5685,Card,Paid,969.14,2022-07-28
5686,5686,Card,Paid,2048.25,2025-10-04
5687,5687,Card,Paid,540.65,2025-04-08
5688,5688,Card,Paid,434.4,2024-09-13
5689,5689,Card,Paid,2006.06,2025-07-11
5690,5690,Card,Paid,1659.48,2022-03-17
5691,5691,PayPal,Paid,1251.49,2023-07-21
5692,5692,Bank Transfer,Paid,6340.07,2025-07-12
5693,5693,Invoice,Paid,563.5,2023-06-08
5694,5694,Invoice,Paid,189.02,2024-02-11
5695,5695,Invoice,Paid,1566.46,2022-06-17
5696,5696,Bank Transfer,Pending,2234.83,2024-03-03
5697,5697,Invoice,Paid,293.93,2023-05-07
5698,5698,Invoice,Paid,39.43,2023-12-02
5699,5699,Invoice,Paid,206.48,2024-08-21
5700,5700,PayPal,Pending,970.64,2023-12-19
5701,5701,Card,Paid,782.17,2022-10-18
5702,5702,Invoice,Refunded,1655.9,2024-06-15
5703,5703,Invoice,Paid,486.89,2023-10-31
5704,5704,Bank Transfer,Pending,2199.26,2024-11-27
5705,5705,Invoice,Paid,881.05,2022-09-10
5706,5706,PayPal,Paid,424.3,2022-12-10
5707,5707,Invoice,Pending,176.14,2023-09-21
5708,5708,Bank Transfer,Paid,998.37,2023-08-26
5709,5709,Invoice,Pending,1628.24,2022-10-10
5710,5710,Card,Paid,2233.11,2022-02-11
5711,5711,Invoice,Paid,956.38,2024-11-23
5712,5712,Card,Paid,489.79,2022-05-05
5713,5713,Card,Paid,498.99,2023-08-12
5714,5714,Card,Paid,1825.02,2023-02-21
5715,5715,Invoice,Paid,1232.97,2022-11-04
5716,5716,PayPal,Pending,996.3,2023-06-21
5717,5717,Bank Transfer,Paid,86.22,2024-12-03
5718,5718,Card,Pending,1511.56,2025-12-24
5719,5719,Bank Transfer,Pending,3101.59,2024-12-03
5720,5720,Card,Pending,2625.83,2024-07-20
5721,5721,Card,Paid,446.33,2024-08-02
5722,5722,PayPal,Paid,897.24,2024-12-09
5723,5723,Invoice,Paid,804.64,2023-12-10
5724,5724,Bank Transfer,Pending,233.55,2022-05-06
5725,5725,Card,Paid,2730.57,2022-09-29
5726,5726,PayPal,Paid,168.64,2025-12-18
5727,5727,PayPal,Paid,1290.85,2023-03-19
5728,5728,Card,Paid,766.41,2024-12-15
5729,5729,PayPal,Paid,1534.02,2025-05-16
5730,5730,Card,Paid,1198.0,2023-06-11
5731,5731,Bank Transfer,Paid,1426.95,2024-01-12
5732,5732,PayPal,Paid,784.83,2024-05-10
5733,5733,Bank Transfer,Paid,1264.4,2022-03-01
5734,5734,Card,Paid,1176.76,2024-07-01
5735,5735,Bank Transfer,Pending,293.81,2024-06-01
5736,5736,Card,Paid,723.75,2023-07-18
5737,5737,Bank Transfer,Paid,2110.99,2025-01-21
5738,5738,PayPal,Paid,487.47,2025-03-21
5739,5739,Invoice,Paid,1555.33,2025-06-05
5740,5740,Bank Transfer,Paid,1068.09,2022-02-14
5741,5741,PayPal,Paid,926.77,2024-10-18
5742,5742,PayPal,Pending,831.37,2022-09-08
5743,5743,PayPal,Paid,154.03,2023-07-24
5744,5744,Bank Transfer,Paid,998.03,2023-10-28
5745,5745,Card,Paid,651.41,2024-08-12
5746,5746,Bank Transfer,Paid,565.76,2024-03-02
5747,5747,Card,Paid,626.74,2025-07-23
5748,5748,Card,Paid,210.69,2022-04-08
5749,5749,PayPal,Paid,335.74,2022-02-04
5750,5750,PayPal,Paid,899.06,2023-02-11
5751,5751,PayPal,Paid,226.53,2022-07-04
5752,5752,Bank Transfer,Paid,1918.97,2025-10-19
5753,5753,PayPal,Paid,1194.77,2024-03-24
5754,5754,PayPal,Paid,559.74,2022-11-09
5755,5755,Bank Transfer,Paid,343.68,2024-09-29
5756,5756,Bank Transfer,Paid,1905.19,2025-06-23
5757,5757,Card,Paid,1276.77,2022-03-29
5758,5758,Bank Transfer,Paid,338.27,2023-03-08
5759,5759,Card,Paid,897.0,2023-11-27
5760,5760,Bank Transfer,Paid,1329.75,2025-01-20
5761,5761,Invoice,Pending,945.95,2025-08-18
5762,5762,Bank Transfer,Paid,662.11,2024-12-13
5763,5763,PayPal,Paid,1133.18,2024-05-08
5764,5764,Card,Pending,466.77,2025-03-17
5765,5765,Invoice,Paid,522.21,2023-09-10
5766,5766,Invoice,Refunded,860.24,2024-02-22
5767,5767,Invoice,Paid,311.99,2025-07-21
5768,5768,Invoice,Paid,17.14,2024-10-14
5769,5769,Bank Transfer,Refunded,727.68,2024-07-17
5770,5770,Card,Refunded,518.4,2023-02-14
5771,5771,Bank Transfer,Refunded,208.01,2025-06-10
5772,5772,PayPal,Paid,904.45,2025-11-24
5773,5773,Card,Paid,2340.21,2025-07-30
5774,5774,PayPal,Paid,266.15,2023-04-20
5775,5775,Card,Paid,866.07,2023-12-06
5776,5776,PayPal,Paid,738.43,2024-05-10
5777,5777,Bank Transfer,Refunded,1607.22,2022-05-06
5778,5778,Card,Paid,488.13,2025-11-21
5779,5779,Invoice,Pending,942.1,2022-12-12
5780,5780,Bank Transfer,Paid,319.56,2025-09-25
5781,5781,Bank Transfer,Paid,391.24,2024-08-05
5782,5782,Invoice,Paid,972.4,2022-09-07
5783,5783,Invoice,Paid,819.49,2024-04-21
5784,5784,Invoice,Paid,429.59,2025-05-03
5785,5785,Invoice,Paid,2357.11,2023-11-17
5786,5786,Invoice,Pending,1168.36,2022-01-30
5787,5787,Invoice,Paid,1006.54,2023-09-07
5788,5788,Invoice,Paid,1910.77,2024-10-22
5789,5789,Card,Paid,1302.28,2025-09-12
5790,5790,Bank Transfer,Paid,111.37,2024-12-18
5791,5791,Bank Transfer,Pending,171.97,2023-09-26
5792,5792,Bank Transfer,Paid,942.2,2025-09-22
5793,5793,PayPal,Pending,2925.14,2024-07-07
5794,5794,PayPal,Pending,1100.7,2022-03-17
5795,5795,Bank Transfer,Paid,1181.74,2023-12-12
5796,5796,Invoice,Paid,489.21,2025-03-14
5797,5797,Invoice,Paid,705.66,2024-06-24
5798,5798,PayPal,Paid,444.24,2022-02-01
5799,5799,PayPal,Pending,684.92,2022-08-20
5800,5800,Bank Transfer,Paid,678.55,2024-10-09
5801,5801,Bank Transfer,Pending,998.28,2025-06-05
5802,5802,Bank Transfer,Paid,485.43,2023-06-16
5803,5803,Invoice,Paid,388.43,2023-04-08
5804,5804,Card,Pending,8680.86,2023-06-16
5805,5805,Card,Paid,1065.11,2025-10-07
5806,5806,Card,Paid,1727.92,2023-11-24
5807,5807,Invoice,Paid,514.96,2025-08-11
5808,5808,Bank Transfer,Pending,308.13,2025-07-17
5809,5809,Card,Pending,1285.16,2022-12-06
5810,5810,PayPal,Paid,1811.02,2022-08-08
5811,5811,Card,Pending,168.72,2022-12-27
5812,5812,Card,Paid,460.56,2024-11-18
5813,5813,Card,Paid,635.13,2024-06-09
5814,5814,Card,Paid,1810.78,2025-12-11
5815,5815,PayPal,Pending,1162.77,2024-09-23
5816,5816,Card,Paid,339.79,2025-07-28
5817,5817,Bank Transfer,Paid,1621.26,2024-03-05
5818,5818,PayPal,Paid,676.72,2022-08-26
5819,5819,Invoice,Paid,1369.41,2023-04-17
5820,5820,Invoice,Paid,403.95,2023-12-01
5821,5821,PayPal,Paid,652.76,2022-10-23
5822,5822,Bank Transfer,Paid,1467.36,2023-10-29
5823,5823,Bank Transfer,Paid,1567.55,2025-04-07
5824,5824,PayPal,Pending,376.39,2022-10-08
5825,5825,Bank Transfer,Paid,299.86,2025-09-13
5826,5826,Invoice,Paid,1676.09,2023-07-01
5827,5827,Card,Paid,693.23,2023-08-02
5828,5828,Card,Paid,883.16,2023-12-29
5829,5829,Bank Transfer,Paid,1133.99,2022-11-09
5830,5830,Invoice,Refunded,621.88,2025-05-30
5831,5831,Card,Paid,98.77,2023-06-05
5832,5832,Invoice,Paid,1345.78,2022-12-08
5833,5833,PayPal,Paid,1819.91,2022-01-12
5834,5834,Invoice,Paid,569.92,2022-12-19
5835,5835,PayPal,Paid,1016.45,2024-08-01
5836,5836,Bank Transfer,Pending,864.16,2024-11-17
5837,5837,Card,Paid,2071.39,2023-12-14
5838,5838,Card,Paid,261.25,2025-05-08
5839,5839,Bank Transfer,Paid,723.54,2025-03-01
5840,5840,Card,Paid,220.39,2025-01-01
5841,5841,Bank Transfer,Paid,1067.58,2023-05-24
5842,5842,Card,Paid,1340.81,2022-04-15
5843,5843,Bank Transfer,Paid,602.73,2023-05-24
5844,5844,PayPal,Paid,475.47,2024-10-11
5845,5845,Invoice,Paid,283.62,2024-03-03
5846,5846,Bank Transfer,Refunded,2087.93,2022-09-21
5847,5847,PayPal,Paid,698.64,2025-06-17
5848,5848,PayPal,Pending,336.36,2023-12-20
5849,5849,Card,Paid,969.94,2023-06-13
5850,5850,Card,Paid,3262.45,2024-08-17
5851,5851,Invoice,Paid,1406.38,2022-08-05
5852,5852,PayPal,Paid,1735.95,2023-11-18
5853,5853,Bank Transfer,Pending,1732.96,2023-07-16
5854,5854,Bank Transfer,Paid,602.04,2022-07-23
5855,5855,Card,Pending,275.06,2025-12-20
5856,5856,Card,Paid,1305.09,2024-12-10
5857,5857,Invoice,Paid,136.36,2023-11-21
5858,5858,PayPal,Pending,1778.53,2024-06-24
5859,5859,Bank Transfer,Paid,1586.11,2024-03-09
5860,5860,Bank Transfer,Pending,45.7,2022-04-08
5861,5861,Card,Paid,729.13,2022-06-15
5862,5862,Bank Transfer,Paid,423.27,2025-11-28
5863,5863,PayPal,Paid,3448.57,2022-05-31
5864,5864,PayPal,Paid,1825.87,2024-12-24
5865,5865,Card,Paid,1769.02,2024-10-07
5866,5866,PayPal,Pending,521.68,2024-03-13
5867,5867,PayPal,Paid,1057.89,2025-12-03
5868,5868,PayPal,Paid,2424.92,2023-05-04
5869,5869,PayPal,Paid,636.51,2024-06-16
5870,5870,Invoice,Pending,340.96,2024-10-24
5871,5871,Invoice,Paid,925.38,2023-11-01
5872,5872,PayPal,Pending,1873.51,2023-03-06
5873,5873,PayPal,Pending,874.49,2022-08-15
5874,5874,Card,Pending,1294.46,2022-01-18
5875,5875,PayPal,Paid,458.56,2023-07-07
5876,5876,PayPal,Paid,266.67,2023-02-05
5877,5877,PayPal,Pending,2088.48,2025-11-04
5878,5878,Bank Transfer,Paid,156.54,2023-10-22
5879,5879,Bank Transfer,Paid,100.19,2023-10-26
5880,5880,Invoice,Pending,86.29,2022-11-01
5881,5881,Invoice,Paid,58.61,2025-07-04
5882,5882,Bank Transfer,Paid,243.19,2024-11-01
5883,5883,Bank Transfer,Paid,221.12,2023-09-07
5884,5884,Bank Transfer,Paid,568.45,2024-12-25
5885,5885,Invoice,Paid,1024.73,2025-10-04
5886,5886,Invoice,Paid,3171.18,2025-06-17
5887,5887,Card,Paid,621.28,2025-07-27
5888,5888,Bank Transfer,Pending,1364.33,2022-06-29
5889,5889,Bank Transfer,Paid,220.16,2025-12-20
5890,5890,Card,Paid,1164.97,2023-05-29
5891,5891,Bank Transfer,Paid,1705.3,2022-09-27
5892,5892,Invoice,Refunded,235.52,2023-11-02
5893,5893,Bank Transfer,Paid,557.01,2023-11-04
5894,5894,Bank Transfer,Paid,554.6,2024-03-28
5895,5895,Invoice,Paid,3025.53,2024-08-13
5896,5896,PayPal,Paid,893.91,2024-10-24
5897,5897,Bank Transfer,Paid,824.26,2023-05-17
5898,5898,Invoice,Paid,481.82,2022-05-12
5899,5899,Invoice,Paid,226.04,2023-11-14
5900,5900,PayPal,Refunded,1385.48,2024-11-20
5901,5901,Bank Transfer,Paid,4054.46,2023-12-26
5902,5902,PayPal,Paid,4639.59,2024-09-09
5903,5903,PayPal,Paid,132.34,2024-06-02
5904,5904,PayPal,Paid,1102.95,2025-05-13
5905,5905,Bank Transfer,Paid,3848.0,2025-04-29
5906,5906,Card,Paid,457.76,2022-03-21
5907,5907,Invoice,Refunded,907.74,2025-11-09
5908,5908,Invoice,Paid,2614.39,2023-05-24
5909,5909,Card,Paid,1230.51,2023-10-06
5910,5910,Invoice,Paid,282.6,2022-12-02
5911,5911,PayPal,Paid,536.22,2022-09-14
5912,5912,Invoice,Paid,1283.54,2023-04-05
5913,5913,Card,Paid,957.33,2023-01-19
5914,5914,Card,Paid,380.22,2025-07-08
5915,5915,Card,Paid,1103.09,2022-11-04
5916,5916,PayPal,Paid,743.12,2022-09-21
5917,5917,Bank Transfer,Paid,772.96,2025-10-01
5918,5918,Card,Paid,510.3,2025-12-26
5919,5919,Invoice,Paid,930.44,2025-03-16
5920,5920,Card,Paid,282.01,2025-04-10
5921,5921,Bank Transfer,Paid,978.2,2022-05-30
5922,5922,Card,Paid,3511.74,2023-04-02
5923,5923,Bank Transfer,Paid,1296.5,2022-04-25
5924,5924,PayPal,Pending,443.68,2024-10-28
5925,5925,PayPal,Paid,691.54,2024-01-30
5926,5926,PayPal,Paid,916.73,2022-06-18
5927,5927,PayPal,Paid,1345.08,2023-10-02
5928,5928,PayPal,Paid,704.84,2022-06-11
5929,5929,Bank Transfer,Paid,595.63,2024-05-11
5930,5930,PayPal,Paid,1447.51,2025-02-28
5931,5931,Invoice,Paid,244.11,2025-07-18
5932,5932,PayPal,Pending,1010.21,2022-03-03
5933,5933,Invoice,Paid,1298.66,2023-12-06
5934,5934,PayPal,Paid,106.22,2024-07-31
5935,5935,Invoice,Paid,100.14,2024-02-27
5936,5936,Bank Transfer,Paid,528.46,2024-07-25
5937,5937,Invoice,Paid,2537.21,2025-06-22
5938,5938,Invoice,Paid,117.19,2025-11-26
5939,5939,Card,Pending,325.34,2023-05-20
5940,5940,PayPal,Paid,1236.72,2023-03-27
5941,5941,Bank Transfer,Paid,1078.59,2023-11-18
5942,5942,Card,Pending,1169.52,2024-02-29
5943,5943,PayPal,Paid,278.61,2025-07-20
5944,5944,Card,Paid,4336.46,2024-04-05
5945,5945,Card,Paid,1043.78,2024-03-05
5946,5946,PayPal,Paid,634.7,2023-01-04
5947,5947,PayPal,Paid,918.99,2025-03-04
5948,5948,Card,Paid,1331.96,2025-10-26
5949,5949,Card,Paid,984.36,2022-11-05
5950,5950,PayPal,Pending,1339.39,2025-09-16
5951,5951,Invoice,Refunded,356.59,2025-10-13
5952,5952,Bank Transfer,Paid,912.23,2025-11-04
5953,5953,Invoice,Pending,629.09,2022-10-10
5954,5954,Invoice,Paid,918.57,2023-07-13
5955,5955,Card,Paid,233.98,2023-09-08
5956,5956,Invoice,Paid,908.67,2023-11-24
5957,5957,Card,Pending,435.06,2024-01-12
5958,5958,Bank Transfer,Paid,775.13,2025-04-04
5959,5959,Bank Transfer,Paid,6611.79,2023-04-08
5960,5960,Bank Transfer,Paid,418.05,2022-11-28
5961,5961,Invoice,Paid,322.17,2024-11-09
5962,5962,Bank Transfer,Paid,2550.5,2022-02-23
5963,5963,Card,Paid,1628.06,2025-11-25
5964,5964,Bank Transfer,Paid,303.12,2025-09-30
5965,5965,PayPal,Paid,2531.62,2025-03-08
5966,5966,Bank Transfer,Paid,379.09,2023-10-05
5967,5967,PayPal,Paid,1143.33,2024-12-05
5968,5968,Invoice,Paid,55.64,2024-03-28
5969,5969,Invoice,Paid,720.4,2023-04-04
5970,5970,PayPal,Paid,1989.95,2023-10-01
5971,5971,PayPal,Paid,235.32,2023-04-17
5972,5972,Invoice,Paid,998.42,2022-01-07
5973,5973,Card,Paid,252.24,2023-01-06
5974,5974,Bank Transfer,Paid,1623.07,2023-02-24
5975,5975,PayPal,Paid,1166.32,2023-07-29
5976,5976,Invoice,Paid,2221.78,2022-07-19
5977,5977,Bank Transfer,Pending,1368.81,2023-10-23
5978,5978,Bank Transfer,Paid,197.84,2024-05-11
5979,5979,Invoice,Paid,112.39,2024-04-22
5980,5980,Bank Transfer,Paid,1430.47,2023-12-13
5981,5981,Invoice,Paid,291.99,2023-06-02
5982,5982,PayPal,Refunded,254.36,2025-06-01
5983,5983,Invoice,Paid,1110.79,2023-03-30
5984,5984,Invoice,Paid,156.73,2025-01-22
5985,5985,Card,Pending,2410.32,2022-02-11
5986,5986,Bank Transfer,Paid,376.88,2025-02-05
5987,5987,Card,Paid,1311.73,2023-01-28
5988,5988,Invoice,Paid,597.2,2025-12-30
5989,5989,Bank Transfer,Paid,77.65,2025-02-17
5990,5990,PayPal,Paid,107.42,2025-08-06
5991,5991,Invoice,Paid,944.01,2025-09-19
5992,5992,PayPal,Paid,1283.58,2022-09-21
5993,5993,PayPal,Paid,270.88,2024-12-21
5994,5994,PayPal,Paid,592.03,2022-04-12
5995,5995,PayPal,Paid,2773.33,2022-05-15
5996,5996,Bank Transfer,Paid,260.92,2023-09-22
5997,5997,Bank Transfer,Pending,756.18,2023-09-20
5998,5998,Card,Paid,142.74,2023-11-27
5999,5999,Invoice,Pending,1113.96,2022-06-18
6000,6000,Bank Transfer,Paid,543.18,2023-11-24
6001,6001,Invoice,Paid,317.89,2022-11-17
6002,6002,Invoice,Paid,1093.81,2024-08-30
6003,6003,Bank Transfer,Paid,872.58,2024-03-17
6004,6004,Bank Transfer,Pending,1242.84,2022-02-18
6005,6005,Card,Pending,4379.01,2022-02-01
6006,6006,PayPal,Paid,767.48,2022-06-29
6007,6007,Bank Transfer,Paid,348.59,2024-01-26
6008,6008,PayPal,Paid,169.37,2023-12-25
6009,6009,Bank Transfer,Refunded,285.02,2025-04-08
6010,6010,Bank Transfer,Paid,1258.11,2023-12-18
6011,6011,Card,Paid,181.98,2023-08-05
6012,6012,Invoice,Paid,977.4,2022-07-22
6013,6013,Invoice,Paid,3742.01,2025-09-13
6014,6014,Invoice,Pending,284.86,2025-03-09
6015,6015,Card,Paid,208.34,2025-07-02
6016,6016,Card,Paid,2560.98,2025-11-26
6017,6017,Bank Transfer,Paid,2391.89,2025-05-20
6018,6018,Invoice,Paid,2678.02,2024-07-02
6019,6019,Card,Pending,2117.99,2023-09-13
6020,6020,PayPal,Paid,1199.5,2023-06-02
6021,6021,Invoice,Paid,1376.11,2024-03-18
6022,6022,PayPal,Paid,421.44,2024-04-07
6023,6023,Bank Transfer,Pending,403.64,2024-12-06
6024,6024,Card,Paid,2305.94,2023-05-26
6025,6025,Card,Paid,73.19,2025-04-07
6026,6026,Bank Transfer,Paid,107.45,2025-12-22
6027,6027,PayPal,Paid,2737.05,2023-03-18
6028,6028,Invoice,Paid,2294.96,2025-12-28
6029,6029,Card,Pending,3020.42,2025-02-15
6030,6030,Card,Paid,2498.93,2023-10-30
6031,6031,Bank Transfer,Paid,1222.1,2022-06-03
6032,6032,Bank Transfer,Refunded,376.78,2023-05-10
6033,6033,Invoice,Paid,4016.27,2022-12-04
6034,6034,PayPal,Paid,742.51,2025-10-19
6035,6035,Invoice,Paid,1353.35,2024-12-13
6036,6036,Invoice,Pending,2031.09,2025-10-08
6037,6037,Card,Paid,168.67,2025-05-01
6038,6038,Bank Transfer,Paid,1319.75,2024-10-15
6039,6039,Card,Paid,698.7,2023-06-05
6040,6040,Invoice,Paid,943.3,2025-07-25
6041,6041,Bank Transfer,Paid,1072.2,2025-01-22
6042,6042,Bank Transfer,Paid,2879.83,2024-06-18
6043,6043,Bank Transfer,Paid,566.71,2023-06-15
6044,6044,Invoice,Paid,125.59,2025-08-11
6045,6045,Card,Pending,309.83,2024-09-17
6046,6046,Bank Transfer,Paid,614.14,2023-04-16
6047,6047,Invoice,Paid,1869.3,2023-05-05
6048,6048,PayPal,Paid,327.74,2023-02-18
6049,6049,Card,Paid,1833.59,2023-02-15
6050,6050,PayPal,Paid,848.61,2025-09-02
6051,6051,Card,Paid,415.44,2023-09-23
6052,6052,Invoice,Paid,2866.69,2022-06-21
6053,6053,Bank Transfer,Paid,1131.68,2022-10-18
6054,6054,Bank Transfer,Paid,872.7,2022-04-03
6055,6055,PayPal,Paid,285.44,2024-03-28
6056,6056,Bank Transfer,Pending,558.11,2023-02-06
6057,6057,Card,Pending,864.7,2025-11-13
6058,6058,PayPal,Paid,656.45,2022-07-17
6059,6059,Bank Transfer,Paid,91.87,2025-02-20
6060,6060,Bank Transfer,Refunded,548.66,2023-05-11
6061,6061,PayPal,Paid,242.68,2024-06-15
6062,6062,Invoice,Paid,1770.45,2022-05-08
6063,6063,Bank Transfer,Paid,906.56,2023-01-29
6064,6064,Invoice,Pending,563.81,2023-10-12
6065,6065,Bank Transfer,Paid,1039.39,2025-09-04
6066,6066,Invoice,Paid,3941.93,2024-01-24
6067,6067,PayPal,Paid,1218.95,2024-01-09
6068,6068,Bank Transfer,Pending,423.3,2024-06-11
6069,6069,Bank Transfer,Paid,2104.79,2025-12-01
6070,6070,Invoice,Paid,719.73,2022-07-31
6071,6071,Bank Transfer,Paid,2216.14,2024-11-20
6072,6072,Invoice,Pending,433.94,2023-07-07
6073,6073,Card,Paid,1600.55,2025-02-17
6074,6074,Card,Paid,1332.08,2024-05-25
6075,6075,Bank Transfer,Paid,2561.09,2023-12-03
6076,6076,Bank Transfer,Paid,509.23,2025-01-06
6077,6077,Bank Transfer,Paid,384.53,2022-10-15
6078,6078,Invoice,Paid,16.21,2022-05-30
6079,6079,PayPal,Pending,1612.35,2023-10-27
6080,6080,Bank Transfer,Paid,727.24,2024-12-09
6081,6081,Bank Transfer,Paid,667.93,2025-01-18
6082,6082,Bank Transfer,Refunded,245.48,2022-02-06
6083,6083,Invoice,Paid,1828.44,2024-11-05
6084,6084,Bank Transfer,Paid,1188.52,2022-09-30
6085,6085,Bank Transfer,Paid,183.12,2024-01-11
6086,6086,PayPal,Pending,1314.58,2023-02-12
6087,6087,Invoice,Paid,466.06,2022-10-23
6088,6088,Card,Paid,1069.29,2024-05-04
6089,6089,Card,Pending,1627.02,2023-11-19
6090,6090,Invoice,Paid,1857.78,2022-12-25
6091,6091,PayPal,Paid,286.28,2022-10-19
6092,6092,Bank Transfer,Paid,3175.34,2024-11-05
6093,6093,Card,Paid,508.74,2023-07-14
6094,6094,Bank Transfer,Paid,2663.03,2024-12-27
6095,6095,Bank Transfer,Paid,1055.94,2023-01-11
6096,6096,Card,Paid,325.56,2024-07-22
6097,6097,Card,Paid,1830.12,2022-05-09
6098,6098,Bank Transfer,Paid,2177.77,2025-08-20
6099,6099,PayPal,Paid,2305.9,2023-12-24
6100,6100,Invoice,Pending,1071.57,2023-11-13
6101,6101,Invoice,Paid,322.83,2023-12-21
6102,6102,Card,Paid,282.94,2024-12-18
6103,6103,Card,Paid,3094.7,2025-05-17
6104,6104,Card,Paid,1088.46,2024-04-05
6105,6105,PayPal,Paid,527.67,2022-02-03
6106,6106,Card,Paid,46.37,2023-01-04
6107,6107,Card,Paid,3277.07,2024-06-20
6108,6108,Bank Transfer,Paid,665.64,2025-01-25
6109,6109,Invoice,Paid,1824.93,2024-05-24
6110,6110,Invoice,Paid,73.06,2024-03-29
6111,6111,PayPal,Paid,3006.52,2025-06-24
6112,6112,Bank Transfer,Paid,250.1,2024-12-03
6113,6113,Bank Transfer,Paid,835.29,2022-03-28
6114,6114,PayPal,Paid,4534.43,2023-03-20
6115,6115,PayPal,Paid,211.86,2025-10-02
6116,6116,Bank Transfer,Paid,734.95,2023-09-16
6117,6117,Invoice,Paid,70.4,2023-02-09
6118,6118,Bank Transfer,Paid,715.77,2023-08-18
6119,6119,Bank Transfer,Paid,246.36,2025-10-08
6120,6120,Bank Transfer,Paid,2505.67,2025-10-05
6121,6121,Invoice,Paid,1257.52,2024-12-30
6122,6122,Card,Paid,229.49,2025-06-11
6123,6123,Card,Paid,474.34,2025-04-18
6124,6124,Card,Refunded,2073.59,2025-01-27
6125,6125,Card,Paid,382.8,2024-06-15
6126,6126,Invoice,Paid,1167.65,2025-05-27
6127,6127,Bank Transfer,Paid,1573.94,2025-02-22
6128,6128,Bank Transfer,Pending,1111.4,2025-06-13
6129,6129,PayPal,Paid,2530.73,2023-12-06
6130,6130,Bank Transfer,Paid,603.59,2022-12-25
6131,6131,PayPal,Paid,728.02,2024-12-29
6132,6132,Card,Paid,1535.65,2025-01-01
6133,6133,Invoice,Refunded,2640.13,2025-05-22
6134,6134,PayPal,Paid,2068.38,2023-07-23
6135,6135,Bank Transfer,Paid,1069.26,2022-11-02
6136,6136,Card,Pending,1395.79,2023-07-31
6137,6137,Card,Paid,25.97,2023-01-13
6138,6138,Invoice,Paid,1663.66,2024-09-28
6139,6139,Bank Transfer,Paid,1420.98,2024-08-13
6140,6140,Invoice,Paid,1654.99,2022-09-05
6141,6141,Card,Paid,1458.17,2025-02-03
6142,6142,Card,Paid,402.84,2023-07-12
6143,6143,Invoice,Paid,162.08,2025-11-12
6144,6144,Card,Paid,531.72,2022-12-20
6145,6145,Card,Refunded,1565.55,2024-02-05
6146,6146,Bank Transfer,Paid,1488.34,2023-08-25
6147,6147,Invoice,Paid,37.95,2024-04-01
6148,6148,Invoice,Paid,1187.59,2023-12-29
6149,6149,Card,Paid,2029.74,2025-12-01
6150,6150,Bank Transfer,Paid,132.04,2022-04-19
6151,6151,Bank Transfer,Paid,2046.1,2025-03-05
6152,6152,Invoice,Paid,3627.36,2023-05-16
6153,6153,Card,Paid,1008.1,2025-02-10
6154,6154,Invoice,Paid,796.16,2025-12-29
6155,6155,Bank Transfer,Paid,2513.21,2023-08-08
6156,6156,Bank Transfer,Paid,1831.41,2022-07-13
6157,6157,PayPal,Paid,488.24,2022-10-16
6158,6158,Invoice,Paid,1090.83,2024-11-12
6159,6159,Card,Paid,730.9,2022-10-11
6160,6160,Invoice,Paid,508.07,2024-02-26
6161,6161,Card,Pending,313.93,2025-02-15
6162,6162,Bank Transfer,Paid,1911.71,2023-08-07
6163,6163,PayPal,Refunded,827.04,2024-09-05
6164,6164,Card,Paid,308.67,2025-02-07
6165,6165,PayPal,Paid,999.61,2023-02-10
6166,6166,Invoice,Paid,1196.81,2023-12-01
6167,6167,Card,Paid,551.26,2024-11-04
6168,6168,Card,Paid,936.14,2023-07-17
6169,6169,Card,Pending,4216.88,2025-09-10
6170,6170,Card,Paid,873.25,2025-06-11
6171,6171,PayPal,Paid,286.73,2023-08-27
6172,6172,Card,Paid,1356.0,2024-07-12
6173,6173,Bank Transfer,Paid,371.43,2024-11-21
6174,6174,Card,Paid,1459.04,2024-12-05
6175,6175,Card,Paid,738.41,2023-01-20
6176,6176,Bank Transfer,Paid,1897.5,2022-10-26
6177,6177,PayPal,Pending,1198.04,2023-03-30
6178,6178,Bank Transfer,Paid,1457.07,2022-04-01
6179,6179,Invoice,Pending,1717.99,2025-07-29
6180,6180,PayPal,Pending,2402.57,2022-07-09
6181,6181,Invoice,Paid,1454.95,2025-04-02
6182,6182,Bank Transfer,Paid,2719.62,2025-06-11
6183,6183,Invoice,Paid,142.15,2025-07-26
6184,6184,PayPal,Paid,2358.88,2022-10-16
6185,6185,PayPal,Paid,777.09,2025-03-13
6186,6186,PayPal,Paid,717.19,2022-03-11
6187,6187,Bank Transfer,Pending,1708.39,2024-05-23
6188,6188,PayPal,Pending,730.65,2024-01-17
6189,6189,PayPal,Pending,267.49,2022-10-13
6190,6190,PayPal,Paid,3396.45,2022-11-07
6191,6191,Invoice,Paid,628.76,2022-10-04
6192,6192,Bank Transfer,Paid,3443.67,2024-04-08
6193,6193,PayPal,Paid,276.94,2023-12-07
6194,6194,Invoice,Pending,1584.29,2025-07-26
6195,6195,Invoice,Paid,133.2,2023-08-02
6196,6196,Card,Paid,369.8,2024-01-05
6197,6197,Card,Paid,1632.53,2024-07-26
6198,6198,PayPal,Paid,279.73,2025-05-05
6199,6199,Bank Transfer,Refunded,1756.03,2024-05-10
6200,6200,Card,Paid,863.8,2023-12-02
6201,6201,Invoice,Paid,1013.92,2023-07-30
6202,6202,PayPal,Paid,772.07,2024-04-11
6203,6203,PayPal,Paid,984.38,2022-04-26
6204,6204,Card,Paid,2540.52,2024-11-09
6205,6205,PayPal,Pending,367.01,2023-09-19
6206,6206,Card,Paid,355.79,2022-07-27
6207,6207,Card,Paid,215.56,2023-12-05
6208,6208,Card,Paid,2999.39,2022-01-20
6209,6209,Bank Transfer,Paid,414.89,2025-09-06
6210,6210,PayPal,Paid,1168.08,2024-12-08
6211,6211,Bank Transfer,Paid,259.16,2023-12-13
6212,6212,Card,Paid,937.74,2025-02-03
6213,6213,Card,Pending,222.54,2022-11-04
6214,6214,Bank Transfer,Paid,178.65,2022-12-21
6215,6215,PayPal,Paid,1433.53,2023-12-30
6216,6216,PayPal,Paid,831.82,2025-07-21
6217,6217,PayPal,Pending,450.43,2022-01-22
6218,6218,Invoice,Paid,483.4,2022-02-24
6219,6219,Invoice,Paid,1530.73,2025-03-14
6220,6220,Bank Transfer,Paid,3834.17,2024-09-29
6221,6221,PayPal,Refunded,1661.53,2022-08-04
6222,6222,Invoice,Pending,870.57,2025-12-21
6223,6223,Card,Paid,778.81,2022-03-16
6224,6224,PayPal,Paid,617.29,2025-10-30
6225,6225,Invoice,Paid,2159.47,2024-11-03
6226,6226,Card,Paid,281.43,2022-05-04
6227,6227,Bank Transfer,Pending,1021.68,2025-12-03
6228,6228,PayPal,Paid,1319.38,2024-09-11
6229,6229,Card,Pending,1108.48,2024-05-03
6230,6230,PayPal,Paid,1487.09,2022-06-22
6231,6231,PayPal,Paid,1707.07,2022-08-05
6232,6232,Card,Pending,2165.42,2025-09-01
6233,6233,PayPal,Pending,447.62,2024-06-21
6234,6234,Bank Transfer,Paid,357.22,2022-06-06
6235,6235,Card,Paid,419.13,2024-01-19
6236,6236,PayPal,Paid,1037.66,2023-05-25
6237,6237,Bank Transfer,Paid,480.46,2022-01-03
6238,6238,PayPal,Paid,3432.2,2022-09-12
6239,6239,Invoice,Paid,600.86,2022-11-12
6240,6240,Card,Paid,89.47,2025-04-03
6241,6241,Card,Paid,1999.17,2022-10-26
6242,6242,Invoice,Paid,377.25,2025-11-23
6243,6243,PayPal,Paid,1587.24,2022-03-12
6244,6244,Bank Transfer,Paid,1666.55,2022-04-04
6245,6245,Invoice,Pending,905.2,2025-08-25
6246,6246,Invoice,Paid,2412.22,2025-05-29
6247,6247,Bank Transfer,Pending,3216.79,2023-08-21
6248,6248,Bank Transfer,Paid,755.56,2022-03-04
6249,6249,PayPal,Pending,6061.51,2025-08-13
6250,6250,Card,Paid,346.49,2023-12-14
6251,6251,Card,Paid,224.0,2023-07-31
6252,6252,PayPal,Paid,423.98,2023-11-27
6253,6253,Invoice,Pending,1933.87,2025-08-15
6254,6254,PayPal,Paid,430.08,2023-12-10
6255,6255,Invoice,Paid,1685.31,2025-04-14
6256,6256,Bank Transfer,Pending,1782.04,2023-06-30
6257,6257,Invoice,Paid,658.02,2025-10-01
6258,6258,PayPal,Refunded,78.22,2025-02-16
6259,6259,PayPal,Paid,1845.11,2022-11-30
6260,6260,PayPal,Paid,592.01,2022-06-14
6261,6261,Card,Paid,200.86,2022-04-29
6262,6262,Invoice,Paid,529.9,2025-11-01
6263,6263,Card,Paid,895.76,2023-05-08
6264,6264,Card,Paid,465.12,2022-09-20
6265,6265,Invoice,Paid,2161.04,2023-05-19
6266,6266,Card,Paid,1351.59,2023-04-26
6267,6267,Invoice,Refunded,828.47,2023-08-31
6268,6268,Bank Transfer,Paid,1243.62,2023-08-13
6269,6269,Bank Transfer,Paid,1965.36,2025-03-26
6270,6270,Card,Paid,537.37,2022-11-17
6271,6271,PayPal,Pending,262.28,2024-08-11
6272,6272,Bank Transfer,Paid,2542.05,2023-06-11
6273,6273,PayPal,Pending,342.21,2024-03-01
6274,6274,PayPal,Paid,208.84,2024-08-16
6275,6275,Card,Paid,3136.75,2023-01-16
6276,6276,Bank Transfer,Paid,244.66,2022-11-23
6277,6277,Bank Transfer,Paid,236.34,2024-04-16
6278,6278,PayPal,Paid,1940.12,2022-11-12
6279,6279,Invoice,Paid,370.0,2023-09-03
6280,6280,PayPal,Paid,185.35,2022-03-18
6281,6281,Bank Transfer,Paid,765.84,2023-09-14
6282,6282,Card,Paid,233.1,2024-11-13
6283,6283,PayPal,Pending,896.61,2023-11-11
6284,6284,Card,Paid,832.36,2024-05-14
6285,6285,Bank Transfer,Paid,548.74,2023-09-19
6286,6286,Bank Transfer,Refunded,534.48,2025-03-25
6287,6287,Bank Transfer,Paid,1140.26,2024-12-19
6288,6288,Bank Transfer,Paid,1532.61,2024-04-01
6289,6289,Card,Paid,359.89,2025-12-05
6290,6290,Bank Transfer,Pending,2111.01,2025-12-28
6291,6291,Invoice,Pending,1357.51,2023-12-25
6292,6292,Bank Transfer,Paid,498.68,2025-03-12
6293,6293,Bank Transfer,Paid,1527.45,2024-03-25
6294,6294,Card,Paid,3843.79,2022-02-02
6295,6295,PayPal,Paid,391.94,2022-06-21
6296,6296,PayPal,Paid,2611.13,2022-11-01
6297,6297,Invoice,Paid,572.12,2024-02-28
6298,6298,Invoice,Pending,108.83,2025-07-29
6299,6299,PayPal,Paid,3091.36,2025-12-15
6300,6300,Bank Transfer,Paid,1339.81,2022-08-15
6301,6301,Bank Transfer,Paid,422.46,2022-10-17
6302,6302,Card,Paid,2227.15,2024-12-23
6303,6303,Bank Transfer,Paid,219.02,2024-03-28
6304,6304,PayPal,Paid,436.54,2024-09-30
6305,6305,PayPal,Refunded,1579.52,2024-01-22
6306,6306,Invoice,Paid,1004.05,2023-09-23
6307,6307,Bank Transfer,Pending,1812.22,2025-02-20
6308,6308,Bank Transfer,Paid,1797.11,2022-09-26
6309,6309,Bank Transfer,Pending,2505.07,2023-10-31
6310,6310,Card,Paid,648.08,2025-03-16
6311,6311,Bank Transfer,Paid,317.43,2025-02-17
6312,6312,Invoice,Paid,863.31,2022-07-04
6313,6313,PayPal,Pending,273.99,2025-11-25
6314,6314,Invoice,Paid,1002.35,2025-03-10
6315,6315,Bank Transfer,Paid,2260.62,2022-08-04
6316,6316,Invoice,Paid,1120.82,2023-06-01
6317,6317,Bank Transfer,Paid,75.55,2025-06-23
6318,6318,PayPal,Paid,669.42,2024-06-24
6319,6319,Invoice,Pending,255.41,2022-11-10
6320,6320,Invoice,Paid,1492.16,2022-06-23
6321,6321,Invoice,Refunded,178.82,2025-12-31
6322,6322,Invoice,Paid,2049.78,2024-12-25
6323,6323,Bank Transfer,Paid,123.91,2024-02-20
6324,6324,Bank Transfer,Paid,1162.14,2022-10-03
6325,6325,Bank Transfer,Pending,3750.3,2024-04-29
6326,6326,PayPal,Pending,914.0,2023-01-21
6327,6327,Card,Paid,101.15,2024-07-08
6328,6328,Bank Transfer,Pending,255.58,2024-12-15
6329,6329,PayPal,Paid,662.37,2025-03-16
6330,6330,Bank Transfer,Paid,4047.43,2023-07-04
6331,6331,Invoice,Pending,134.73,2023-06-16
6332,6332,Invoice,Paid,300.95,2023-12-26
6333,6333,Card,Pending,1305.8,2022-07-21
6334,6334,Card,Paid,823.08,2022-07-09
6335,6335,Bank Transfer,Paid,939.94,2025-01-21
6336,6336,Invoice,Paid,3214.52,2023-05-16
6337,6337,PayPal,Paid,877.57,2023-11-09
6338,6338,Bank Transfer,Paid,1712.45,2022-12-12
6339,6339,Invoice,Paid,1373.59,2023-11-17
6340,6340,Card,Paid,856.73,2023-12-20
6341,6341,Invoice,Pending,625.37,2023-12-19
6342,6342,PayPal,Paid,630.36,2022-11-30
6343,6343,Card,Paid,125.82,2023-07-21
6344,6344,PayPal,Paid,1789.2,2023-10-19
6345,6345,Card,Paid,361.47,2022-04-15
6346,6346,PayPal,Paid,308.82,2024-05-08
6347,6347,Card,Paid,1153.61,2023-02-11
6348,6348,Invoice,Paid,1121.85,2023-11-06
6349,6349,Bank Transfer,Paid,229.38,2023-12-21
6350,6350,Bank Transfer,Paid,617.8,2023-11-09
6351,6351,PayPal,Paid,3012.37,2024-06-18
6352,6352,Invoice,Paid,2164.07,2023-12-30
6353,6353,Bank Transfer,Paid,1666.95,2025-11-19
6354,6354,PayPal,Paid,563.12,2024-08-21
6355,6355,Bank Transfer,Paid,1114.04,2024-06-23
6356,6356,PayPal,Pending,679.03,2025-08-16
6357,6357,Card,Pending,499.86,2023-11-15
6358,6358,PayPal,Paid,869.68,2025-07-02
6359,6359,PayPal,Paid,2087.05,2023-10-26
6360,6360,Invoice,Paid,4200.56,2024-02-25
6361,6361,PayPal,Paid,2071.87,2023-04-03
6362,6362,Bank Transfer,Paid,314.64,2023-12-06
6363,6363,PayPal,Paid,1544.71,2023-11-27
6364,6364,Card,Paid,557.36,2024-06-25
6365,6365,Card,Paid,1322.74,2024-02-23
6366,6366,Bank Transfer,Paid,780.2,2022-08-19
6367,6367,Card,Pending,200.54,2025-11-13
6368,6368,Card,Paid,1225.84,2023-11-26
6369,6369,Invoice,Paid,200.82,2025-03-26
6370,6370,Invoice,Paid,190.0,2022-04-27
6371,6371,Card,Pending,313.4,2022-11-21
6372,6372,PayPal,Paid,1271.56,2022-05-18
6373,6373,Invoice,Paid,804.18,2023-07-14
6374,6374,PayPal,Paid,758.44,2024-12-03
6375,6375,PayPal,Paid,631.01,2024-12-26
6376,6376,Bank Transfer,Paid,197.99,2024-05-26
6377,6377,Invoice,Paid,2339.25,2023-12-25
6378,6378,Bank Transfer,Paid,825.15,2025-08-07
6379,6379,Invoice,Refunded,723.08,2023-02-20
6380,6380,Card,Paid,1583.17,2024-10-11
6381,6381,Bank Transfer,Pending,2457.83,2022-05-01
6382,6382,Card,Paid,578.34,2023-11-22
6383,6383,PayPal,Paid,2974.1,2022-10-13
6384,6384,Card,Paid,906.22,2025-12-24
6385,6385,PayPal,Paid,230.49,2024-11-28
6386,6386,Bank Transfer,Paid,87.93,2022-11-08
6387,6387,Card,Paid,473.79,2022-10-05
6388,6388,Invoice,Paid,382.04,2024-09-23
6389,6389,Card,Paid,546.94,2024-12-05
6390,6390,Invoice,Paid,757.07,2024-10-14
6391,6391,Bank Transfer,Paid,1430.96,2025-11-20
6392,6392,Card,Paid,3627.71,2023-02-21
6393,6393,Bank Transfer,Paid,1051.65,2023-09-15
6394,6394,Card,Paid,748.75,2022-06-18
6395,6395,Invoice,Paid,998.97,2022-07-21
6396,6396,Card,Paid,228.76,2023-03-13
6397,6397,PayPal,Refunded,1052.64,2022-04-10
6398,6398,Bank Transfer,Pending,433.61,2024-04-28
6399,6399,Bank Transfer,Paid,1092.43,2023-12-30
6400,6400,Invoice,Pending,1756.18,2024-05-26
6401,6401,Invoice,Paid,1024.9,2025-02-14
6402,6402,Invoice,Paid,950.35,2023-09-21
6403,6403,PayPal,Paid,746.84,2024-03-09
6404,6404,PayPal,Paid,2394.75,2023-01-16
6405,6405,PayPal,Refunded,2083.78,2022-06-05
6406,6406,PayPal,Paid,941.96,2023-08-20
6407,6407,PayPal,Paid,329.04,2023-03-11
6408,6408,Invoice,Paid,601.57,2025-06-13
6409,6409,Invoice,Paid,561.87,2022-02-22
6410,6410,Invoice,Paid,1963.32,2023-10-19
6411,6411,Card,Paid,1150.56,2024-02-06
6412,6412,PayPal,Paid,661.15,2025-09-10
6413,6413,Bank Transfer,Paid,927.12,2024-04-19
6414,6414,Bank Transfer,Pending,2112.32,2022-04-07
6415,6415,Card,Paid,420.47,2023-06-24
6416,6416,PayPal,Paid,678.61,2025-12-20
6417,6417,Bank Transfer,Paid,1091.82,2022-07-03
6418,6418,Invoice,Pending,1334.24,2023-06-28
6419,6419,Invoice,Paid,853.01,2023-12-16
6420,6420,Card,Paid,2558.61,2025-05-24
6421,6421,Bank Transfer,Paid,209.2,2024-06-24
6422,6422,Bank Transfer,Pending,615.78,2025-12-25
6423,6423,PayPal,Paid,326.1,2025-01-10
6424,6424,PayPal,Paid,3596.32,2025-11-08
6425,6425,Card,Paid,1236.69,2025-03-19
6426,6426,Card,Paid,714.3,2022-11-01
6427,6427,Invoice,Refunded,1513.1,2023-12-24
6428,6428,Invoice,Pending,2132.71,2023-01-28
6429,6429,PayPal,Paid,734.63,2024-12-24
6430,6430,Card,Paid,678.17,2025-12-09
6431,6431,Bank Transfer,Paid,910.32,2025-11-02
6432,6432,Card,Refunded,248.0,2022-01-03
6433,6433,PayPal,Paid,341.75,2022-11-12
6434,6434,Card,Pending,382.04,2022-06-06
6435,6435,Card,Paid,376.95,2023-01-06
6436,6436,Bank Transfer,Paid,2602.73,2024-11-14
6437,6437,PayPal,Paid,1231.14,2025-03-06
6438,6438,Bank Transfer,Paid,6020.61,2025-07-02
6439,6439,Card,Paid,816.44,2023-08-01
6440,6440,PayPal,Paid,1147.79,2024-05-02
6441,6441,Invoice,Paid,2252.01,2024-11-15
6442,6442,Invoice,Paid,884.45,2022-01-15
6443,6443,PayPal,Paid,789.29,2024-12-28
6444,6444,Bank Transfer,Paid,1154.12,2025-05-07
6445,6445,Bank Transfer,Paid,538.58,2024-05-19
6446,6446,Card,Paid,112.79,2023-05-15
6447,6447,PayPal,Paid,349.3,2022-02-15
6448,6448,PayPal,Paid,1319.14,2022-11-27
6449,6449,Bank Transfer,Refunded,243.73,2023-09-11
6450,6450,Invoice,Paid,883.67,2022-09-20
6451,6451,Card,Paid,1388.38,2024-06-07
6452,6452,Invoice,Pending,483.7,2024-05-06
6453,6453,PayPal,Paid,2247.2,2022-11-27
6454,6454,Card,Paid,393.76,2022-12-28
6455,6455,Bank Transfer,Paid,750.77,2023-01-27
6456,6456,Invoice,Paid,381.58,2025-07-26
6457,6457,PayPal,Paid,975.52,2023-12-07
6458,6458,PayPal,Paid,1134.03,2024-05-11
6459,6459,Card,Paid,257.51,2022-07-13
6460,6460,Card,Paid,933.11,2023-12-20
6461,6461,Invoice,Paid,229.71,2025-06-19
6462,6462,Card,Paid,1060.54,2025-08-17
6463,6463,PayPal,Paid,291.93,2025-05-27
6464,6464,Card,Paid,2523.56,2025-09-10
6465,6465,Card,Paid,1967.23,2024-07-22
6466,6466,Bank Transfer,Pending,269.83,2025-12-30
6467,6467,Invoice,Paid,1543.69,2024-12-13
6468,6468,Card,Paid,644.89,2025-10-07
6469,6469,Invoice,Paid,326.17,2022-11-03
6470,6470,PayPal,Pending,783.16,2022-12-03
6471,6471,PayPal,Paid,593.6,2025-12-26
6472,6472,Card,Paid,955.12,2025-12-04
6473,6473,PayPal,Paid,4257.31,2022-12-13
6474,6474,Bank Transfer,Refunded,4577.63,2025-10-12
6475,6475,Bank Transfer,Paid,458.76,2022-11-07
6476,6476,PayPal,Paid,1242.32,2023-04-22
6477,6477,PayPal,Paid,1324.26,2022-03-14
6478,6478,Card,Paid,1058.49,2023-03-24
6479,6479,Invoice,Paid,1043.43,2022-06-26
6480,6480,Card,Refunded,1229.28,2022-08-07
6481,6481,PayPal,Paid,616.67,2023-11-05
6482,6482,Card,Paid,3021.62,2024-02-11
6483,6483,Bank Transfer,Pending,1435.98,2023-11-25
6484,6484,PayPal,Paid,651.56,2022-12-03
6485,6485,PayPal,Paid,320.94,2025-12-14
6486,6486,Invoice,Paid,324.84,2025-04-08
6487,6487,Bank Transfer,Paid,16.63,2022-12-07
6488,6488,PayPal,Paid,1204.86,2024-05-30
6489,6489,Card,Paid,2258.77,2022-06-30
6490,6490,Card,Paid,246.36,2024-04-09
6491,6491,Card,Paid,136.08,2025-08-24
6492,6492,Invoice,Paid,1189.52,2022-02-07
6493,6493,PayPal,Paid,1516.45,2023-11-09
6494,6494,Invoice,Paid,875.15,2024-10-25
6495,6495,Card,Refunded,966.61,2024-07-18
6496,6496,PayPal,Paid,868.92,2023-01-05
6497,6497,PayPal,Pending,543.79,2023-12-15
6498,6498,Bank Transfer,Paid,3743.48,2024-08-21
6499,6499,Card,Paid,507.7,2022-10-05
6500,6500,Invoice,Paid,3105.52,2024-02-20
6501,6501,Bank Transfer,Paid,1111.56,2024-01-14
6502,6502,PayPal,Pending,171.24,2023-02-19
6503,6503,Card,Pending,1497.9,2024-06-15
6504,6504,Bank Transfer,Paid,157.71,2022-06-29
6505,6505,Invoice,Paid,279.94,2025-06-16
6506,6506,PayPal,Pending,920.08,2022-05-03
6507,6507,PayPal,Paid,367.58,2024-09-13
6508,6508,PayPal,Paid,2399.84,2022-10-10
6509,6509,Bank Transfer,Pending,55.45,2023-12-13
6510,6510,Invoice,Paid,858.97,2023-01-20
6511,6511,PayPal,Pending,4207.76,2023-09-05
6512,6512,Invoice,Paid,1557.05,2025-02-15
6513,6513,Bank Transfer,Pending,2752.27,2025-12-05
6514,6514,PayPal,Pending,1739.37,2024-03-03
6515,6515,PayPal,Paid,1200.85,2022-05-30
6516,6516,PayPal,Pending,973.27,2023-02-18
6517,6517,Invoice,Paid,1010.46,2024-12-23
6518,6518,Card,Paid,1447.9,2024-07-31
6519,6519,Bank Transfer,Paid,816.75,2025-02-26
6520,6520,Bank Transfer,Paid,4701.65,2025-05-24
6521,6521,PayPal,Paid,166.19,2022-12-13
6522,6522,Invoice,Paid,1102.34,2025-07-12
6523,6523,Invoice,Paid,709.8,2025-09-19
6524,6524,Invoice,Paid,1458.73,2025-09-12
6525,6525,PayPal,Paid,174.02,2024-08-09
6526,6526,PayPal,Refunded,266.08,2022-11-25
6527,6527,Invoice,Paid,2640.97,2025-12-13
6528,6528,Card,Refunded,999.26,2023-07-18
6529,6529,Invoice,Paid,805.97,2022-07-25
6530,6530,Card,Paid,90.48,2023-01-03
6531,6531,Invoice,Paid,1846.99,2023-11-01
6532,6532,Bank Transfer,Paid,2126.0,2025-12-05
6533,6533,Invoice,Paid,2003.58,2024-12-06
6534,6534,Invoice,Paid,3165.59,2025-11-30
6535,6535,Card,Refunded,594.97,2023-03-08
6536,6536,Card,Paid,1277.48,2022-02-26
6537,6537,Card,Pending,83.41,2022-10-09
6538,6538,PayPal,Paid,337.0,2023-06-19
6539,6539,Bank Transfer,Pending,2573.96,2025-04-08
6540,6540,PayPal,Paid,1042.02,2023-07-17
6541,6541,Invoice,Paid,578.46,2025-08-05
6542,6542,Card,Paid,2797.39,2025-05-19
6543,6543,Bank Transfer,Refunded,1264.26,2023-07-07
6544,6544,Card,Paid,3753.73,2023-09-11
6545,6545,Card,Paid,224.71,2022-08-26
6546,6546,Invoice,Paid,50.59,2025-03-25
6547,6547,Invoice,Paid,833.11,2024-04-19
6548,6548,PayPal,Paid,479.56,2024-12-20
6549,6549,Invoice,Pending,948.04,2022-03-03
6550,6550,PayPal,Paid,344.19,2025-07-19
6551,6551,Bank Transfer,Paid,604.44,2024-06-07
6552,6552,PayPal,Paid,115.19,2024-01-31
6553,6553,PayPal,Paid,1505.53,2025-07-07
6554,6554,PayPal,Paid,29.65,2025-07-14
6555,6555,Bank Transfer,Pending,1167.91,2024-07-28
6556,6556,Bank Transfer,Refunded,321.3,2025-12-24
6557,6557,Bank Transfer,Paid,1434.82,2024-12-07
6558,6558,Card,Paid,1614.73,2023-09-30
6559,6559,Invoice,Paid,108.84,2022-11-05
6560,6560,PayPal,Paid,771.62,2022-08-15
6561,6561,Invoice,Paid,2023.01,2025-11-24
6562,6562,PayPal,Paid,3484.47,2025-04-12
6563,6563,Invoice,Paid,412.88,2025-01-02
6564,6564,PayPal,Paid,994.27,2024-12-12
6565,6565,PayPal,Paid,1445.92,2024-11-18
6566,6566,PayPal,Paid,455.95,2022-11-10
6567,6567,Invoice,Paid,450.3,2024-04-06
6568,6568,Bank Transfer,Pending,1369.43,2024-07-11
6569,6569,PayPal,Pending,1145.27,2023-06-22
6570,6570,Card,Paid,633.93,2022-08-14
6571,6571,Bank Transfer,Refunded,1217.46,2022-11-18
6572,6572,PayPal,Paid,1771.32,2023-02-01
6573,6573,Bank Transfer,Paid,1755.99,2025-08-14
6574,6574,PayPal,Pending,1762.33,2022-01-13
6575,6575,Card,Pending,507.61,2022-11-05
6576,6576,Card,Paid,2639.16,2024-11-26
6577,6577,Bank Transfer,Paid,1753.43,2024-01-27
6578,6578,Card,Paid,3182.27,2024-07-31
6579,6579,PayPal,Pending,1288.73,2023-11-25
6580,6580,PayPal,Paid,378.59,2025-06-13
6581,6581,Invoice,Pending,2401.44,2025-12-22
6582,6582,Card,Pending,844.69,2024-03-28
6583,6583,PayPal,Pending,2325.6,2023-09-17
6584,6584,Bank Transfer,Paid,798.93,2023-11-26
6585,6585,Card,Pending,234.83,2022-12-01
6586,6586,Card,Paid,244.98,2025-12-06
6587,6587,Bank Transfer,Paid,317.28,2022-02-18
6588,6588,PayPal,Paid,491.64,2024-09-01
6589,6589,Card,Paid,1561.91,2025-12-26
6590,6590,Card,Paid,986.59,2025-09-12
6591,6591,Card,Paid,91.43,2023-06-08
6592,6592,Card,Pending,1182.47,2023-04-10
6593,6593,Card,Paid,774.84,2025-09-29
6594,6594,Bank Transfer,Paid,667.07,2024-01-07
6595,6595,Invoice,Pending,599.0,2023-11-19
6596,6596,Bank Transfer,Paid,283.88,2022-11-22
6597,6597,Card,Paid,990.05,2024-07-06
6598,6598,PayPal,Paid,192.68,2022-06-12
6599,6599,Card,Refunded,917.0,2025-08-10
6600,6600,Invoice,Paid,304.86,2022-05-10
6601,6601,Invoice,Paid,839.02,2025-01-19
6602,6602,Card,Refunded,603.32,2023-10-02
6603,6603,PayPal,Paid,3618.76,2022-03-06
6604,6604,PayPal,Paid,1183.62,2024-06-06
6605,6605,Card,Paid,2355.22,2025-06-14
6606,6606,Invoice,Paid,54.14,2024-01-31
6607,6607,PayPal,Paid,2253.37,2023-11-03
6608,6608,PayPal,Paid,3384.5,2023-06-24
6609,6609,Invoice,Paid,3857.76,2023-11-30
6610,6610,Card,Paid,107.95,2023-06-07
6611,6611,Card,Pending,49.54,2024-04-07
6612,6612,Card,Paid,529.54,2025-04-15
6613,6613,PayPal,Paid,435.05,2023-05-18
6614,6614,PayPal,Paid,2241.87,2023-12-30
6615,6615,Invoice,Paid,2397.76,2022-01-11
6616,6616,Invoice,Paid,550.19,2024-09-07
6617,6617,PayPal,Paid,1339.83,2024-05-10
6618,6618,Invoice,Paid,5201.13,2023-12-15
6619,6619,Invoice,Paid,1533.68,2022-05-05
6620,6620,Card,Pending,1794.53,2025-09-16
6621,6621,Card,Paid,1364.18,2023-10-30
6622,6622,Bank Transfer,Paid,628.65,2023-11-08
6623,6623,Bank Transfer,Paid,537.5,2023-06-24
6624,6624,PayPal,Pending,1051.46,2025-08-13
6625,6625,Invoice,Paid,729.05,2022-02-03
6626,6626,PayPal,Paid,1513.54,2025-02-28
6627,6627,Invoice,Paid,465.34,2023-04-24
6628,6628,Invoice,Paid,3390.43,2024-12-25
6629,6629,Card,Paid,2077.37,2025-03-07
6630,6630,Card,Pending,2434.28,2022-07-02
6631,6631,Bank Transfer,Pending,328.94,2025-07-02
6632,6632,PayPal,Paid,1818.52,2022-03-14
6633,6633,PayPal,Paid,212.89,2023-03-20
6634,6634,Card,Paid,714.18,2025-12-11
6635,6635,PayPal,Pending,603.74,2023-04-21
6636,6636,Bank Transfer,Paid,726.79,2023-10-30
6637,6637,Invoice,Paid,1290.84,2025-09-30
6638,6638,PayPal,Paid,984.62,2023-11-10
6639,6639,Bank Transfer,Paid,720.82,2025-06-03
6640,6640,Card,Paid,156.38,2024-07-30
6641,6641,Card,Paid,134.68,2025-03-02
6642,6642,Card,Pending,86.24,2025-01-22
6643,6643,Card,Pending,1611.27,2022-03-19
6644,6644,Card,Paid,919.49,2023-12-22
6645,6645,PayPal,Paid,1513.7,2024-12-21
6646,6646,Bank Transfer,Paid,2160.17,2025-11-05
6647,6647,PayPal,Paid,1294.85,2022-11-15
6648,6648,Bank Transfer,Refunded,829.55,2025-11-06
6649,6649,PayPal,Paid,809.61,2023-09-06
6650,6650,Bank Transfer,Paid,2164.79,2023-10-15
6651,6651,Bank Transfer,Pending,267.07,2025-12-15
6652,6652,Card,Paid,702.1,2025-10-04
6653,6653,Bank Transfer,Paid,226.86,2023-09-13
6654,6654,Invoice,Pending,576.35,2024-07-12
6655,6655,Card,Paid,582.24,2023-12-21
6656,6656,PayPal,Paid,907.96,2025-07-04
6657,6657,Invoice,Paid,471.94,2024-06-02
6658,6658,Invoice,Paid,1850.53,2025-01-14
6659,6659,Bank Transfer,Pending,100.16,2024-10-09
6660,6660,Card,Paid,312.45,2022-06-16
6661,6661,Card,Paid,251.86,2022-12-26
6662,6662,Bank Transfer,Paid,3062.98,2024-02-09
6663,6663,Bank Transfer,Pending,3162.81,2024-05-11
6664,6664,Invoice,Paid,1933.77,2022-03-12
6665,6665,Bank Transfer,Pending,1349.42,2024-12-05
6666,6666,Card,Paid,332.28,2023-09-13
6667,6667,Card,Paid,847.14,2022-05-14
6668,6668,PayPal,Paid,457.8,2023-08-22
6669,6669,Card,Pending,3322.96,2022-10-16
6670,6670,PayPal,Paid,293.54,2022-07-30
6671,6671,Bank Transfer,Paid,1298.9,2022-03-11
6672,6672,PayPal,Paid,1920.62,2025-10-23
6673,6673,Card,Pending,2301.76,2024-08-14
6674,6674,Card,Paid,2503.12,2024-04-04
6675,6675,Bank Transfer,Paid,986.83,2025-06-26
6676,6676,Card,Pending,1287.81,2025-07-23
6677,6677,Invoice,Paid,885.53,2022-03-22
6678,6678,Invoice,Paid,394.18,2022-01-28
6679,6679,PayPal,Paid,2383.17,2024-12-18
6680,6680,PayPal,Paid,3071.2,2022-12-07
6681,6681,PayPal,Paid,524.37,2023-05-09
6682,6682,Invoice,Paid,853.46,2022-01-13
6683,6683,Bank Transfer,Pending,1484.91,2024-12-25
6684,6684,Bank Transfer,Paid,406.71,2024-09-28
6685,6685,Card,Paid,1887.34,2022-11-12
6686,6686,Invoice,Paid,3801.08,2024-11-10
6687,6687,Card,Paid,4130.53,2023-11-23
6688,6688,Bank Transfer,Paid,979.93,2024-01-23
6689,6689,Invoice,Paid,668.8,2025-10-15
6690,6690,Invoice,Paid,1328.9,2023-08-31
6691,6691,Bank Transfer,Pending,1285.96,2022-07-26
6692,6692,Invoice,Paid,4522.17,2025-12-11
6693,6693,PayPal,Paid,567.14,2024-07-29
6694,6694,Card,Paid,3401.96,2025-09-16
6695,6695,Invoice,Paid,235.43,2022-09-03
6696,6696,Bank Transfer,Pending,5529.33,2025-03-03
6697,6697,Card,Paid,702.1,2024-05-09
6698,6698,PayPal,Pending,354.93,2022-11-25
6699,6699,Invoice,Paid,2375.74,2025-11-25
6700,6700,Bank Transfer,Paid,1402.51,2023-03-04
6701,6701,Invoice,Paid,654.05,2024-06-18
6702,6702,Card,Paid,167.07,2024-03-25
6703,6703,Card,Pending,434.48,2023-04-17
6704,6704,Bank Transfer,Paid,1066.14,2024-04-09
6705,6705,PayPal,Paid,187.19,2025-12-24
6706,6706,PayPal,Paid,1766.21,2024-11-08
6707,6707,PayPal,Paid,1221.25,2024-10-14
6708,6708,Bank Transfer,Paid,2613.35,2022-04-04
6709,6709,Card,Paid,56.79,2023-04-19
6710,6710,Bank Transfer,Paid,497.6,2025-03-10
6711,6711,Card,Pending,263.48,2022-07-10
6712,6712,Bank Transfer,Paid,165.74,2022-11-09
6713,6713,Card,Paid,2223.14,2024-12-12
6714,6714,PayPal,Pending,102.22,2023-07-12
6715,6715,Card,Paid,1575.14,2023-12-17
6716,6716,Bank Transfer,Paid,710.86,2025-03-26
6717,6717,PayPal,Paid,1279.06,2023-11-18
6718,6718,PayPal,Paid,889.34,2024-07-10
6719,6719,Invoice,Paid,280.27,2023-10-09
6720,6720,Card,Pending,674.89,2023-07-13
6721,6721,Card,Paid,434.98,2024-06-19
6722,6722,Invoice,Paid,912.06,2023-09-13
6723,6723,Bank Transfer,Paid,3128.68,2025-07-29
6724,6724,PayPal,Paid,674.26,2025-04-03
6725,6725,Card,Paid,2507.3,2023-09-18
6726,6726,PayPal,Paid,1278.97,2022-01-07
6727,6727,Card,Paid,1998.41,2024-01-19
6728,6728,Card,Refunded,781.04,2023-02-18
6729,6729,Invoice,Paid,267.98,2025-01-29
6730,6730,PayPal,Paid,1289.77,2025-03-22
6731,6731,Bank Transfer,Pending,203.2,2023-08-08
6732,6732,Bank Transfer,Paid,633.26,2022-11-10
6733,6733,PayPal,Paid,1137.96,2025-04-05
6734,6734,PayPal,Paid,1102.55,2022-03-19
6735,6735,Card,Paid,503.64,2023-06-11
6736,6736,Invoice,Paid,1035.44,2025-03-12
6737,6737,PayPal,Paid,2405.93,2023-04-03
6738,6738,PayPal,Paid,1160.59,2023-06-10
6739,6739,PayPal,Paid,1810.05,2025-11-01
6740,6740,PayPal,Paid,945.05,2025-02-09
6741,6741,Bank Transfer,Pending,3027.71,2024-04-29
6742,6742,Card,Pending,398.37,2024-12-08
6743,6743,PayPal,Paid,2314.29,2024-10-13
6744,6744,Card,Paid,387.08,2023-09-02
6745,6745,Card,Paid,211.81,2022-12-21
6746,6746,Bank Transfer,Paid,1145.72,2025-02-24
6747,6747,Invoice,Paid,497.04,2025-11-17
6748,6748,Invoice,Pending,75.34,2023-02-03
6749,6749,Card,Paid,2807.88,2022-04-14
6750,6750,PayPal,Paid,2983.28,2024-06-03
6751,6751,Card,Paid,1344.3,2024-08-23
6752,6752,Invoice,Paid,2827.54,2024-01-01
6753,6753,Bank Transfer,Pending,2920.68,2025-06-06
6754,6754,Bank Transfer,Pending,869.83,2022-06-17
6755,6755,Card,Paid,760.27,2025-10-02
6756,6756,Card,Pending,2956.06,2022-05-24
6757,6757,Card,Paid,1357.51,2022-11-09
6758,6758,Invoice,Paid,1153.87,2022-08-19
6759,6759,Invoice,Paid,839.37,2023-08-03
6760,6760,Card,Paid,1145.45,2022-09-03
6761,6761,Invoice,Paid,863.44,2025-07-30
6762,6762,Invoice,Paid,21.63,2023-11-05
6763,6763,Card,Paid,182.76,2025-07-04
6764,6764,PayPal,Paid,690.3,2022-10-10
6765,6765,PayPal,Pending,2801.58,2023-11-14
6766,6766,Bank Transfer,Refunded,601.81,2025-01-08
6767,6767,Bank Transfer,Pending,1377.34,2024-03-07
6768,6768,Bank Transfer,Paid,118.05,2024-10-20
6769,6769,PayPal,Paid,385.25,2024-03-25
6770,6770,Invoice,Pending,1577.72,2022-10-10
6771,6771,Bank Transfer,Pending,286.56,2025-06-04
6772,6772,Invoice,Paid,515.41,2025-11-28
6773,6773,Bank Transfer,Refunded,121.94,2022-02-04
6774,6774,PayPal,Paid,2379.36,2022-10-19
6775,6775,Card,Paid,762.44,2023-12-15
6776,6776,Invoice,Paid,897.24,2024-12-09
6777,6777,Card,Pending,172.81,2024-04-03
6778,6778,PayPal,Paid,1793.6,2025-10-21
6779,6779,Bank Transfer,Paid,854.67,2023-11-10
6780,6780,Bank Transfer,Paid,906.37,2024-05-23
6781,6781,Bank Transfer,Paid,1925.51,2024-08-25
6782,6782,Card,Pending,1162.06,2024-07-05
6783,6783,Bank Transfer,Paid,1026.46,2025-05-24
6784,6784,Card,Paid,965.63,2025-01-24
6785,6785,PayPal,Pending,1650.16,2024-02-02
6786,6786,PayPal,Pending,1312.38,2024-08-11
6787,6787,PayPal,Paid,860.61,2025-12-16
6788,6788,Invoice,Pending,2188.61,2022-03-15
6789,6789,PayPal,Paid,714.43,2022-04-21
6790,6790,Card,Pending,420.81,2024-12-22
6791,6791,Card,Paid,151.46,2022-12-19
6792,6792,Card,Pending,62.14,2025-11-29
6793,6793,Invoice,Paid,267.12,2022-11-28
6794,6794,Bank Transfer,Pending,1147.13,2023-08-24
6795,6795,Bank Transfer,Pending,341.46,2025-03-03
6796,6796,PayPal,Paid,93.88,2023-07-15
6797,6797,Card,Paid,172.86,2022-06-16
6798,6798,Bank Transfer,Refunded,1339.18,2023-02-25
6799,6799,Invoice,Paid,1935.84,2025-08-01
6800,6800,PayPal,Paid,2505.3,2024-12-05
6801,6801,Card,Paid,577.43,2025-04-01
6802,6802,Card,Paid,495.46,2024-11-25
6803,6803,PayPal,Paid,1251.11,2022-12-05
6804,6804,Card,Paid,3177.18,2024-10-26
6805,6805,Invoice,Refunded,106.87,2023-11-27
6806,6806,Invoice,Paid,421.17,2023-01-07
6807,6807,Card,Paid,1741.07,2025-03-12
6808,6808,PayPal,Pending,1784.3,2025-12-23
6809,6809,Card,Paid,269.32,2025-08-12
6810,6810,Bank Transfer,Pending,521.86,2025-01-31
6811,6811,PayPal,Pending,3245.52,2023-12-10
6812,6812,PayPal,Paid,633.55,2025-01-17
6813,6813,PayPal,Paid,1685.1,2024-06-01
6814,6814,Invoice,Paid,1238.21,2024-07-27
6815,6815,PayPal,Paid,1915.11,2022-06-07
6816,6816,Bank Transfer,Refunded,1650.92,2024-06-03
6817,6817,PayPal,Paid,368.24,2022-09-08
6818,6818,Bank Transfer,Paid,2509.09,2025-11-09
6819,6819,Invoice,Paid,1164.91,2025-11-29
6820,6820,PayPal,Paid,715.71,2023-01-13
6821,6821,Bank Transfer,Paid,1041.73,2024-12-07
6822,6822,Bank Transfer,Paid,86.41,2025-04-27
6823,6823,PayPal,Paid,726.39,2022-08-23
6824,6824,Card,Paid,721.86,2022-06-27
6825,6825,Bank Transfer,Paid,2072.8,2025-10-09
6826,6826,Bank Transfer,Paid,388.37,2023-12-25
6827,6827,Invoice,Pending,2274.11,2024-12-31
6828,6828,Card,Pending,2298.51,2025-01-09
6829,6829,Invoice,Paid,800.83,2022-09-12
6830,6830,Bank Transfer,Paid,383.8,2022-10-21
6831,6831,PayPal,Pending,82.08,2024-07-06
6832,6832,PayPal,Paid,101.96,2024-01-25
6833,6833,Bank Transfer,Paid,456.46,2022-12-10
6834,6834,Invoice,Pending,753.58,2024-06-14
6835,6835,PayPal,Paid,1791.27,2022-04-11
6836,6836,Bank Transfer,Paid,2151.79,2023-11-26
6837,6837,Bank Transfer,Paid,1557.2,2023-06-26
6838,6838,Invoice,Paid,380.44,2025-11-14
6839,6839,PayPal,Refunded,398.41,2023-02-06
6840,6840,Invoice,Paid,905.94,2023-05-27
6841,6841,PayPal,Pending,1535.28,2022-10-05
6842,6842,Card,Paid,1360.45,2022-09-26
6843,6843,Invoice,Paid,2635.41,2025-11-22
6844,6844,Invoice,Paid,2720.95,2022-12-06
6845,6845,PayPal,Pending,1922.23,2025-09-26
6846,6846,Card,Paid,1052.99,2025-10-08
6847,6847,Invoice,Paid,1130.26,2025-06-02
6848,6848,Bank Transfer,Refunded,2737.56,2023-01-29
6849,6849,PayPal,Paid,1361.1,2024-01-05
6850,6850,Card,Refunded,1798.15,2023-11-13
6851,6851,PayPal,Paid,937.16,2025-07-19
6852,6852,Bank Transfer,Pending,43.05,2022-11-04
6853,6853,Invoice,Paid,637.03,2023-05-10
6854,6854,Card,Paid,246.04,2022-12-24
6855,6855,Invoice,Paid,418.19,2025-06-05
6856,6856,Card,Paid,556.16,2024-06-09
6857,6857,Invoice,Paid,551.62,2024-07-24
6858,6858,PayPal,Paid,1581.44,2022-10-07
6859,6859,Bank Transfer,Paid,1472.72,2024-04-10
6860,6860,Card,Paid,219.05,2022-12-09
6861,6861,Bank Transfer,Refunded,946.66,2024-07-17
6862,6862,Bank Transfer,Paid,1163.09,2022-10-16
6863,6863,Invoice,Paid,1689.36,2024-07-31
6864,6864,Card,Pending,1637.5,2022-10-14
6865,6865,PayPal,Paid,1238.17,2025-12-06
6866,6866,Bank Transfer,Refunded,2231.01,2024-09-16
6867,6867,Card,Paid,461.69,2024-07-23
6868,6868,Bank Transfer,Paid,327.99,2025-11-04
6869,6869,Card,Paid,360.3,2024-04-01
6870,6870,Card,Paid,360.07,2022-12-02
6871,6871,Card,Paid,1357.06,2024-06-17
6872,6872,Invoice,Paid,1172.12,2023-09-16
6873,6873,Invoice,Pending,312.73,2023-05-25
6874,6874,PayPal,Paid,532.22,2022-04-21
6875,6875,Invoice,Paid,36.32,2024-12-06
6876,6876,Card,Paid,1146.34,2022-04-18
6877,6877,PayPal,Paid,476.53,2023-08-29
6878,6878,Card,Paid,649.51,2022-02-01
6879,6879,Card,Paid,625.36,2024-04-23
6880,6880,PayPal,Refunded,606.24,2024-11-27
6881,6881,PayPal,Paid,1594.41,2022-11-04
6882,6882,Invoice,Paid,4644.5,2025-07-20
6883,6883,Card,Paid,359.97,2024-04-09
6884,6884,Invoice,Paid,1598.57,2023-10-09
6885,6885,Bank Transfer,Paid,1014.78,2022-05-22
6886,6886,Invoice,Pending,2800.87,2025-09-07
6887,6887,Card,Paid,503.7,2023-09-17
6888,6888,PayPal,Paid,2128.1,2024-11-12
6889,6889,Card,Paid,1562.6,2023-09-22
6890,6890,Card,Paid,1210.57,2023-05-06
6891,6891,Bank Transfer,Pending,2921.28,2023-11-03
6892,6892,Card,Paid,2234.66,2025-03-03
6893,6893,PayPal,Paid,1360.83,2024-07-07
6894,6894,Bank Transfer,Paid,422.66,2023-08-14
6895,6895,Bank Transfer,Pending,1509.14,2025-07-29
6896,6896,Card,Paid,1055.55,2022-06-15
6897,6897,PayPal,Pending,767.02,2023-02-05
6898,6898,Card,Paid,682.92,2025-03-19
6899,6899,Invoice,Paid,1487.55,2025-11-04
6900,6900,PayPal,Paid,489.99,2025-09-09
6901,6901,Invoice,Paid,1073.11,2024-11-21
6902,6902,Card,Paid,207.1,2022-01-15
6903,6903,Invoice,Paid,572.03,2023-07-09
6904,6904,Card,Paid,344.11,2025-05-09
6905,6905,PayPal,Pending,582.43,2022-06-14
6906,6906,Invoice,Paid,958.54,2025-06-01
6907,6907,Bank Transfer,Pending,1247.87,2024-07-03
6908,6908,Bank Transfer,Paid,665.63,2023-03-23
6909,6909,Card,Paid,1416.17,2022-03-12
6910,6910,Invoice,Paid,716.34,2022-10-03
6911,6911,Card,Paid,892.67,2022-03-10
6912,6912,Invoice,Paid,1257.15,2025-07-28
6913,6913,Invoice,Paid,2382.77,2023-08-21
6914,6914,Invoice,Paid,2518.92,2025-07-15
6915,6915,Bank Transfer,Paid,117.29,2022-12-04
6916,6916,Bank Transfer,Paid,700.31,2024-11-22
6917,6917,PayPal,Paid,1340.23,2024-07-13
6918,6918,Card,Pending,595.29,2022-02-06
6919,6919,Invoice,Paid,582.08,2022-07-16
6920,6920,Card,Paid,1853.95,2022-03-28
6921,6921,Bank Transfer,Pending,100.57,2025-05-08
6922,6922,Card,Paid,291.85,2025-06-03
6923,6923,Invoice,Paid,205.51,2024-01-09
6924,6924,Bank Transfer,Paid,1068.23,2022-12-23
6925,6925,Bank Transfer,Paid,227.55,2022-07-02
6926,6926,Bank Transfer,Paid,284.51,2024-01-17
6927,6927,Card,Pending,1013.83,2023-10-01
6928,6928,Bank Transfer,Paid,699.69,2023-08-30
6929,6929,Card,Pending,1225.96,2024-08-03
6930,6930,Invoice,Pending,2449.11,2024-06-19
6931,6931,PayPal,Paid,139.99,2025-03-01
6932,6932,Card,Paid,310.45,2025-03-24
6933,6933,Bank Transfer,Paid,639.13,2024-11-16
6934,6934,PayPal,Pending,515.21,2023-03-24
6935,6935,PayPal,Pending,721.15,2025-09-30
6936,6936,Bank Transfer,Pending,277.81,2025-08-10
6937,6937,PayPal,Paid,2819.7,2025-12-26
6938,6938,PayPal,Pending,1041.64,2024-06-11
6939,6939,Card,Paid,1685.48,2025-06-04
6940,6940,Invoice,Pending,898.26,2022-11-16
6941,6941,Invoice,Paid,218.54,2023-04-03
6942,6942,Invoice,Paid,1960.02,2024-07-19
6943,6943,Bank Transfer,Paid,356.72,2022-01-16
6944,6944,Card,Paid,2143.21,2022-04-10
6945,6945,PayPal,Paid,1848.03,2023-02-10
6946,6946,PayPal,Paid,805.21,2023-04-30
6947,6947,Invoice,Paid,1168.39,2024-02-08
6948,6948,Bank Transfer,Paid,336.72,2023-12-14
6949,6949,Bank Transfer,Paid,284.26,2023-08-30
6950,6950,PayPal,Refunded,323.56,2024-11-08
6951,6951,Invoice,Paid,36.74,2022-03-13
6952,6952,PayPal,Paid,920.87,2024-04-17
6953,6953,Bank Transfer,Pending,3546.73,2024-04-09
6954,6954,Bank Transfer,Paid,340.21,2025-06-08
6955,6955,Card,Paid,538.55,2025-03-25
6956,6956,PayPal,Paid,702.41,2023-04-23
6957,6957,Invoice,Paid,895.1,2023-02-13
6958,6958,Card,Paid,405.71,2022-07-03
6959,6959,Invoice,Paid,922.15,2024-12-28
6960,6960,Card,Pending,2750.13,2023-09-16
6961,6961,Card,Paid,366.04,2022-09-08
6962,6962,Bank Transfer,Paid,764.8,2023-03-07
6963,6963,Invoice,Paid,1729.93,2023-05-16
6964,6964,Invoice,Paid,1041.6,2024-08-12
6965,6965,Bank Transfer,Paid,223.11,2023-09-22
6966,6966,Invoice,Paid,514.43,2023-04-24
6967,6967,Bank Transfer,Paid,2254.12,2025-07-17
6968,6968,Invoice,Paid,1701.63,2022-09-11
6969,6969,PayPal,Paid,2166.29,2024-08-27
6970,6970,Invoice,Paid,1695.86,2023-12-22
6971,6971,Bank Transfer,Paid,1427.22,2022-03-02
6972,6972,Card,Paid,2421.9,2023-09-10
6973,6973,Bank Transfer,Paid,73.7,2025-09-12
6974,6974,Bank Transfer,Paid,944.52,2024-07-18
6975,6975,Bank Transfer,Paid,889.01,2023-11-16
6976,6976,PayPal,Paid,964.06,2025-08-19
6977,6977,Invoice,Paid,1969.11,2023-07-20
6978,6978,Bank Transfer,Paid,4155.25,2025-08-20
6979,6979,PayPal,Paid,1457.53,2022-03-10
6980,6980,Invoice,Pending,1352.5,2024-04-24
6981,6981,Invoice,Paid,1244.58,2025-10-04
6982,6982,Bank Transfer,Paid,2092.52,2025-04-21
6983,6983,Invoice,Paid,973.35,2023-08-23
6984,6984,Card,Paid,543.48,2025-06-23
6985,6985,PayPal,Refunded,352.9,2022-02-12
6986,6986,Bank Transfer,Paid,1107.78,2024-05-15
6987,6987,Bank Transfer,Paid,401.75,2025-03-30
6988,6988,Card,Paid,1241.33,2023-07-13
6989,6989,Card,Paid,369.08,2024-07-09
6990,6990,Card,Paid,712.85,2023-04-20
6991,6991,Card,Paid,524.83,2023-05-06
6992,6992,PayPal,Paid,576.83,2025-01-30
6993,6993,Invoice,Paid,1489.29,2022-09-24
6994,6994,Bank Transfer,Pending,1939.17,2023-02-13
6995,6995,PayPal,Paid,229.95,2022-08-21
6996,6996,Invoice,Paid,310.63,2024-06-27
6997,6997,Card,Paid,1732.19,2023-06-25
6998,6998,PayPal,Paid,142.34,2025-07-19
6999,6999,Card,Paid,129.82,2022-10-27
7000,7000,Bank Transfer,Paid,250.21,2022-11-05
7001,7001,Card,Pending,191.03,2024-11-04
7002,7002,Card,Paid,839.36,2023-03-28
7003,7003,Card,Pending,947.25,2024-01-29
7004,7004,Bank Transfer,Paid,537.45,2023-12-31
7005,7005,Card,Paid,1066.23,2022-10-02
7006,7006,Card,Pending,1763.28,2022-07-04
7007,7007,Bank Transfer,Pending,78.9,2023-05-18
7008,7008,Invoice,Paid,1260.98,2023-12-02
7009,7009,Invoice,Paid,1157.52,2022-09-15
7010,7010,PayPal,Paid,1336.98,2024-10-06
7011,7011,PayPal,Paid,3172.41,2023-09-05
7012,7012,Card,Paid,1594.42,2025-04-21
7013,7013,Card,Pending,779.12,2024-11-20
7014,7014,Invoice,Paid,1788.87,2022-07-30
7015,7015,PayPal,Paid,519.21,2023-04-13
7016,7016,PayPal,Paid,241.9,2023-04-23
7017,7017,Bank Transfer,Refunded,578.61,2025-12-19
7018,7018,Invoice,Pending,1674.26,2022-07-28
7019,7019,Card,Paid,1111.44,2023-10-30
7020,7020,Card,Paid,932.67,2024-02-15
7021,7021,Card,Paid,1583.83,2025-04-27
7022,7022,Bank Transfer,Paid,549.72,2025-04-22
7023,7023,Bank Transfer,Paid,3877.62,2025-04-18
7024,7024,Card,Refunded,1884.39,2024-05-07
7025,7025,Invoice,Paid,191.34,2022-12-18
7026,7026,Invoice,Paid,382.09,2024-04-03
7027,7027,Invoice,Paid,3164.08,2024-11-28
7028,7028,Invoice,Paid,1048.23,2025-02-04
7029,7029,Card,Paid,1207.79,2022-05-21
7030,7030,Bank Transfer,Paid,142.16,2023-08-08
7031,7031,Bank Transfer,Paid,1516.99,2025-11-24
7032,7032,Invoice,Pending,1416.69,2022-11-27
7033,7033,Invoice,Paid,2218.63,2022-10-22
7034,7034,PayPal,Pending,2000.45,2024-12-23
7035,7035,Bank Transfer,Paid,551.11,2025-11-10
7036,7036,Bank Transfer,Paid,1804.4,2022-06-27
7037,7037,Bank Transfer,Pending,944.91,2022-10-03
7038,7038,Card,Paid,1599.41,2022-09-08
7039,7039,PayPal,Pending,123.06,2023-07-09
7040,7040,Bank Transfer,Pending,343.49,2025-10-06
7041,7041,Card,Paid,2233.65,2022-06-02
7042,7042,Invoice,Paid,3571.3,2022-05-12
7043,7043,Bank Transfer,Paid,2145.66,2023-07-22
7044,7044,PayPal,Pending,833.11,2025-12-29
7045,7045,Bank Transfer,Paid,1455.09,2022-04-15
7046,7046,Bank Transfer,Pending,240.4,2022-08-02
7047,7047,Card,Paid,1960.81,2024-11-21
7048,7048,PayPal,Paid,845.86,2025-03-14
7049,7049,Bank Transfer,Paid,3302.02,2025-12-24
7050,7050,Card,Paid,434.01,2022-08-12
7051,7051,Invoice,Paid,1319.89,2025-02-27
7052,7052,PayPal,Paid,175.98,2023-11-03
7053,7053,Invoice,Paid,603.11,2024-10-07
7054,7054,Bank Transfer,Paid,360.12,2025-02-04
7055,7055,Card,Paid,632.85,2025-12-30
7056,7056,Card,Paid,1273.79,2023-08-21
7057,7057,Invoice,Paid,1770.02,2022-06-12
7058,7058,PayPal,Paid,1554.35,2025-04-18
7059,7059,Card,Paid,1692.06,2025-12-04
7060,7060,PayPal,Refunded,512.5,2025-02-25
7061,7061,Bank Transfer,Pending,616.37,2025-04-17
7062,7062,Card,Paid,290.53,2024-09-13
7063,7063,Card,Paid,519.59,2023-07-06
7064,7064,Invoice,Paid,2834.14,2025-05-02
7065,7065,PayPal,Paid,1460.68,2024-12-12
7066,7066,PayPal,Paid,1365.4,2022-12-10
7067,7067,PayPal,Refunded,1222.61,2025-04-23
7068,7068,Invoice,Pending,2870.26,2022-08-02
7069,7069,Invoice,Paid,700.28,2025-11-11
7070,7070,Bank Transfer,Pending,382.5,2025-06-17
7071,7071,Invoice,Paid,2392.91,2022-10-27
7072,7072,Card,Pending,52.75,2023-08-26
7073,7073,Bank Transfer,Paid,3824.62,2025-03-03
7074,7074,Invoice,Pending,337.66,2025-11-27
7075,7075,PayPal,Paid,816.02,2023-11-25
7076,7076,Invoice,Paid,2979.44,2024-05-09
7077,7077,PayPal,Paid,1885.76,2025-04-19
7078,7078,Card,Paid,326.97,2022-10-14
7079,7079,Invoice,Paid,2952.6,2025-06-27
7080,7080,PayPal,Paid,716.96,2022-03-30
7081,7081,Bank Transfer,Paid,1136.74,2024-08-01
7082,7082,Card,Paid,889.33,2025-11-18
7083,7083,Invoice,Paid,1602.91,2023-01-10
7084,7084,Card,Paid,432.76,2025-09-30
7085,7085,PayPal,Pending,3611.23,2025-03-06
7086,7086,Invoice,Paid,2397.76,2023-03-25
7087,7087,Card,Paid,1398.89,2025-07-03
7088,7088,PayPal,Paid,654.15,2024-12-13
7089,7089,Card,Paid,2775.45,2024-12-14
7090,7090,Bank Transfer,Paid,338.64,2025-07-20
7091,7091,PayPal,Paid,913.88,2022-10-15
7092,7092,Bank Transfer,Paid,682.9,2023-09-28
7093,7093,Bank Transfer,Paid,2900.76,2022-11-19
7094,7094,Card,Paid,1806.67,2024-07-28
7095,7095,Bank Transfer,Paid,468.1,2025-03-28
7096,7096,Card,Paid,188.44,2023-04-21
7097,7097,Card,Refunded,2187.45,2025-11-19
7098,7098,PayPal,Pending,980.29,2022-09-23
7099,7099,PayPal,Paid,282.61,2025-08-31
7100,7100,Invoice,Paid,196.26,2023-10-28
7101,7101,Bank Transfer,Paid,2563.44,2024-06-25
7102,7102,Invoice,Paid,1347.11,2023-06-18
7103,7103,Invoice,Refunded,564.51,2023-07-30
7104,7104,Card,Paid,2750.57,2023-05-08
7105,7105,PayPal,Paid,535.93,2022-09-10
7106,7106,Bank Transfer,Paid,318.42,2024-08-07
7107,7107,PayPal,Paid,194.18,2022-08-31
7108,7108,Card,Paid,968.8,2022-12-07
7109,7109,PayPal,Paid,596.98,2022-09-29
7110,7110,Card,Pending,864.58,2024-07-05
7111,7111,Invoice,Paid,658.49,2023-07-02
7112,7112,Invoice,Paid,2122.54,2023-01-26
7113,7113,Invoice,Pending,2049.59,2023-11-18
7114,7114,Card,Paid,648.15,2024-07-12
7115,7115,Invoice,Paid,717.76,2022-09-17
7116,7116,Invoice,Paid,110.63,2023-03-22
7117,7117,PayPal,Paid,229.64,2024-09-11
7118,7118,Card,Paid,42.63,2024-11-25
7119,7119,Invoice,Paid,3201.0,2022-01-04
7120,7120,PayPal,Paid,109.32,2025-07-22
7121,7121,PayPal,Paid,228.99,2023-09-28
7122,7122,Bank Transfer,Paid,409.35,2022-01-11
7123,7123,PayPal,Paid,2023.35,2025-05-21
7124,7124,Card,Paid,169.11,2024-12-15
7125,7125,Invoice,Paid,2015.63,2025-06-16
7126,7126,Invoice,Paid,1437.41,2024-10-10
7127,7127,PayPal,Pending,333.26,2022-10-19
7128,7128,Card,Refunded,1634.81,2024-12-10
7129,7129,Bank Transfer,Paid,1642.1,2024-12-12
7130,7130,Card,Pending,169.76,2024-01-13
7131,7131,Bank Transfer,Paid,563.96,2024-08-12
7132,7132,Card,Refunded,314.04,2023-04-24
7133,7133,Bank Transfer,Pending,459.33,2025-08-28
7134,7134,Bank Transfer,Refunded,5747.63,2024-02-20
7135,7135,Card,Paid,18.68,2022-05-23
7136,7136,Bank Transfer,Paid,1028.34,2024-11-09
7137,7137,PayPal,Paid,802.48,2025-05-14
7138,7138,PayPal,Paid,1521.96,2025-06-29
7139,7139,Invoice,Refunded,1068.56,2022-12-04
7140,7140,Card,Paid,1510.21,2024-09-21
7141,7141,Bank Transfer,Paid,420.41,2025-08-21
7142,7142,Card,Pending,1401.46,2023-09-09
7143,7143,Bank Transfer,Paid,365.68,2025-06-07
7144,7144,Bank Transfer,Pending,325.42,2024-04-27
7145,7145,Invoice,Pending,921.45,2025-01-31
7146,7146,Card,Paid,1142.19,2023-07-26
7147,7147,PayPal,Paid,709.98,2023-12-07
7148,7148,Invoice,Pending,1415.91,2023-03-13
7149,7149,Invoice,Paid,571.89,2023-08-13
7150,7150,Bank Transfer,Paid,777.27,2023-07-18
7151,7151,Invoice,Paid,1922.45,2025-07-22
7152,7152,Bank Transfer,Paid,2269.38,2024-04-29
7153,7153,Invoice,Pending,947.91,2022-10-10
7154,7154,Invoice,Paid,296.46,2023-12-24
7155,7155,Card,Pending,1422.47,2025-05-03
7156,7156,Card,Paid,609.35,2025-10-15
7157,7157,Invoice,Paid,582.08,2022-10-17
7158,7158,Invoice,Paid,632.45,2023-10-05
7159,7159,PayPal,Paid,364.28,2024-07-28
7160,7160,PayPal,Paid,860.2,2023-10-28
7161,7161,PayPal,Refunded,2008.79,2022-01-27
7162,7162,PayPal,Paid,1121.62,2022-12-03
7163,7163,Card,Paid,213.62,2024-09-12
7164,7164,Bank Transfer,Paid,98.26,2022-10-11
7165,7165,Bank Transfer,Paid,921.24,2023-06-17
7166,7166,Invoice,Paid,310.31,2023-04-14
7167,7167,Card,Pending,1968.24,2023-10-24
7168,7168,Card,Paid,2412.28,2025-01-22
7169,7169,Card,Pending,1193.34,2024-12-24
7170,7170,Bank Transfer,Paid,437.6,2022-06-20
7171,7171,PayPal,Pending,869.1,2024-01-15
7172,7172,Invoice,Refunded,588.99,2024-07-29
7173,7173,Invoice,Paid,1342.5,2023-11-25
7174,7174,PayPal,Pending,3439.43,2025-06-04
7175,7175,Card,Paid,1401.89,2025-05-13
7176,7176,PayPal,Paid,264.8,2022-01-22
7177,7177,Invoice,Pending,392.22,2024-07-18
7178,7178,Invoice,Paid,565.06,2024-09-18
7179,7179,PayPal,Paid,692.07,2022-12-03
7180,7180,PayPal,Paid,2808.07,2022-12-21
7181,7181,Invoice,Paid,146.06,2023-04-29
7182,7182,PayPal,Paid,987.69,2025-11-17
7183,7183,Card,Refunded,1711.4,2023-09-21
7184,7184,Invoice,Paid,1736.55,2025-05-10
7185,7185,Bank Transfer,Paid,1948.0,2024-12-06
7186,7186,PayPal,Paid,1620.49,2023-09-18
7187,7187,Bank Transfer,Paid,150.51,2022-10-07
7188,7188,PayPal,Paid,1458.41,2025-01-01
7189,7189,Bank Transfer,Pending,1565.45,2022-07-11
7190,7190,PayPal,Pending,198.16,2025-05-28
7191,7191,PayPal,Pending,826.35,2025-12-22
7192,7192,Invoice,Paid,1933.77,2024-04-02
7193,7193,Bank Transfer,Paid,3837.27,2024-07-03
7194,7194,Invoice,Paid,570.76,2022-01-16
7195,7195,Invoice,Paid,1757.66,2022-07-18
7196,7196,Card,Paid,806.1,2023-11-19
7197,7197,Invoice,Paid,531.82,2023-09-29
7198,7198,Invoice,Paid,1714.7,2022-04-07
7199,7199,Card,Paid,233.68,2024-06-18
7200,7200,Card,Pending,275.74,2022-10-25
7201,7201,Invoice,Paid,1052.67,2025-12-23
7202,7202,Bank Transfer,Paid,299.35,2025-12-03
7203,7203,Bank Transfer,Paid,795.99,2025-10-31
7204,7204,Invoice,Pending,1622.93,2024-12-30
7205,7205,Bank Transfer,Paid,409.03,2025-12-04
7206,7206,Bank Transfer,Paid,1339.86,2024-09-13
7207,7207,Bank Transfer,Paid,1570.82,2024-06-01
7208,7208,Card,Paid,298.79,2025-08-11
7209,7209,Invoice,Paid,864.51,2025-06-29
7210,7210,Card,Pending,98.57,2023-12-15
7211,7211,Card,Paid,1327.81,2025-09-05
7212,7212,Card,Paid,239.4,2025-12-29
7213,7213,Bank Transfer,Paid,992.16,2024-11-02
7214,7214,PayPal,Pending,655.26,2023-04-06
7215,7215,Bank Transfer,Paid,787.63,2022-06-18
7216,7216,Card,Paid,2393.78,2024-05-06
7217,7217,Bank Transfer,Paid,810.73,2022-07-25
7218,7218,Invoice,Paid,957.53,2022-11-22
7219,7219,Bank Transfer,Pending,284.74,2024-08-11
7220,7220,PayPal,Paid,370.21,2022-11-19
7221,7221,PayPal,Refunded,663.29,2023-07-04
7222,7222,Bank Transfer,Paid,1377.17,2023-06-15
7223,7223,Card,Paid,888.05,2023-08-20
7224,7224,PayPal,Paid,840.74,2024-03-30
7225,7225,Invoice,Paid,629.63,2022-04-03
7226,7226,Card,Paid,371.36,2025-06-11
7227,7227,Bank Transfer,Pending,686.01,2024-11-03
7228,7228,PayPal,Pending,1566.6,2022-12-16
7229,7229,Card,Paid,271.95,2023-12-04
7230,7230,Invoice,Paid,414.05,2023-06-04
7231,7231,PayPal,Paid,732.57,2025-10-24
7232,7232,Bank Transfer,Paid,761.87,2025-12-31
7233,7233,PayPal,Paid,133.84,2024-04-19
7234,7234,Bank Transfer,Paid,987.41,2024-06-25
7235,7235,Card,Paid,172.51,2025-10-21
7236,7236,Bank Transfer,Paid,1392.38,2022-02-07
7237,7237,PayPal,Pending,1956.63,2025-11-14
7238,7238,PayPal,Pending,976.68,2024-11-06
7239,7239,Card,Paid,1758.56,2023-06-16
7240,7240,Invoice,Pending,562.86,2023-01-13
7241,7241,Bank Transfer,Pending,776.91,2024-11-08
7242,7242,Card,Paid,1002.43,2023-09-10
7243,7243,Bank Transfer,Paid,965.64,2023-08-19
7244,7244,Invoice,Paid,1906.77,2023-07-19
7245,7245,Invoice,Refunded,1706.52,2025-05-09
7246,7246,Bank Transfer,Pending,2958.91,2024-10-07
7247,7247,Bank Transfer,Refunded,503.07,2023-02-07
7248,7248,PayPal,Pending,255.64,2022-02-15
7249,7249,Bank Transfer,Paid,241.4,2024-10-15
7250,7250,PayPal,Pending,734.51,2025-04-15
7251,7251,Invoice,Refunded,812.41,2025-11-15
7252,7252,PayPal,Pending,1318.97,2023-04-28
7253,7253,Invoice,Pending,905.44,2024-07-10
7254,7254,Card,Refunded,512.22,2025-06-02
7255,7255,PayPal,Paid,2808.69,2022-12-16
7256,7256,PayPal,Paid,355.13,2024-04-21
7257,7257,Bank Transfer,Paid,1351.78,2022-07-02
7258,7258,Bank Transfer,Paid,496.66,2024-09-24
7259,7259,Bank Transfer,Paid,20.43,2024-10-07
7260,7260,PayPal,Paid,914.69,2022-12-22
7261,7261,Card,Paid,69.62,2025-10-03
7262,7262,Bank Transfer,Paid,1253.47,2024-11-05
7263,7263,Card,Paid,4607.09,2022-06-18
7264,7264,Bank Transfer,Paid,852.37,2024-08-18
7265,7265,Card,Paid,479.12,2024-12-02
7266,7266,Card,Paid,1134.99,2024-07-29
7267,7267,Bank Transfer,Paid,1527.53,2022-01-22
7268,7268,Bank Transfer,Paid,257.3,2022-04-24
7269,7269,Bank Transfer,Paid,371.1,2022-05-27
7270,7270,Card,Refunded,219.13,2024-10-10
7271,7271,Invoice,Paid,232.52,2023-06-07
7272,7272,PayPal,Paid,1000.38,2025-05-01
7273,7273,PayPal,Paid,1527.34,2025-03-18
7274,7274,Card,Pending,548.67,2025-11-08
7275,7275,Bank Transfer,Paid,316.2,2023-11-20
7276,7276,Invoice,Paid,2010.15,2023-11-26
7277,7277,Invoice,Paid,718.84,2025-10-26
7278,7278,Invoice,Paid,2318.97,2024-09-27
7279,7279,Invoice,Paid,749.42,2022-07-14
7280,7280,PayPal,Paid,81.22,2025-05-24
7281,7281,Invoice,Paid,3034.98,2023-06-13
7282,7282,PayPal,Paid,1800.51,2022-06-01
7283,7283,PayPal,Paid,607.78,2023-12-31
7284,7284,PayPal,Paid,373.23,2025-06-30
7285,7285,Bank Transfer,Refunded,2793.07,2023-09-21
7286,7286,Bank Transfer,Paid,420.95,2025-12-23
7287,7287,Bank Transfer,Paid,530.12,2025-02-27
7288,7288,Bank Transfer,Paid,1578.2,2025-07-11
7289,7289,Bank Transfer,Paid,1146.38,2022-03-04
7290,7290,PayPal,Pending,584.41,2024-04-25
7291,7291,PayPal,Paid,898.35,2022-06-21
7292,7292,Invoice,Paid,1100.41,2023-10-29
7293,7293,PayPal,Paid,3207.75,2025-03-23
7294,7294,Invoice,Refunded,1572.76,2023-04-24
7295,7295,Bank Transfer,Paid,590.41,2025-12-15
7296,7296,Bank Transfer,Paid,1753.65,2024-07-17
7297,7297,Card,Paid,382.54,2023-02-28
7298,7298,PayPal,Paid,199.99,2023-06-25
7299,7299,Card,Paid,846.65,2022-11-23
7300,7300,Invoice,Paid,617.93,2022-11-10
7301,7301,PayPal,Paid,809.38,2022-06-10
7302,7302,Bank Transfer,Refunded,2131.41,2025-10-28
7303,7303,Invoice,Paid,313.04,2024-10-13
7304,7304,PayPal,Paid,1034.62,2024-12-04
7305,7305,Bank Transfer,Pending,316.74,2022-03-07
7306,7306,Invoice,Paid,1063.8,2022-10-09
7307,7307,Bank Transfer,Paid,2207.35,2025-05-26
7308,7308,Invoice,Paid,2449.52,2024-12-24
7309,7309,Card,Paid,1717.23,2025-11-08
7310,7310,Bank Transfer,Pending,122.29,2025-10-01
7311,7311,Bank Transfer,Pending,538.61,2023-04-12
7312,7312,PayPal,Paid,1421.45,2025-12-28
7313,7313,Bank Transfer,Paid,2525.95,2025-04-25
7314,7314,Card,Paid,1698.18,2024-10-12
7315,7315,PayPal,Refunded,1119.2,2024-02-14
7316,7316,Card,Paid,1006.63,2022-03-08
7317,7317,PayPal,Paid,679.49,2025-03-01
7318,7318,Bank Transfer,Paid,527.48,2025-09-16
7319,7319,PayPal,Paid,556.51,2022-11-04
7320,7320,Card,Paid,504.63,2023-08-18
7321,7321,Bank Transfer,Paid,1212.23,2022-01-14
7322,7322,Card,Paid,4008.61,2025-12-11
7323,7323,Card,Paid,910.0,2025-02-13
7324,7324,PayPal,Paid,1244.52,2024-04-14
7325,7325,Bank Transfer,Paid,572.07,2024-08-23
7326,7326,Card,Paid,860.25,2022-08-25
7327,7327,Invoice,Paid,807.97,2024-04-14
7328,7328,Invoice,Paid,4063.84,2022-12-19
7329,7329,Invoice,Paid,319.0,2025-11-30
7330,7330,Card,Paid,283.71,2022-05-17
7331,7331,Card,Paid,688.07,2025-04-20
7332,7332,Invoice,Paid,38.41,2025-10-05
7333,7333,Bank Transfer,Paid,266.73,2023-03-10
7334,7334,Invoice,Paid,1983.7,2025-12-22
7335,7335,PayPal,Paid,2663.89,2022-07-26
7336,7336,Bank Transfer,Pending,1534.95,2022-11-14
7337,7337,Bank Transfer,Paid,337.23,2025-01-15
7338,7338,Card,Paid,1637.35,2023-02-16
7339,7339,Card,Paid,490.56,2024-05-01
7340,7340,PayPal,Paid,317.81,2023-08-04
7341,7341,PayPal,Paid,1106.8,2023-12-05
7342,7342,Invoice,Paid,614.3,2022-09-27
7343,7343,Bank Transfer,Paid,600.86,2022-07-25
7344,7344,PayPal,Paid,3473.2,2024-11-05
7345,7345,Bank Transfer,Paid,1487.31,2023-03-10
7346,7346,PayPal,Paid,269.52,2025-07-02
7347,7347,Card,Paid,2141.27,2025-02-13
7348,7348,PayPal,Paid,1579.85,2022-02-17
7349,7349,Invoice,Paid,313.73,2023-07-29
7350,7350,Card,Paid,1583.36,2025-01-14
7351,7351,Invoice,Pending,3579.81,2022-08-13
7352,7352,Card,Refunded,1644.52,2024-01-01
7353,7353,Invoice,Pending,923.4,2022-01-09
7354,7354,Bank Transfer,Paid,595.95,2023-06-25
7355,7355,Invoice,Pending,3645.15,2022-11-18
7356,7356,PayPal,Paid,3085.14,2023-01-31
7357,7357,Card,Paid,891.77,2022-07-27
7358,7358,Bank Transfer,Paid,857.78,2025-01-28
7359,7359,Card,Paid,1177.28,2024-06-19
7360,7360,Invoice,Paid,184.04,2022-01-07
7361,7361,PayPal,Paid,643.46,2023-08-15
7362,7362,Invoice,Paid,2614.43,2024-08-20
7363,7363,PayPal,Paid,1458.14,2023-01-16
7364,7364,Invoice,Paid,631.31,2024-11-26
7365,7365,PayPal,Paid,1049.23,2022-05-05
7366,7366,Card,Pending,1213.38,2025-06-17
7367,7367,Bank Transfer,Paid,1844.85,2022-12-31
7368,7368,PayPal,Paid,1384.82,2025-07-26
7369,7369,Bank Transfer,Paid,1451.88,2023-06-29
7370,7370,Bank Transfer,Paid,1209.5,2022-11-13
7371,7371,Invoice,Paid,170.14,2025-07-12
7372,7372,Card,Paid,132.33,2022-12-07
7373,7373,Card,Paid,1659.2,2022-08-26
7374,7374,Bank Transfer,Paid,2662.8,2023-03-09
7375,7375,Bank Transfer,Pending,1875.57,2025-08-07
7376,7376,Card,Paid,1929.62,2023-03-31
7377,7377,PayPal,Pending,1284.05,2022-05-02
7378,7378,Invoice,Paid,923.07,2024-05-11
7379,7379,Invoice,Pending,140.48,2024-01-03
7380,7380,PayPal,Refunded,185.08,2023-11-09
7381,7381,Bank Transfer,Pending,2313.57,2023-05-18
7382,7382,Bank Transfer,Paid,835.05,2023-10-04
7383,7383,Invoice,Paid,324.55,2023-03-09
7384,7384,PayPal,Paid,1621.85,2025-05-31
7385,7385,Card,Pending,2551.95,2023-11-25
7386,7386,Card,Paid,256.85,2022-07-30
7387,7387,PayPal,Paid,976.58,2025-09-21
7388,7388,Card,Pending,1291.77,2022-05-08
7389,7389,Bank Transfer,Paid,826.14,2025-08-03
7390,7390,PayPal,Paid,1171.92,2023-06-01
7391,7391,PayPal,Paid,1705.08,2025-04-11
7392,7392,Bank Transfer,Paid,378.58,2025-09-22
7393,7393,Card,Paid,620.19,2024-08-14
7394,7394,PayPal,Paid,1269.11,2022-09-03
7395,7395,Card,Paid,591.47,2025-10-13
7396,7396,Invoice,Pending,2424.35,2022-05-26
7397,7397,Card,Paid,341.06,2024-01-09
7398,7398,Bank Transfer,Pending,530.95,2024-08-12
7399,7399,Invoice,Pending,2253.38,2022-04-12
7400,7400,PayPal,Paid,243.2,2023-04-21
7401,7401,Card,Paid,1671.8,2023-06-11
7402,7402,Invoice,Paid,93.21,2025-09-26
7403,7403,PayPal,Paid,1113.19,2023-11-19
7404,7404,PayPal,Paid,2490.99,2022-04-18
7405,7405,Card,Paid,83.62,2024-12-02
7406,7406,Card,Paid,636.39,2024-11-17
7407,7407,Bank Transfer,Paid,2679.28,2024-10-17
7408,7408,Card,Paid,3308.88,2023-05-25
7409,7409,PayPal,Paid,866.26,2025-01-07
7410,7410,Card,Refunded,253.59,2025-08-16
7411,7411,Card,Paid,51.5,2025-02-06
7412,7412,Invoice,Paid,531.77,2024-06-16
7413,7413,PayPal,Pending,827.76,2025-12-29
7414,7414,PayPal,Pending,319.71,2022-05-26
7415,7415,Invoice,Paid,2357.85,2025-02-08
7416,7416,PayPal,Pending,1860.38,2022-01-15
7417,7417,Bank Transfer,Paid,672.71,2022-05-23
7418,7418,Card,Pending,1174.07,2025-03-27
7419,7419,Card,Paid,3823.1,2022-01-23
7420,7420,Card,Paid,2487.74,2025-01-04
7421,7421,Bank Transfer,Pending,569.98,2023-12-20
7422,7422,Bank Transfer,Paid,364.61,2025-10-13
7423,7423,Invoice,Paid,2009.98,2022-12-11
7424,7424,Invoice,Paid,1011.26,2023-06-21
7425,7425,Bank Transfer,Paid,882.81,2025-08-04
7426,7426,Bank Transfer,Paid,334.49,2024-06-05
7427,7427,Bank Transfer,Paid,896.36,2023-07-13
7428,7428,Card,Paid,202.25,2024-04-15
7429,7429,Bank Transfer,Pending,130.57,2025-12-21
7430,7430,Invoice,Paid,1087.55,2025-08-08
7431,7431,Bank Transfer,Pending,211.15,2023-04-10
7432,7432,PayPal,Paid,1649.89,2025-07-12
7433,7433,Card,Paid,1290.11,2025-07-17
7434,7434,Invoice,Paid,450.61,2025-09-11
7435,7435,Card,Paid,2325.84,2025-02-04
7436,7436,Bank Transfer,Paid,231.32,2025-08-22
7437,7437,Bank Transfer,Paid,245.95,2025-01-31
7438,7438,Invoice,Paid,965.14,2024-10-12
7439,7439,Bank Transfer,Pending,300.26,2025-11-28
7440,7440,Card,Paid,133.42,2023-06-16
7441,7441,Bank Transfer,Paid,489.84,2023-12-09
7442,7442,PayPal,Pending,1490.95,2022-06-22
7443,7443,Bank Transfer,Pending,813.9,2024-09-30
7444,7444,Invoice,Pending,564.35,2024-08-15
7445,7445,Card,Paid,4785.45,2023-11-17
7446,7446,Bank Transfer,Paid,241.53,2023-03-23
7447,7447,Card,Paid,1262.5,2024-12-07
7448,7448,Invoice,Paid,972.28,2022-05-27
7449,7449,Card,Paid,1203.08,2022-07-13
7450,7450,Card,Pending,706.78,2025-03-01
7451,7451,PayPal,Paid,2250.45,2022-11-02
7452,7452,PayPal,Paid,1166.32,2025-11-22
7453,7453,Bank Transfer,Paid,1833.93,2022-11-05
7454,7454,Card,Paid,1444.06,2024-08-30
7455,7455,Invoice,Paid,608.24,2022-12-16
7456,7456,PayPal,Paid,168.74,2023-05-23
7457,7457,Bank Transfer,Paid,3719.92,2022-08-16
7458,7458,Card,Paid,154.72,2025-05-30
7459,7459,Bank Transfer,Paid,3294.61,2022-08-14
7460,7460,Card,Paid,1693.66,2024-04-11
7461,7461,Invoice,Paid,928.83,2024-04-20
7462,7462,Bank Transfer,Paid,139.45,2023-04-24
7463,7463,PayPal,Paid,2720.07,2023-07-21
7464,7464,Invoice,Pending,1688.18,2025-10-01
7465,7465,PayPal,Paid,751.0,2024-10-03
7466,7466,Invoice,Paid,1728.32,2025-06-13
7467,7467,PayPal,Paid,656.06,2023-01-17
7468,7468,Invoice,Paid,2356.22,2022-07-25
7469,7469,Card,Paid,342.83,2022-05-13
7470,7470,Invoice,Paid,2857.68,2024-10-01
7471,7471,PayPal,Paid,1260.77,2024-09-21
7472,7472,Bank Transfer,Pending,100.06,2022-11-09
7473,7473,Bank Transfer,Paid,1518.08,2025-01-12
7474,7474,PayPal,Paid,331.29,2022-07-01
7475,7475,Card,Paid,1478.49,2024-12-25
7476,7476,PayPal,Paid,499.65,2022-12-04
7477,7477,Invoice,Paid,314.04,2023-01-10
7478,7478,Card,Paid,647.28,2023-02-07
7479,7479,Invoice,Paid,1142.96,2023-03-24
7480,7480,Card,Paid,1824.11,2025-11-02
7481,7481,Card,Paid,205.19,2025-05-15
7482,7482,Invoice,Paid,892.44,2023-09-18
7483,7483,Card,Pending,1450.89,2025-12-01
7484,7484,Card,Paid,1454.13,2022-01-13
7485,7485,PayPal,Paid,1508.68,2025-07-07
7486,7486,Bank Transfer,Paid,675.3,2022-12-10
7487,7487,Bank Transfer,Paid,544.14,2025-08-16
7488,7488,PayPal,Paid,122.25,2022-03-20
7489,7489,PayPal,Paid,648.72,2022-02-14
7490,7490,Invoice,Pending,3162.37,2023-12-08
7491,7491,Invoice,Pending,126.39,2022-11-26
7492,7492,PayPal,Paid,3591.4,2024-07-30
7493,7493,Card,Paid,59.86,2022-03-31
7494,7494,Bank Transfer,Paid,2942.81,2024-04-05
7495,7495,PayPal,Paid,405.03,2024-12-07
7496,7496,Bank Transfer,Paid,4437.34,2025-12-31
7497,7497,PayPal,Pending,2812.89,2023-08-04
7498,7498,PayPal,Pending,88.38,2025-10-01
7499,7499,Card,Paid,1436.69,2022-04-14
7500,7500,Bank Transfer,Paid,121.77,2023-09-08
7501,7501,Invoice,Paid,1352.44,2024-01-20
7502,7502,Card,Paid,449.72,2023-01-26
7503,7503,Bank Transfer,Pending,240.38,2025-06-14
7504,7504,Card,Paid,1156.36,2024-11-30
7505,7505,Invoice,Paid,1500.02,2024-06-18
7506,7506,PayPal,Pending,1050.56,2022-08-17
7507,7507,Bank Transfer,Paid,351.18,2024-06-24
7508,7508,Card,Paid,903.59,2022-10-15
7509,7509,Card,Pending,850.12,2024-07-18
7510,7510,Invoice,Paid,1492.37,2023-06-05
7511,7511,Bank Transfer,Paid,2635.76,2022-10-12
7512,7512,Card,Pending,141.59,2022-11-22
7513,7513,Invoice,Paid,324.7,2023-06-27
7514,7514,Bank Transfer,Paid,1272.48,2025-07-07
7515,7515,Card,Paid,750.41,2024-08-08
7516,7516,PayPal,Paid,747.08,2025-07-17
7517,7517,Bank Transfer,Refunded,1215.84,2025-04-30
7518,7518,Invoice,Paid,118.55,2025-10-17
7519,7519,Bank Transfer,Paid,280.04,2023-09-27
7520,7520,Bank Transfer,Paid,691.41,2022-12-09
7521,7521,PayPal,Paid,1464.87,2025-02-14
7522,7522,Invoice,Pending,770.43,2022-10-31
7523,7523,Card,Paid,579.06,2024-12-17
7524,7524,Bank Transfer,Pending,1977.02,2024-12-28
7525,7525,Invoice,Paid,751.61,2023-02-10
7526,7526,PayPal,Paid,2355.91,2023-06-17
7527,7527,Invoice,Paid,1526.94,2024-01-13
7528,7528,Invoice,Paid,330.59,2023-02-24
7529,7529,Card,Paid,336.42,2024-10-04
7530,7530,Card,Pending,1722.51,2022-03-23
7531,7531,Invoice,Paid,1094.8,2024-11-28
7532,7532,PayPal,Paid,2755.4,2023-11-04
7533,7533,Card,Paid,199.49,2024-11-04
7534,7534,PayPal,Pending,3603.52,2025-04-03
7535,7535,Bank Transfer,Paid,2105.22,2024-06-30
7536,7536,Invoice,Paid,1029.0,2022-05-14
7537,7537,Card,Paid,565.12,2023-12-04
7538,7538,PayPal,Refunded,2030.89,2022-12-07
7539,7539,Bank Transfer,Paid,1022.66,2022-11-01
7540,7540,PayPal,Paid,1121.22,2023-06-05
7541,7541,PayPal,Paid,2518.77,2025-02-19
7542,7542,Bank Transfer,Pending,782.18,2024-10-04
7543,7543,PayPal,Paid,766.81,2022-10-02
7544,7544,Card,Pending,2323.34,2023-05-04
7545,7545,Bank Transfer,Paid,1328.91,2023-10-11
7546,7546,Bank Transfer,Pending,1016.13,2025-10-22
7547,7547,PayPal,Paid,378.66,2022-05-09
7548,7548,Bank Transfer,Paid,950.07,2022-02-15
7549,7549,Bank Transfer,Paid,562.95,2024-08-09
7550,7550,Card,Paid,3386.57,2024-05-26
7551,7551,Bank Transfer,Paid,1467.17,2024-02-04
7552,7552,Invoice,Paid,1441.25,2024-04-08
7553,7553,PayPal,Paid,611.72,2024-10-23
7554,7554,Invoice,Refunded,1886.36,2022-12-26
7555,7555,Card,Paid,697.88,2024-12-22
7556,7556,Bank Transfer,Paid,218.3,2024-11-15
7557,7557,Card,Paid,310.28,2023-07-02
7558,7558,Card,Paid,539.89,2023-10-10
7559,7559,Card,Paid,1420.63,2025-06-03
7560,7560,Bank Transfer,Paid,659.74,2024-08-20
7561,7561,Invoice,Pending,1571.31,2023-06-13
7562,7562,Invoice,Paid,2214.94,2024-06-08
7563,7563,Invoice,Paid,236.51,2025-09-04
7564,7564,Invoice,Pending,1788.27,2023-12-25
7565,7565,PayPal,Pending,430.96,2023-06-24
7566,7566,Card,Pending,281.04,2023-07-03
7567,7567,Invoice,Paid,911.56,2022-02-04
7568,7568,Bank Transfer,Paid,2808.79,2025-12-28
7569,7569,PayPal,Paid,1273.67,2022-06-04
7570,7570,Invoice,Paid,450.7,2023-06-13
7571,7571,Card,Paid,1653.38,2023-12-29
7572,7572,Invoice,Paid,2570.9,2022-04-24
7573,7573,Invoice,Paid,1900.51,2023-09-18
7574,7574,Bank Transfer,Paid,494.81,2025-07-02
7575,7575,Card,Paid,2003.59,2022-12-20
7576,7576,PayPal,Paid,505.26,2024-11-22
7577,7577,Invoice,Paid,2404.05,2023-02-03
7578,7578,Bank Transfer,Pending,1573.63,2025-01-25
7579,7579,Card,Pending,444.83,2025-07-14
7580,7580,PayPal,Pending,1644.18,2025-03-14
7581,7581,Card,Pending,1300.2,2022-10-18
7582,7582,PayPal,Pending,1275.43,2025-08-23
7583,7583,Card,Paid,75.25,2025-08-18
7584,7584,Bank Transfer,Paid,3542.9,2022-12-16
7585,7585,Bank Transfer,Paid,2346.53,2024-03-16
7586,7586,Card,Paid,496.38,2024-12-31
7587,7587,Card,Paid,1902.7,2022-11-23
7588,7588,PayPal,Paid,871.96,2023-03-31
7589,7589,Card,Pending,612.44,2023-10-01
7590,7590,Card,Pending,272.43,2025-11-30
7591,7591,Invoice,Paid,3405.15,2023-04-29
7592,7592,PayPal,Paid,738.48,2024-04-18
7593,7593,Card,Refunded,398.92,2023-12-19
7594,7594,Card,Paid,1504.08,2022-05-18
7595,7595,Bank Transfer,Paid,1732.71,2024-07-03
7596,7596,PayPal,Paid,919.12,2023-08-13
7597,7597,Invoice,Paid,236.21,2025-09-11
7598,7598,PayPal,Paid,115.93,2022-04-23
7599,7599,Bank Transfer,Paid,1034.49,2023-04-10
7600,7600,PayPal,Paid,963.04,2023-04-17
7601,7601,Bank Transfer,Paid,2283.65,2022-08-30
7602,7602,Card,Paid,1753.67,2023-07-10
7603,7603,Card,Pending,1275.14,2023-06-03
7604,7604,Invoice,Paid,778.91,2023-09-21
7605,7605,PayPal,Paid,1290.21,2024-06-09
7606,7606,Card,Pending,359.1,2023-11-05
7607,7607,PayPal,Paid,661.77,2022-07-22
7608,7608,Invoice,Paid,712.4,2025-11-10
7609,7609,Invoice,Paid,215.98,2025-05-03
7610,7610,PayPal,Paid,639.08,2023-04-04
7611,7611,Invoice,Paid,2363.02,2024-02-14
7612,7612,Bank Transfer,Paid,832.47,2024-05-03
7613,7613,Bank Transfer,Paid,835.73,2023-01-15
7614,7614,Bank Transfer,Pending,415.36,2023-04-10
7615,7615,PayPal,Paid,2087.18,2024-12-08
7616,7616,Card,Paid,287.28,2024-03-13
7617,7617,Bank Transfer,Paid,1677.58,2025-06-26
7618,7618,Bank Transfer,Paid,2866.3,2025-09-07
7619,7619,PayPal,Refunded,5480.11,2023-02-03
7620,7620,PayPal,Pending,749.71,2023-04-12
7621,7621,PayPal,Paid,1050.83,2025-03-27
7622,7622,PayPal,Paid,205.99,2024-05-06
7623,7623,PayPal,Paid,369.52,2024-07-02
7624,7624,Invoice,Paid,1376.72,2024-07-07
7625,7625,Card,Paid,700.25,2025-07-24
7626,7626,Bank Transfer,Paid,2087.31,2023-07-18
7627,7627,PayPal,Paid,2095.4,2024-09-26
7628,7628,Card,Paid,145.52,2024-03-15
7629,7629,Card,Paid,1175.99,2022-04-07
7630,7630,PayPal,Paid,657.29,2025-08-04
7631,7631,Card,Paid,770.42,2023-01-20
7632,7632,Card,Paid,994.7,2024-03-23
7633,7633,Bank Transfer,Paid,2340.63,2025-05-24
7634,7634,Bank Transfer,Pending,2490.06,2025-12-05
7635,7635,Card,Paid,1189.74,2024-04-16
7636,7636,Bank Transfer,Refunded,732.94,2024-02-29
7637,7637,Card,Paid,1527.66,2024-09-21
7638,7638,PayPal,Paid,1609.8,2024-11-11
7639,7639,PayPal,Refunded,1671.42,2024-12-23
7640,7640,Card,Paid,860.08,2022-01-28
7641,7641,Bank Transfer,Paid,1031.52,2022-09-06
7642,7642,Card,Paid,307.6,2023-03-11
7643,7643,Bank Transfer,Paid,274.14,2025-05-25
7644,7644,PayPal,Pending,2031.2,2024-12-03
7645,7645,Invoice,Pending,634.15,2022-01-27
7646,7646,Card,Pending,176.11,2025-09-08
7647,7647,Invoice,Paid,1486.54,2023-10-20
7648,7648,Invoice,Paid,2492.08,2022-07-01
7649,7649,Bank Transfer,Paid,1089.88,2025-10-26
7650,7650,Card,Pending,1196.89,2025-10-21
7651,7651,PayPal,Paid,666.03,2022-03-07
7652,7652,PayPal,Pending,613.56,2023-08-23
7653,7653,Bank Transfer,Pending,1504.2,2024-11-28
7654,7654,PayPal,Paid,888.08,2022-08-10
7655,7655,Invoice,Refunded,1751.58,2023-01-12
7656,7656,Card,Paid,786.04,2024-06-06
7657,7657,PayPal,Paid,251.53,2024-12-16
7658,7658,Card,Paid,1746.95,2025-08-09
7659,7659,Card,Paid,1744.2,2022-06-25
7660,7660,Bank Transfer,Pending,3250.43,2025-12-27
7661,7661,PayPal,Paid,1894.53,2023-09-19
7662,7662,Card,Paid,1073.44,2024-06-08
7663,7663,PayPal,Paid,2098.19,2024-12-16
7664,7664,Bank Transfer,Paid,1511.3,2023-10-02
7665,7665,Invoice,Paid,1067.97,2025-05-20
7666,7666,Invoice,Paid,3939.55,2024-04-24
7667,7667,PayPal,Pending,2579.45,2024-08-10
7668,7668,Card,Paid,1904.8,2022-01-19
7669,7669,Invoice,Paid,2037.97,2022-11-29
7670,7670,Bank Transfer,Paid,555.45,2022-09-23
7671,7671,Bank Transfer,Paid,960.91,2024-04-06
7672,7672,Card,Paid,1905.13,2025-03-07
7673,7673,PayPal,Paid,493.6,2022-08-07
7674,7674,PayPal,Paid,421.95,2022-04-25
7675,7675,Invoice,Paid,475.87,2024-01-30
7676,7676,Bank Transfer,Pending,2135.82,2022-12-22
7677,7677,Card,Paid,931.12,2024-11-16
7678,7678,Invoice,Paid,1750.47,2022-07-04
7679,7679,PayPal,Paid,291.95,2022-06-09
7680,7680,Invoice,Pending,391.93,2023-05-26
7681,7681,Card,Paid,317.56,2025-12-22
7682,7682,PayPal,Paid,712.06,2024-07-25
7683,7683,Invoice,Paid,613.11,2022-08-19
7684,7684,Bank Transfer,Paid,1914.27,2023-08-10
7685,7685,PayPal,Paid,2808.12,2025-11-15
7686,7686,Invoice,Paid,18.45,2023-01-29
7687,7687,PayPal,Paid,582.12,2022-09-16
7688,7688,Card,Pending,974.91,2025-12-21
7689,7689,PayPal,Refunded,307.04,2025-07-21
7690,7690,Bank Transfer,Pending,51.75,2022-10-28
7691,7691,PayPal,Paid,1032.15,2022-03-03
7692,7692,Bank Transfer,Paid,1627.67,2024-10-22
7693,7693,Card,Paid,1848.08,2025-11-08
7694,7694,PayPal,Paid,4114.79,2022-11-25
7695,7695,Bank Transfer,Pending,261.72,2024-10-11
7696,7696,Invoice,Paid,1779.06,2024-01-09
7697,7697,Invoice,Pending,2206.74,2024-08-25
7698,7698,Card,Paid,1472.62,2022-04-17
7699,7699,Card,Paid,161.86,2024-03-06
7700,7700,PayPal,Paid,379.04,2024-10-14
7701,7701,Bank Transfer,Paid,1466.96,2023-07-18
7702,7702,Invoice,Pending,653.13,2024-07-05
7703,7703,Invoice,Paid,456.1,2025-06-16
7704,7704,PayPal,Paid,321.15,2025-11-23
7705,7705,Bank Transfer,Paid,858.76,2024-06-05
7706,7706,Bank Transfer,Paid,358.97,2024-12-19
7707,7707,Card,Paid,121.44,2023-11-07
7708,7708,Bank Transfer,Paid,304.83,2023-11-27
7709,7709,Bank Transfer,Pending,1067.64,2024-12-31
7710,7710,PayPal,Paid,325.95,2024-02-16
7711,7711,Invoice,Paid,510.75,2024-12-10
7712,7712,PayPal,Paid,144.14,2023-12-20
7713,7713,PayPal,Paid,404.42,2024-02-08
7714,7714,Bank Transfer,Paid,537.8,2024-05-09
7715,7715,Invoice,Paid,3906.75,2023-11-06
7716,7716,Invoice,Pending,771.69,2025-10-15
7717,7717,Card,Paid,660.67,2025-08-20
7718,7718,PayPal,Paid,1142.91,2025-11-21
7719,7719,Card,Paid,5404.76,2022-05-03
7720,7720,PayPal,Paid,519.72,2023-04-01
7721,7721,Bank Transfer,Paid,1166.2,2024-11-29
7722,7722,PayPal,Pending,1603.76,2022-10-01
7723,7723,Bank Transfer,Refunded,363.61,2022-10-28
7724,7724,Bank Transfer,Paid,90.61,2025-09-07
7725,7725,Bank Transfer,Pending,806.07,2025-07-12
7726,7726,Card,Paid,905.19,2022-08-14
7727,7727,Invoice,Paid,615.6,2024-11-09
7728,7728,PayPal,Pending,503.76,2025-06-15
7729,7729,Card,Paid,1164.07,2022-07-10
7730,7730,Bank Transfer,Paid,497.77,2023-09-22
7731,7731,Invoice,Paid,543.5,2024-03-22
7732,7732,PayPal,Paid,237.11,2024-04-20
7733,7733,Invoice,Pending,2010.94,2022-03-29
7734,7734,Card,Paid,1919.54,2025-07-21
7735,7735,PayPal,Refunded,651.59,2022-11-21
7736,7736,Invoice,Paid,1111.75,2022-11-20
7737,7737,PayPal,Paid,681.16,2025-11-11
7738,7738,PayPal,Paid,313.92,2024-05-18
7739,7739,Card,Pending,483.1,2022-10-06
7740,7740,Card,Paid,1517.32,2025-10-09
7741,7741,Card,Pending,1517.76,2025-12-08
7742,7742,Bank Transfer,Pending,548.07,2025-01-04
7743,7743,Invoice,Pending,819.28,2025-11-08
7744,7744,PayPal,Pending,453.62,2025-11-04
7745,7745,Card,Paid,159.85,2023-05-29
7746,7746,Invoice,Paid,1880.02,2023-09-13
7747,7747,Bank Transfer,Paid,1436.95,2025-12-22
7748,7748,PayPal,Paid,1463.47,2024-11-22
7749,7749,Invoice,Pending,262.26,2024-05-16
7750,7750,Bank Transfer,Paid,288.04,2023-02-24
7751,7751,Card,Paid,1210.86,2023-03-28
7752,7752,Invoice,Paid,597.69,2024-12-18
7753,7753,Card,Paid,186.97,2023-09-12
7754,7754,Invoice,Paid,51.04,2025-09-08
7755,7755,PayPal,Paid,669.22,2025-10-26
7756,7756,Bank Transfer,Pending,753.46,2023-10-25
7757,7757,Bank Transfer,Pending,2016.46,2022-12-20
7758,7758,Invoice,Refunded,893.25,2022-08-18
7759,7759,Bank Transfer,Pending,1131.58,2024-11-17
7760,7760,Card,Paid,1833.77,2022-11-30
7761,7761,PayPal,Paid,742.73,2023-06-28
7762,7762,Bank Transfer,Paid,2904.81,2024-06-30
7763,7763,PayPal,Paid,525.98,2025-02-27
7764,7764,PayPal,Paid,884.71,2024-08-29
7765,7765,Card,Paid,2159.48,2023-11-05
7766,7766,Bank Transfer,Paid,447.54,2024-04-26
7767,7767,Card,Refunded,492.57,2023-12-04
7768,7768,Invoice,Paid,286.7,2025-03-18
7769,7769,Card,Paid,930.66,2023-04-22
7770,7770,Card,Paid,278.16,2024-12-30
7771,7771,Invoice,Paid,493.38,2024-07-03
7772,7772,Bank Transfer,Paid,3830.57,2025-10-16
7773,7773,Bank Transfer,Pending,270.68,2025-07-22
7774,7774,Invoice,Paid,773.93,2025-10-30
7775,7775,Card,Paid,2799.47,2023-04-14
7776,7776,Card,Refunded,699.89,2024-02-01
7777,7777,Bank Transfer,Paid,980.22,2024-04-27
7778,7778,Invoice,Refunded,1273.98,2023-10-31
7779,7779,Card,Paid,807.24,2023-07-02
7780,7780,Card,Paid,626.2,2023-10-24
7781,7781,Invoice,Pending,1618.31,2022-10-01
7782,7782,PayPal,Pending,2210.73,2024-12-25
7783,7783,Invoice,Pending,1131.28,2023-03-26
7784,7784,Card,Paid,1657.22,2022-05-12
7785,7785,Invoice,Paid,1139.29,2025-06-06
7786,7786,Card,Paid,340.34,2024-05-21
7787,7787,PayPal,Paid,2330.42,2024-02-02
7788,7788,PayPal,Pending,948.59,2024-12-13
7789,7789,PayPal,Paid,379.84,2023-02-16
7790,7790,PayPal,Paid,1409.88,2022-09-09
7791,7791,Invoice,Paid,280.64,2023-02-05
7792,7792,PayPal,Paid,998.44,2023-12-07
7793,7793,Bank Transfer,Paid,1597.05,2025-09-14
7794,7794,PayPal,Refunded,2399.93,2022-05-21
7795,7795,PayPal,Paid,326.72,2023-06-25
7796,7796,PayPal,Paid,5029.94,2022-10-07
7797,7797,PayPal,Pending,1623.84,2024-07-20
7798,7798,Invoice,Paid,2203.3,2024-07-03
7799,7799,PayPal,Pending,244.09,2022-11-21
7800,7800,Card,Pending,1853.43,2023-01-20
7801,7801,Invoice,Paid,235.32,2022-07-24
7802,7802,PayPal,Paid,649.49,2023-09-20
7803,7803,Card,Pending,1071.16,2023-12-27
7804,7804,Bank Transfer,Paid,930.3,2024-07-21
7805,7805,Card,Paid,4006.95,2025-12-22
7806,7806,PayPal,Paid,370.63,2023-06-06
7807,7807,PayPal,Paid,652.96,2024-09-26
7808,7808,Card,Paid,294.69,2025-03-22
7809,7809,Card,Paid,371.56,2023-10-11
7810,7810,Bank Transfer,Paid,693.75,2023-02-17
7811,7811,Card,Paid,1412.86,2025-11-10
7812,7812,Card,Paid,116.2,2024-11-28
7813,7813,Card,Paid,467.26,2023-10-20
7814,7814,Bank Transfer,Paid,393.74,2024-04-22
7815,7815,Invoice,Paid,2272.32,2024-01-31
7816,7816,Bank Transfer,Paid,1066.05,2025-11-11
7817,7817,Card,Paid,423.54,2024-09-27
7818,7818,Invoice,Paid,1795.58,2023-09-18
7819,7819,Bank Transfer,Paid,44.87,2024-02-10
7820,7820,Card,Pending,121.66,2025-03-11
7821,7821,PayPal,Paid,316.2,2024-07-12
7822,7822,PayPal,Paid,755.81,2024-09-05
7823,7823,Bank Transfer,Pending,554.2,2025-01-18
7824,7824,PayPal,Paid,799.89,2023-06-11
7825,7825,Card,Paid,1329.2,2024-03-14
7826,7826,Bank Transfer,Paid,760.06,2025-07-08
7827,7827,Bank Transfer,Paid,1106.96,2022-06-01
7828,7828,Invoice,Paid,878.13,2022-01-10
7829,7829,Card,Paid,453.22,2025-10-04
7830,7830,Invoice,Refunded,95.88,2024-09-28
7831,7831,PayPal,Pending,1910.37,2023-07-03
7832,7832,Invoice,Pending,138.27,2024-02-05
7833,7833,PayPal,Paid,895.19,2023-02-12
7834,7834,PayPal,Pending,2778.49,2022-09-07
7835,7835,Bank Transfer,Paid,1235.46,2025-12-01
7836,7836,PayPal,Paid,3102.17,2023-02-13
7837,7837,Card,Paid,812.43,2023-12-04
7838,7838,Card,Pending,557.19,2025-06-15
7839,7839,Invoice,Refunded,3735.65,2025-09-22
7840,7840,Card,Pending,1361.03,2023-06-16
7841,7841,Card,Paid,817.9,2024-08-14
7842,7842,Card,Paid,1622.07,2024-12-22
7843,7843,PayPal,Paid,2056.12,2022-11-22
7844,7844,PayPal,Paid,3242.43,2024-10-23
7845,7845,Card,Paid,528.94,2025-03-18
7846,7846,Invoice,Paid,1340.02,2023-08-14
7847,7847,Card,Paid,1173.26,2023-12-11
7848,7848,Bank Transfer,Paid,195.48,2023-12-20
7849,7849,Invoice,Paid,1139.94,2025-08-02
7850,7850,Card,Paid,74.5,2024-01-23
7851,7851,PayPal,Paid,763.93,2022-04-25
7852,7852,PayPal,Refunded,999.77,2022-11-08
7853,7853,Bank Transfer,Refunded,606.94,2022-05-19
7854,7854,PayPal,Paid,2580.02,2024-08-19
7855,7855,Bank Transfer,Paid,1972.25,2022-07-05
7856,7856,Card,Pending,582.34,2023-10-15
7857,7857,Invoice,Pending,757.62,2022-04-16
7858,7858,PayPal,Paid,116.54,2022-03-20
7859,7859,Invoice,Paid,1255.07,2023-07-01
7860,7860,Card,Paid,56.21,2024-12-15
7861,7861,Invoice,Paid,319.12,2023-01-27
7862,7862,Card,Paid,1523.96,2024-02-16
7863,7863,Bank Transfer,Pending,1677.3,2025-05-03
7864,7864,PayPal,Paid,1152.02,2023-10-06
7865,7865,Invoice,Refunded,526.1,2025-11-05
7866,7866,Bank Transfer,Paid,278.03,2024-09-10
7867,7867,Bank Transfer,Paid,1285.52,2022-06-09
7868,7868,Card,Paid,897.9,2022-08-12
7869,7869,Bank Transfer,Paid,394.0,2025-07-21
7870,7870,Bank Transfer,Paid,2793.23,2025-10-29
7871,7871,PayPal,Paid,1863.27,2023-12-19
7872,7872,PayPal,Pending,18.87,2023-11-12
7873,7873,Card,Paid,794.33,2023-11-18
7874,7874,Bank Transfer,Paid,1915.44,2024-12-11
7875,7875,Invoice,Paid,1120.62,2024-04-25
7876,7876,PayPal,Paid,3154.27,2023-07-06
7877,7877,Card,Paid,454.14,2025-11-25
7878,7878,PayPal,Paid,1371.31,2023-05-11
7879,7879,PayPal,Paid,760.78,2025-03-07
7880,7880,Invoice,Pending,515.78,2025-09-02
7881,7881,Bank Transfer,Paid,993.05,2023-05-12
7882,7882,Bank Transfer,Refunded,3659.43,2025-10-30
7883,7883,Invoice,Paid,595.07,2025-06-08
7884,7884,Card,Paid,469.92,2024-03-25
7885,7885,PayPal,Paid,339.87,2022-12-25
7886,7886,Bank Transfer,Paid,2723.3,2025-05-18
7887,7887,Invoice,Refunded,378.49,2023-01-28
7888,7888,Card,Paid,1417.77,2024-09-16
7889,7889,Card,Paid,2444.48,2025-10-30
7890,7890,Bank Transfer,Refunded,318.1,2022-04-06
7891,7891,Bank Transfer,Paid,1634.93,2023-01-04
7892,7892,Invoice,Paid,1169.57,2022-04-11
7893,7893,Bank Transfer,Paid,3998.89,2025-01-30
7894,7894,PayPal,Refunded,2356.1,2022-03-05
7895,7895,Bank Transfer,Paid,2616.81,2024-09-21
7896,7896,Card,Paid,880.72,2025-02-08
7897,7897,PayPal,Paid,49.71,2022-09-21
7898,7898,PayPal,Paid,577.18,2023-07-21
7899,7899,Card,Paid,881.96,2025-01-15
7900,7900,Invoice,Paid,442.82,2024-11-14
7901,7901,Invoice,Paid,1047.28,2023-09-11
7902,7902,PayPal,Paid,1078.88,2022-07-30
7903,7903,Bank Transfer,Paid,254.18,2024-12-24
7904,7904,PayPal,Paid,182.93,2022-01-28
7905,7905,PayPal,Paid,182.89,2023-05-15
7906,7906,Invoice,Pending,453.36,2025-11-16
7907,7907,Bank Transfer,Paid,2623.44,2023-12-22
7908,7908,PayPal,Pending,695.15,2025-01-20
7909,7909,Card,Paid,828.56,2023-11-13
7910,7910,PayPal,Paid,2092.89,2023-07-05
7911,7911,Invoice,Paid,229.71,2022-09-13
7912,7912,PayPal,Paid,213.04,2022-02-08
7913,7913,PayPal,Paid,2297.27,2025-10-11
7914,7914,PayPal,Paid,425.29,2024-08-14
7915,7915,Bank Transfer,Paid,2156.09,2022-04-27
7916,7916,PayPal,Pending,187.17,2024-08-19
7917,7917,Card,Paid,1114.21,2022-12-17
7918,7918,Card,Paid,650.35,2022-11-24
7919,7919,PayPal,Paid,168.65,2025-03-18
7920,7920,Bank Transfer,Paid,1613.44,2025-08-19
7921,7921,PayPal,Refunded,747.99,2024-08-07
7922,7922,PayPal,Refunded,92.22,2024-11-04
7923,7923,PayPal,Paid,2005.37,2022-02-26
7924,7924,Invoice,Pending,301.23,2023-12-09
7925,7925,Invoice,Paid,674.23,2024-01-24
7926,7926,PayPal,Pending,464.36,2025-06-18
7927,7927,Bank Transfer,Paid,240.57,2023-11-21
7928,7928,PayPal,Paid,774.44,2024-09-12
7929,7929,Bank Transfer,Paid,103.43,2023-12-13
7930,7930,Bank Transfer,Paid,775.97,2025-11-05
7931,7931,Invoice,Paid,520.25,2023-05-20
7932,7932,Card,Refunded,606.64,2025-08-01
7933,7933,Bank Transfer,Paid,37.12,2025-07-03
7934,7934,Bank Transfer,Paid,655.37,2023-10-22
7935,7935,PayPal,Paid,445.3,2025-12-06
7936,7936,Invoice,Paid,2240.9,2025-11-26
7937,7937,Card,Pending,1363.4,2023-12-18
7938,7938,Bank Transfer,Paid,231.66,2023-06-17
7939,7939,Invoice,Paid,2093.69,2025-09-13
7940,7940,PayPal,Refunded,1440.81,2023-12-24
7941,7941,Bank Transfer,Paid,1900.37,2023-05-09
7942,7942,Invoice,Pending,2128.49,2022-11-19
7943,7943,PayPal,Paid,475.08,2025-09-04
7944,7944,Card,Pending,1581.06,2023-10-24
7945,7945,Card,Paid,1113.31,2023-11-29
7946,7946,PayPal,Refunded,979.45,2024-12-30
7947,7947,Bank Transfer,Paid,763.31,2022-11-20
7948,7948,Invoice,Paid,1853.83,2022-01-17
7949,7949,Card,Paid,1277.94,2023-04-26
7950,7950,Invoice,Pending,509.64,2025-02-05
7951,7951,PayPal,Pending,1658.7,2025-08-11
7952,7952,Bank Transfer,Pending,1173.8,2023-09-30
7953,7953,Card,Paid,1139.59,2023-12-22
7954,7954,Bank Transfer,Paid,1667.06,2025-07-21
7955,7955,PayPal,Paid,843.48,2024-08-16
7956,7956,Bank Transfer,Paid,356.47,2022-03-30
7957,7957,PayPal,Paid,377.92,2025-09-12
7958,7958,Bank Transfer,Paid,2356.94,2024-03-10
7959,7959,Bank Transfer,Refunded,90.54,2023-01-16
7960,7960,PayPal,Paid,107.18,2023-12-07
7961,7961,PayPal,Refunded,1119.14,2022-04-08
7962,7962,PayPal,Paid,517.68,2025-09-13
7963,7963,PayPal,Paid,1291.73,2023-08-12
7964,7964,Bank Transfer,Pending,2758.59,2025-11-09
7965,7965,PayPal,Paid,290.53,2022-07-12
7966,7966,Card,Paid,483.76,2023-12-24
7967,7967,Card,Pending,1257.96,2025-12-28
7968,7968,Invoice,Paid,425.81,2022-10-25
7969,7969,Card,Paid,2048.52,2022-06-16
7970,7970,Card,Paid,2844.24,2023-12-31
7971,7971,PayPal,Paid,2250.48,2024-03-07
7972,7972,Bank Transfer,Paid,2903.73,2023-09-11
7973,7973,Invoice,Paid,456.46,2022-11-08
7974,7974,Card,Paid,1589.0,2022-10-22
7975,7975,Bank Transfer,Paid,698.61,2022-09-16
7976,7976,Invoice,Paid,1569.68,2024-06-04
7977,7977,Card,Paid,732.38,2024-04-04
7978,7978,Invoice,Paid,1066.18,2024-08-04
7979,7979,Bank Transfer,Paid,1724.87,2025-04-25
7980,7980,Card,Paid,825.97,2023-01-14
7981,7981,Card,Pending,2075.8,2022-12-28
7982,7982,Bank Transfer,Paid,66.94,2022-04-27
7983,7983,PayPal,Paid,1276.87,2024-10-12
7984,7984,PayPal,Paid,751.53,2023-07-22
7985,7985,Bank Transfer,Paid,491.93,2022-11-04
7986,7986,PayPal,Pending,2323.83,2024-10-20
7987,7987,Card,Paid,1262.03,2023-09-04
7988,7988,Card,Paid,2753.58,2023-07-18
7989,7989,Invoice,Paid,761.02,2025-10-26
7990,7990,Invoice,Paid,249.48,2023-06-14
7991,7991,Bank Transfer,Paid,1889.79,2023-11-24
7992,7992,PayPal,Paid,1176.84,2025-03-14
7993,7993,Bank Transfer,Paid,898.38,2025-01-18
7994,7994,Card,Paid,99.75,2023-01-30
7995,7995,Invoice,Paid,2628.36,2024-07-15
7996,7996,Invoice,Paid,1808.2,2024-12-20
7997,7997,PayPal,Paid,3243.44,2025-11-27
7998,7998,Invoice,Pending,245.26,2024-12-15
7999,7999,Invoice,Paid,1055.14,2023-09-26
8000,8000,Card,Paid,1101.46,2024-11-21
8001,8001,PayPal,Paid,519.33,2022-03-12
8002,8002,Card,Pending,387.66,2024-07-06
8003,8003,Card,Paid,240.33,2023-01-16
8004,8004,PayPal,Paid,795.28,2025-07-18
8005,8005,PayPal,Paid,969.9,2024-08-26
8006,8006,Invoice,Paid,391.59,2022-08-10
8007,8007,Card,Paid,47.46,2024-10-27
8008,8008,Bank Transfer,Refunded,209.16,2022-08-26
8009,8009,PayPal,Paid,472.2,2023-10-31
8010,8010,Bank Transfer,Paid,1074.37,2022-06-29
8011,8011,Card,Paid,2815.81,2023-07-02
8012,8012,PayPal,Pending,1476.63,2025-02-08
8013,8013,Invoice,Paid,3630.73,2025-04-29
8014,8014,PayPal,Paid,1134.52,2024-02-13
8015,8015,Card,Pending,1881.04,2022-08-05
8016,8016,Bank Transfer,Paid,1356.83,2025-12-12
8017,8017,Invoice,Pending,486.01,2023-03-24
8018,8018,Bank Transfer,Pending,1031.47,2022-12-13
8019,8019,Invoice,Pending,1097.63,2023-09-11
8020,8020,Bank Transfer,Paid,3010.71,2024-11-22
8021,8021,Invoice,Paid,1286.67,2023-06-06
8022,8022,Bank Transfer,Paid,1354.52,2023-09-03
8023,8023,Bank Transfer,Paid,1717.4,2025-03-04
8024,8024,Bank Transfer,Paid,73.51,2023-11-13
8025,8025,Invoice,Paid,4088.41,2023-04-19
8026,8026,PayPal,Paid,93.6,2022-07-17
8027,8027,PayPal,Paid,1220.3,2022-09-30
8028,8028,Invoice,Paid,1395.64,2025-10-23
8029,8029,Card,Pending,227.87,2022-03-03
8030,8030,PayPal,Paid,1388.51,2025-05-30
8031,8031,Card,Paid,3577.1,2024-04-08
8032,8032,Invoice,Paid,165.24,2025-09-23
8033,8033,Invoice,Paid,331.16,2025-10-05
8034,8034,Card,Paid,906.03,2024-05-28
8035,8035,Invoice,Paid,643.81,2022-02-16
8036,8036,PayPal,Paid,1810.22,2024-06-07
8037,8037,Bank Transfer,Paid,601.31,2025-07-27
8038,8038,Bank Transfer,Pending,337.77,2025-01-21
8039,8039,PayPal,Paid,1191.19,2024-05-29
8040,8040,Card,Paid,1326.44,2025-04-05
8041,8041,Card,Paid,2112.32,2023-10-18
8042,8042,Invoice,Paid,1302.19,2025-10-14
8043,8043,Bank Transfer,Paid,492.43,2022-02-18
8044,8044,Card,Paid,524.58,2022-12-21
8045,8045,Bank Transfer,Paid,2249.22,2022-06-28
8046,8046,Bank Transfer,Pending,1727.64,2022-02-04
8047,8047,Bank Transfer,Paid,631.28,2024-12-29
8048,8048,PayPal,Paid,899.96,2022-07-13
8049,8049,PayPal,Paid,2820.93,2024-05-06
8050,8050,Bank Transfer,Pending,408.03,2024-10-08
8051,8051,Card,Paid,1179.38,2022-05-09
8052,8052,Invoice,Refunded,832.0,2025-01-04
8053,8053,PayPal,Paid,430.02,2023-05-31
8054,8054,Invoice,Paid,1029.34,2024-12-11
8055,8055,Card,Paid,2113.65,2024-05-27
8056,8056,Bank Transfer,Pending,1245.2,2023-11-20
8057,8057,Invoice,Paid,1301.46,2024-05-21
8058,8058,Card,Paid,1323.87,2022-06-18
8059,8059,PayPal,Paid,440.62,2022-06-23
8060,8060,Bank Transfer,Paid,2310.25,2025-01-20
8061,8061,Bank Transfer,Paid,773.57,2025-12-09
8062,8062,Card,Paid,595.46,2022-09-07
8063,8063,Invoice,Refunded,508.02,2024-06-17
8064,8064,Card,Paid,540.23,2025-12-12
8065,8065,PayPal,Refunded,2256.97,2025-07-22
8066,8066,PayPal,Paid,2486.21,2023-02-03
8067,8067,Card,Paid,1225.17,2023-08-25
8068,8068,Card,Paid,147.91,2025-11-01
8069,8069,Card,Pending,2418.31,2023-12-03
8070,8070,Bank Transfer,Refunded,1922.63,2022-03-27
8071,8071,PayPal,Paid,1807.18,2024-02-10
8072,8072,Bank Transfer,Paid,621.18,2023-06-09
8073,8073,Invoice,Paid,863.41,2022-12-02
8074,8074,PayPal,Paid,18.1,2025-09-05
8075,8075,PayPal,Paid,1054.69,2022-03-07
8076,8076,Invoice,Paid,1524.14,2023-12-27
8077,8077,PayPal,Paid,781.56,2024-06-14
8078,8078,Bank Transfer,Paid,359.27,2022-05-10
8079,8079,Card,Pending,107.5,2022-08-19
8080,8080,Invoice,Paid,719.12,2024-06-21
8081,8081,PayPal,Paid,766.31,2023-01-16
8082,8082,Bank Transfer,Paid,1012.27,2022-07-09
8083,8083,Card,Paid,606.63,2025-09-02
8084,8084,Bank Transfer,Paid,48.0,2024-10-21
8085,8085,Invoice,Paid,1139.34,2023-07-04
8086,8086,Invoice,Pending,551.11,2022-07-21
8087,8087,Card,Pending,4100.94,2025-08-10
8088,8088,Invoice,Paid,1586.69,2025-08-30
8089,8089,Card,Paid,536.82,2024-10-05
8090,8090,Bank Transfer,Paid,575.71,2023-03-20
8091,8091,Invoice,Paid,1820.12,2024-09-18
8092,8092,Bank Transfer,Paid,1399.49,2024-09-24
8093,8093,Bank Transfer,Paid,463.36,2024-09-22
8094,8094,Card,Paid,22.36,2025-10-24
8095,8095,Bank Transfer,Paid,999.83,2023-04-23
8096,8096,Bank Transfer,Paid,102.11,2023-10-06
8097,8097,Card,Paid,134.83,2025-09-20
8098,8098,PayPal,Refunded,1224.24,2025-03-20
8099,8099,Card,Paid,4002.8,2023-03-29
8100,8100,Bank Transfer,Pending,319.61,2025-07-01
8101,8101,PayPal,Pending,1220.1,2022-05-04
8102,8102,Card,Paid,118.03,2022-09-08
8103,8103,Card,Pending,3199.68,2025-08-11
8104,8104,Card,Refunded,1618.46,2023-06-01
8105,8105,PayPal,Paid,1794.77,2023-05-02
8106,8106,Invoice,Paid,2727.18,2022-09-16
8107,8107,Bank Transfer,Paid,1168.91,2022-01-07
8108,8108,PayPal,Pending,1965.74,2022-10-02
8109,8109,PayPal,Paid,768.28,2022-03-18
8110,8110,Invoice,Paid,1686.63,2025-07-18
8111,8111,Card,Pending,1390.1,2023-12-31
8112,8112,Card,Paid,2438.47,2024-10-09
8113,8113,PayPal,Pending,1831.27,2023-10-07
8114,8114,Bank Transfer,Paid,1597.17,2023-03-15
8115,8115,Invoice,Paid,1543.07,2025-08-01
8116,8116,Bank Transfer,Paid,1060.8,2022-02-25
8117,8117,PayPal,Pending,2465.69,2022-09-09
8118,8118,PayPal,Pending,2197.21,2024-09-05
8119,8119,Card,Paid,1281.07,2024-08-08
8120,8120,PayPal,Paid,2013.8,2023-11-17
8121,8121,Bank Transfer,Paid,928.56,2024-01-18
8122,8122,Bank Transfer,Paid,869.35,2024-03-29
8123,8123,Invoice,Refunded,854.8,2022-10-23
8124,8124,Bank Transfer,Paid,552.79,2025-07-07
8125,8125,Card,Paid,706.77,2024-11-12
8126,8126,PayPal,Paid,342.79,2025-09-07
8127,8127,Invoice,Paid,1087.29,2024-05-30
8128,8128,PayPal,Paid,260.72,2025-05-19
8129,8129,PayPal,Paid,118.01,2022-10-25
8130,8130,PayPal,Paid,659.06,2023-12-07
8131,8131,PayPal,Paid,2886.57,2022-04-11
8132,8132,Invoice,Paid,1280.96,2025-04-15
8133,8133,PayPal,Paid,146.93,2023-09-26
8134,8134,PayPal,Paid,4155.92,2024-09-30
8135,8135,Bank Transfer,Paid,1051.86,2025-04-28
8136,8136,Invoice,Pending,194.04,2023-02-02
8137,8137,Card,Refunded,1972.2,2024-09-16
8138,8138,Invoice,Paid,165.04,2025-08-10
8139,8139,Invoice,Paid,2685.5,2025-10-10
8140,8140,Bank Transfer,Paid,252.37,2024-10-20
8141,8141,Invoice,Paid,439.2,2024-05-12
8142,8142,Bank Transfer,Paid,1137.32,2024-07-27
8143,8143,Card,Paid,2440.74,2024-06-17
8144,8144,PayPal,Paid,1125.56,2025-05-17
8145,8145,PayPal,Paid,1382.51,2022-03-26
8146,8146,Invoice,Paid,1584.48,2025-04-24
8147,8147,Invoice,Paid,586.88,2023-12-12
8148,8148,Bank Transfer,Paid,913.18,2024-10-26
8149,8149,Bank Transfer,Paid,1410.99,2023-02-27
8150,8150,Card,Pending,2726.38,2023-05-29
8151,8151,Bank Transfer,Paid,1135.11,2025-08-10
8152,8152,PayPal,Paid,1732.03,2025-12-04
8153,8153,Invoice,Pending,1004.75,2023-08-16
8154,8154,Invoice,Paid,2188.08,2023-11-08
8155,8155,Bank Transfer,Paid,1290.33,2024-10-06
8156,8156,Bank Transfer,Paid,1031.54,2023-08-26
8157,8157,Card,Paid,1078.0,2025-11-01
8158,8158,Invoice,Paid,1363.07,2022-01-11
8159,8159,Card,Paid,285.17,2025-06-10
8160,8160,Invoice,Pending,1681.94,2025-05-15
8161,8161,Bank Transfer,Refunded,1931.81,2023-11-22
8162,8162,Bank Transfer,Paid,763.86,2025-03-02
8163,8163,PayPal,Paid,1645.27,2022-06-12
8164,8164,PayPal,Paid,736.06,2023-01-21
8165,8165,Bank Transfer,Paid,1654.18,2022-09-22
8166,8166,Card,Paid,887.29,2025-12-20
8167,8167,Bank Transfer,Paid,614.0,2024-08-02
8168,8168,Card,Refunded,1576.91,2024-05-13
8169,8169,Invoice,Paid,1053.98,2025-05-24
8170,8170,Invoice,Paid,325.51,2025-03-16
8171,8171,Card,Paid,2684.94,2024-03-05
8172,8172,Invoice,Pending,1740.9,2022-08-19
8173,8173,Card,Pending,154.42,2024-11-19
8174,8174,Invoice,Paid,1348.31,2024-10-18
8175,8175,Bank Transfer,Paid,2099.32,2024-10-16
8176,8176,Bank Transfer,Pending,348.38,2025-09-14
8177,8177,Card,Paid,1158.9,2022-04-07
8178,8178,Invoice,Paid,1763.65,2023-09-01
8179,8179,Invoice,Paid,463.27,2022-03-03
8180,8180,PayPal,Paid,751.73,2024-10-15
8181,8181,Bank Transfer,Pending,312.99,2024-12-19
8182,8182,Bank Transfer,Paid,562.55,2024-01-02
8183,8183,Card,Pending,1155.68,2022-11-13
8184,8184,Card,Paid,919.41,2025-04-14
8185,8185,Bank Transfer,Paid,729.88,2023-02-04
8186,8186,Card,Pending,621.39,2024-10-18
8187,8187,Invoice,Paid,241.83,2023-05-01
8188,8188,Invoice,Paid,376.03,2022-04-12
8189,8189,Card,Pending,1073.61,2025-11-05
8190,8190,Bank Transfer,Paid,1615.49,2022-11-23
8191,8191,PayPal,Paid,321.95,2023-06-04
8192,8192,Card,Pending,594.2,2023-10-26
8193,8193,PayPal,Paid,383.39,2025-05-24
8194,8194,Card,Paid,212.64,2024-01-06
8195,8195,Bank Transfer,Pending,1436.87,2022-04-12
8196,8196,Card,Pending,1159.17,2022-08-15
8197,8197,Bank Transfer,Paid,1252.64,2025-02-06
8198,8198,Card,Paid,696.31,2024-02-22
8199,8199,PayPal,Paid,850.48,2022-05-09
8200,8200,Bank Transfer,Pending,742.01,2022-06-07
8201,8201,Bank Transfer,Pending,654.26,2022-11-20
8202,8202,Bank Transfer,Paid,549.91,2025-07-27
8203,8203,PayPal,Paid,3765.46,2022-04-01
8204,8204,Card,Paid,1013.66,2023-05-24
8205,8205,Card,Paid,496.66,2022-09-28
8206,8206,Card,Paid,1099.33,2023-07-24
8207,8207,Bank Transfer,Pending,1243.69,2023-07-24
8208,8208,PayPal,Pending,1239.36,2022-11-04
8209,8209,Bank Transfer,Paid,643.58,2024-04-13
8210,8210,PayPal,Paid,111.54,2024-10-11
8211,8211,Card,Paid,242.2,2022-07-10
8212,8212,Invoice,Paid,703.69,2022-01-12
8213,8213,Bank Transfer,Paid,1187.75,2025-06-25
8214,8214,Card,Pending,3161.21,2022-11-21
8215,8215,Card,Pending,229.19,2023-05-10
8216,8216,Bank Transfer,Paid,751.64,2023-05-11
8217,8217,PayPal,Paid,586.58,2023-05-01
8218,8218,Bank Transfer,Paid,333.39,2025-06-15
8219,8219,PayPal,Paid,1270.38,2025-11-13
8220,8220,Invoice,Paid,1191.23,2024-11-16
8221,8221,Bank Transfer,Paid,776.93,2025-10-31
8222,8222,Card,Paid,375.44,2025-04-26
8223,8223,Card,Paid,492.89,2025-12-22
8224,8224,Invoice,Paid,2963.87,2024-11-26
8225,8225,Bank Transfer,Refunded,1874.92,2022-10-12
8226,8226,Invoice,Pending,1430.51,2024-10-15
8227,8227,Bank Transfer,Paid,173.96,2025-12-21
8228,8228,Invoice,Paid,175.66,2022-02-23
8229,8229,Bank Transfer,Pending,2956.92,2023-02-06
8230,8230,Invoice,Refunded,1206.73,2022-09-20
8231,8231,Bank Transfer,Pending,718.83,2022-11-20
8232,8232,Bank Transfer,Refunded,1679.57,2025-06-19
8233,8233,Bank Transfer,Paid,882.55,2024-09-20
8234,8234,Card,Paid,1321.76,2023-11-19
8235,8235,Bank Transfer,Paid,247.22,2023-06-16
8236,8236,PayPal,Paid,542.44,2022-04-20
8237,8237,Invoice,Paid,911.94,2022-10-31
8238,8238,Card,Paid,1711.53,2024-06-10
8239,8239,Card,Paid,757.33,2022-12-19
8240,8240,PayPal,Paid,913.56,2025-12-25
8241,8241,Invoice,Paid,1414.8,2024-03-22
8242,8242,Card,Pending,1360.87,2024-09-28
8243,8243,Card,Paid,285.43,2024-12-06
8244,8244,Bank Transfer,Paid,1584.32,2023-05-16
8245,8245,Card,Paid,628.88,2023-08-23
8246,8246,Bank Transfer,Paid,131.82,2023-06-28
8247,8247,Bank Transfer,Paid,274.63,2025-10-31
8248,8248,Card,Paid,1280.47,2024-01-01
8249,8249,Card,Pending,1478.69,2025-03-04
8250,8250,Card,Pending,1006.21,2022-11-28
8251,8251,Card,Paid,1679.86,2024-05-24
8252,8252,Card,Paid,133.31,2024-06-09
8253,8253,Bank Transfer,Pending,307.47,2023-12-11
8254,8254,PayPal,Paid,247.15,2025-06-13
8255,8255,Card,Pending,353.09,2022-01-12
8256,8256,Card,Paid,471.74,2023-11-05
8257,8257,Card,Paid,3290.39,2022-12-31
8258,8258,Bank Transfer,Paid,1280.41,2024-12-17
8259,8259,PayPal,Paid,965.95,2024-09-12
8260,8260,Invoice,Paid,1106.38,2025-04-06
8261,8261,PayPal,Paid,1217.26,2022-08-06
8262,8262,PayPal,Paid,1418.31,2024-10-05
8263,8263,Card,Refunded,328.45,2022-04-25
8264,8264,PayPal,Pending,989.0,2023-01-25
8265,8265,Bank Transfer,Paid,238.12,2024-02-20
8266,8266,PayPal,Paid,2447.19,2024-12-28
8267,8267,Bank Transfer,Paid,710.17,2023-08-07
8268,8268,PayPal,Paid,682.03,2025-02-04
8269,8269,Invoice,Paid,1182.27,2023-11-09
8270,8270,Bank Transfer,Paid,439.42,2022-11-19
8271,8271,PayPal,Refunded,393.87,2024-11-18
8272,8272,Invoice,Paid,823.2,2022-09-13
8273,8273,Invoice,Paid,876.3,2023-12-12
8274,8274,PayPal,Paid,89.5,2025-05-02
8275,8275,PayPal,Paid,406.5,2022-03-17
8276,8276,Bank Transfer,Refunded,1446.16,2022-08-29
8277,8277,Invoice,Pending,2002.71,2023-06-15
8278,8278,PayPal,Paid,172.84,2025-10-02
8279,8279,PayPal,Paid,305.52,2025-05-31
8280,8280,Card,Paid,1875.51,2024-06-02
8281,8281,PayPal,Paid,320.93,2024-12-28
8282,8282,PayPal,Refunded,968.57,2022-02-28
8283,8283,Invoice,Paid,483.3,2024-09-04
8284,8284,Invoice,Paid,1678.56,2025-08-13
8285,8285,Invoice,Paid,907.5,2022-04-30
8286,8286,PayPal,Paid,754.36,2025-03-11
8287,8287,Invoice,Paid,426.83,2022-11-05
8288,8288,PayPal,Paid,1119.13,2022-06-19
8289,8289,PayPal,Paid,973.82,2024-12-30
8290,8290,Bank Transfer,Pending,723.48,2023-12-08
8291,8291,Invoice,Paid,840.04,2023-12-08
8292,8292,Card,Refunded,854.92,2023-04-04
8293,8293,Bank Transfer,Paid,2896.49,2022-11-17
8294,8294,Card,Paid,2195.56,2024-10-15
8295,8295,PayPal,Paid,278.78,2022-09-10
8296,8296,Card,Paid,1290.62,2024-06-06
8297,8297,Bank Transfer,Pending,2934.45,2023-08-24
8298,8298,Invoice,Paid,232.1,2024-10-24
8299,8299,Card,Paid,2101.31,2023-01-11
8300,8300,PayPal,Paid,509.76,2023-08-17
8301,8301,Card,Paid,153.05,2024-11-21
8302,8302,Bank Transfer,Paid,219.45,2022-07-20
8303,8303,Card,Paid,3210.22,2024-11-07
8304,8304,Card,Paid,1094.14,2025-03-30
8305,8305,PayPal,Paid,652.18,2024-08-01
8306,8306,Card,Paid,1000.74,2022-07-26
8307,8307,Invoice,Paid,1081.12,2025-06-02
8308,8308,PayPal,Paid,1927.47,2025-12-29
8309,8309,Bank Transfer,Pending,2590.17,2023-10-17
8310,8310,Invoice,Paid,518.79,2023-02-18
8311,8311,Invoice,Paid,60.14,2025-09-21
8312,8312,Card,Paid,738.85,2022-06-02
8313,8313,Bank Transfer,Pending,1380.85,2024-03-22
8314,8314,Invoice,Paid,2364.34,2025-12-01
8315,8315,Card,Refunded,477.88,2024-11-08
8316,8316,PayPal,Paid,312.17,2024-06-18
8317,8317,Bank Transfer,Paid,262.54,2023-09-09
8318,8318,PayPal,Paid,269.29,2023-11-03
8319,8319,Bank Transfer,Paid,92.32,2025-10-03
8320,8320,Bank Transfer,Paid,1674.9,2024-07-09
8321,8321,Bank Transfer,Paid,299.42,2022-01-12
8322,8322,Bank Transfer,Paid,2313.53,2024-02-26
8323,8323,Card,Paid,705.64,2025-10-09
8324,8324,PayPal,Paid,652.15,2025-08-02
8325,8325,Card,Paid,858.9,2022-05-06
8326,8326,Invoice,Paid,438.64,2025-12-30
8327,8327,Invoice,Pending,5238.05,2025-10-09
8328,8328,PayPal,Pending,252.04,2023-04-23
8329,8329,PayPal,Pending,959.46,2024-11-19
8330,8330,Bank Transfer,Pending,2144.67,2022-03-26
8331,8331,Card,Paid,36.18,2023-04-23
8332,8332,PayPal,Paid,496.0,2024-09-17
8333,8333,Bank Transfer,Paid,384.31,2024-03-15
8334,8334,Invoice,Paid,1244.48,2024-04-25
8335,8335,Invoice,Pending,2760.14,2025-09-01
8336,8336,Bank Transfer,Paid,1308.88,2022-05-08
8337,8337,Invoice,Paid,230.36,2022-02-18
8338,8338,Invoice,Paid,2132.56,2022-05-24
8339,8339,PayPal,Paid,3830.99,2025-07-17
8340,8340,Card,Paid,623.55,2022-12-18
8341,8341,Invoice,Paid,1302.82,2025-12-08
8342,8342,Bank Transfer,Paid,221.86,2022-04-03
8343,8343,Invoice,Paid,1540.82,2023-07-19
8344,8344,Card,Pending,329.67,2023-02-01
8345,8345,Bank Transfer,Paid,740.32,2025-08-24
8346,8346,Card,Paid,3975.86,2022-09-23
8347,8347,Bank Transfer,Pending,89.21,2025-08-21
8348,8348,PayPal,Paid,5662.89,2022-12-22
8349,8349,PayPal,Paid,927.42,2024-05-26
8350,8350,Bank Transfer,Paid,2157.48,2023-12-29
8351,8351,Invoice,Paid,1179.76,2023-12-09
8352,8352,Invoice,Paid,244.59,2024-01-07
8353,8353,Invoice,Paid,2199.13,2024-08-04
8354,8354,Invoice,Paid,1184.02,2025-11-21
8355,8355,Invoice,Paid,155.66,2025-11-07
8356,8356,Card,Pending,1365.1,2023-05-11
8357,8357,PayPal,Paid,2064.57,2022-08-26
8358,8358,Invoice,Paid,635.02,2025-07-21
8359,8359,Bank Transfer,Pending,1498.7,2025-02-28
8360,8360,Invoice,Pending,246.52,2025-09-07
8361,8361,Invoice,Refunded,1370.34,2025-12-05
8362,8362,Invoice,Paid,2596.07,2023-05-11
8363,8363,Bank Transfer,Paid,933.93,2025-08-26
8364,8364,Bank Transfer,Paid,189.72,2023-05-23
8365,8365,Bank Transfer,Paid,1022.91,2023-11-09
8366,8366,Invoice,Pending,2895.26,2025-03-20
8367,8367,Bank Transfer,Paid,842.69,2022-03-12
8368,8368,PayPal,Pending,563.78,2022-06-08
8369,8369,Invoice,Paid,1738.27,2023-12-09
8370,8370,Card,Paid,2231.94,2022-02-24
8371,8371,Bank Transfer,Paid,1171.34,2023-02-06
8372,8372,PayPal,Refunded,445.64,2024-12-27
8373,8373,PayPal,Paid,1969.95,2025-02-26
8374,8374,PayPal,Paid,1157.87,2025-11-24
8375,8375,Card,Paid,1953.03,2024-09-10
8376,8376,Invoice,Paid,1153.9,2022-07-01
8377,8377,Invoice,Refunded,458.45,2025-05-30
8378,8378,Bank Transfer,Paid,1117.23,2022-12-25
8379,8379,PayPal,Paid,627.9,2023-12-22
8380,8380,PayPal,Paid,934.07,2024-03-15
8381,8381,PayPal,Paid,3783.65,2023-11-19
8382,8382,Card,Paid,679.29,2022-05-26
8383,8383,Invoice,Pending,581.84,2022-08-13
8384,8384,Card,Refunded,654.4,2024-03-12
8385,8385,PayPal,Paid,225.01,2023-04-22
8386,8386,Bank Transfer,Paid,1187.87,2022-12-18
8387,8387,Invoice,Paid,271.9,2025-02-25
8388,8388,Bank Transfer,Refunded,2068.73,2023-04-24
8389,8389,PayPal,Pending,243.65,2022-10-25
8390,8390,Card,Paid,2796.63,2025-08-29
8391,8391,Card,Paid,1326.39,2025-05-07
8392,8392,Invoice,Paid,1181.16,2022-02-27
8393,8393,Bank Transfer,Paid,277.39,2025-12-10
8394,8394,Invoice,Paid,92.9,2024-07-10
8395,8395,PayPal,Pending,1941.07,2023-10-18
8396,8396,Invoice,Pending,2037.61,2022-04-24
8397,8397,Invoice,Paid,882.64,2024-07-06
8398,8398,PayPal,Paid,1737.83,2022-12-24
8399,8399,Invoice,Paid,4996.55,2025-12-04
8400,8400,Bank Transfer,Paid,2160.89,2025-06-30
8401,8401,Invoice,Paid,670.38,2023-10-12
8402,8402,PayPal,Pending,413.14,2023-06-22
8403,8403,Card,Pending,266.03,2025-04-12
8404,8404,Invoice,Paid,277.94,2025-08-19
8405,8405,Card,Paid,545.84,2024-01-01
8406,8406,Card,Pending,2306.84,2022-03-12
8407,8407,Card,Paid,104.19,2024-12-03
8408,8408,Invoice,Paid,197.86,2025-02-23
8409,8409,Card,Pending,792.68,2025-01-10
8410,8410,Card,Pending,57.85,2022-02-15
8411,8411,PayPal,Refunded,1507.05,2024-09-03
8412,8412,Bank Transfer,Paid,1976.94,2022-01-03
8413,8413,Invoice,Paid,932.73,2025-05-09
8414,8414,Invoice,Pending,709.48,2022-06-10
8415,8415,Card,Paid,218.91,2022-05-17
8416,8416,Invoice,Pending,2506.38,2022-07-02
8417,8417,Card,Pending,1201.71,2023-10-18
8418,8418,Bank Transfer,Paid,536.7,2024-08-04
8419,8419,Invoice,Paid,1048.1,2024-04-06
8420,8420,Bank Transfer,Paid,363.06,2024-06-13
8421,8421,Bank Transfer,Paid,1124.48,2022-03-30
8422,8422,Invoice,Paid,845.53,2025-07-26
8423,8423,Card,Paid,1010.88,2025-06-07
8424,8424,Invoice,Paid,1289.02,2023-11-16
8425,8425,Bank Transfer,Paid,214.83,2024-05-23
8426,8426,Invoice,Paid,3989.37,2022-05-21
8427,8427,PayPal,Pending,621.78,2024-02-11
8428,8428,Bank Transfer,Paid,1396.41,2023-12-08
8429,8429,Card,Paid,1930.61,2025-06-24
8430,8430,Invoice,Paid,517.62,2022-10-07
8431,8431,Card,Paid,3691.97,2023-10-09
8432,8432,Bank Transfer,Paid,1008.4,2022-04-26
8433,8433,Card,Paid,2473.53,2022-12-11
8434,8434,Card,Paid,180.26,2025-12-03
8435,8435,Bank Transfer,Paid,1573.92,2022-10-24
8436,8436,Invoice,Pending,667.63,2024-06-08
8437,8437,Card,Paid,336.76,2022-10-22
8438,8438,Bank Transfer,Pending,2371.26,2025-03-20
8439,8439,Invoice,Refunded,2572.16,2022-07-23
8440,8440,PayPal,Paid,624.61,2024-11-19
8441,8441,Card,Paid,1107.99,2022-05-18
8442,8442,Bank Transfer,Paid,1516.08,2023-11-10
8443,8443,Invoice,Paid,137.5,2025-01-31
8444,8444,Card,Paid,561.17,2025-03-01
8445,8445,Card,Pending,1421.78,2024-08-02
8446,8446,Bank Transfer,Paid,92.01,2022-11-14
8447,8447,Bank Transfer,Paid,1049.2,2023-01-26
8448,8448,PayPal,Paid,1395.98,2025-12-06
8449,8449,Invoice,Pending,2373.08,2023-02-10
8450,8450,Bank Transfer,Paid,470.45,2024-03-26
8451,8451,Invoice,Pending,1063.36,2023-12-29
8452,8452,Bank Transfer,Refunded,2415.39,2024-01-10
8453,8453,PayPal,Paid,1927.21,2022-04-27
8454,8454,Invoice,Pending,744.96,2023-07-03
8455,8455,Bank Transfer,Paid,528.27,2024-06-23
8456,8456,PayPal,Paid,771.91,2024-10-04
8457,8457,Invoice,Paid,235.27,2023-06-30
8458,8458,Invoice,Paid,2339.64,2023-10-28
8459,8459,Card,Paid,701.91,2025-04-06
8460,8460,PayPal,Refunded,671.14,2022-09-30
8461,8461,Card,Paid,1917.06,2025-08-28
8462,8462,PayPal,Pending,555.58,2025-04-07
8463,8463,Invoice,Paid,2485.74,2023-12-24
8464,8464,PayPal,Pending,2307.44,2025-12-08
8465,8465,Invoice,Paid,39.48,2022-10-20
8466,8466,PayPal,Paid,647.46,2022-03-23
8467,8467,Bank Transfer,Paid,239.88,2022-03-02
8468,8468,Invoice,Paid,829.92,2025-03-06
8469,8469,Card,Paid,1424.22,2023-03-13
8470,8470,PayPal,Paid,987.66,2023-08-14
8471,8471,Card,Paid,888.9,2024-08-12
8472,8472,Bank Transfer,Pending,857.5,2025-07-18
8473,8473,Invoice,Paid,671.99,2023-10-18
8474,8474,Invoice,Paid,4348.04,2022-05-27
8475,8475,Bank Transfer,Paid,972.88,2023-11-24
8476,8476,Card,Paid,913.01,2025-12-20
8477,8477,Bank Transfer,Paid,1258.85,2022-01-04
8478,8478,Invoice,Paid,2777.69,2024-06-30
8479,8479,Bank Transfer,Paid,362.16,2023-07-06
8480,8480,Bank Transfer,Refunded,569.84,2024-09-19
8481,8481,PayPal,Paid,210.18,2022-12-13
8482,8482,Invoice,Paid,55.75,2024-11-28
8483,8483,PayPal,Paid,272.43,2022-07-27
8484,8484,Card,Paid,1759.97,2024-06-14
8485,8485,Invoice,Paid,867.84,2024-12-19
8486,8486,PayPal,Paid,1850.06,2022-06-24
8487,8487,PayPal,Paid,1237.56,2023-12-20
8488,8488,Card,Paid,957.31,2023-09-18
8489,8489,Invoice,Paid,227.26,2023-05-20
8490,8490,Invoice,Paid,1125.25,2022-06-02
8491,8491,PayPal,Pending,838.9,2024-03-28
8492,8492,Bank Transfer,Paid,1915.33,2024-02-04
8493,8493,Card,Paid,1114.45,2025-06-07
8494,8494,Card,Pending,3196.08,2025-06-25
8495,8495,PayPal,Paid,1761.41,2023-11-14
8496,8496,PayPal,Paid,516.05,2025-04-07
8497,8497,Invoice,Paid,640.96,2022-11-13
8498,8498,Invoice,Paid,602.39,2025-07-06
8499,8499,PayPal,Pending,1325.78,2023-08-04
8500,8500,Card,Paid,740.87,2023-05-30
8501,8501,Card,Pending,1243.25,2022-03-31
8502,8502,PayPal,Paid,179.74,2025-01-18
8503,8503,PayPal,Paid,1618.79,2025-02-17
8504,8504,Invoice,Paid,474.43,2024-06-16
8505,8505,Card,Paid,941.57,2023-11-09
8506,8506,PayPal,Pending,480.86,2025-09-16
8507,8507,Invoice,Paid,2794.65,2024-11-21
8508,8508,PayPal,Pending,1806.7,2022-03-24
8509,8509,PayPal,Paid,2589.76,2022-03-24
8510,8510,Bank Transfer,Paid,1018.33,2022-06-01
8511,8511,Bank Transfer,Paid,221.6,2025-12-30
8512,8512,Bank Transfer,Paid,1707.26,2024-02-06
8513,8513,PayPal,Paid,487.48,2025-01-03
8514,8514,Bank Transfer,Paid,912.31,2024-02-29
8515,8515,Card,Paid,2604.84,2024-11-07
8516,8516,Bank Transfer,Paid,1156.02,2023-03-13
8517,8517,Bank Transfer,Paid,301.89,2022-08-07
8518,8518,PayPal,Paid,279.46,2024-12-16
8519,8519,PayPal,Paid,1590.14,2022-06-01
8520,8520,Card,Pending,725.17,2022-12-15
8521,8521,Bank Transfer,Paid,1941.55,2022-07-02
8522,8522,PayPal,Pending,1490.48,2023-05-15
8523,8523,Card,Paid,567.66,2024-01-27
8524,8524,Card,Paid,692.42,2022-11-12
8525,8525,Bank Transfer,Paid,3968.83,2022-08-09
8526,8526,Card,Paid,2102.19,2023-06-16
8527,8527,PayPal,Paid,1491.55,2024-11-11
8528,8528,Bank Transfer,Pending,2248.86,2025-01-04
8529,8529,Invoice,Paid,1281.78,2024-01-18
8530,8530,PayPal,Pending,203.9,2023-12-20
8531,8531,Card,Paid,820.49,2022-11-28
8532,8532,Card,Pending,605.94,2022-03-29
8533,8533,Bank Transfer,Paid,1439.67,2024-12-09
8534,8534,Invoice,Refunded,1256.79,2022-10-16
8535,8535,Bank Transfer,Paid,214.39,2024-04-12
8536,8536,PayPal,Paid,700.67,2025-10-20
8537,8537,Invoice,Paid,154.94,2022-08-01
8538,8538,Card,Paid,633.05,2022-09-15
8539,8539,Card,Paid,436.72,2023-11-01
8540,8540,Bank Transfer,Paid,518.34,2022-07-22
8541,8541,Card,Paid,955.37,2022-12-08
8542,8542,Invoice,Paid,908.14,2023-01-15
8543,8543,Card,Paid,519.9,2023-02-18
8544,8544,Card,Paid,112.28,2025-10-15
8545,8545,Bank Transfer,Paid,257.95,2024-03-07
8546,8546,Invoice,Paid,176.94,2024-01-29
8547,8547,Bank Transfer,Paid,901.43,2025-02-09
8548,8548,Invoice,Paid,1126.16,2023-11-06
8549,8549,Invoice,Paid,284.2,2022-06-24
8550,8550,Bank Transfer,Pending,709.22,2022-05-15
8551,8551,Bank Transfer,Paid,1274.1,2024-09-25
8552,8552,Card,Paid,1961.19,2023-02-13
8553,8553,Card,Paid,2122.74,2025-11-07
8554,8554,Invoice,Paid,341.19,2023-06-13
8555,8555,Invoice,Pending,328.06,2022-05-04
8556,8556,Invoice,Paid,1092.15,2025-12-04
8557,8557,Bank Transfer,Pending,45.29,2023-06-05
8558,8558,Bank Transfer,Paid,467.27,2022-11-23
8559,8559,Invoice,Paid,404.36,2024-12-06
8560,8560,Invoice,Paid,1415.62,2022-02-25
8561,8561,Card,Paid,445.42,2023-06-21
8562,8562,PayPal,Paid,116.21,2025-05-07
8563,8563,PayPal,Paid,354.45,2024-12-25
8564,8564,PayPal,Paid,2002.15,2025-04-11
8565,8565,Invoice,Pending,1182.58,2024-02-01
8566,8566,Bank Transfer,Paid,2449.17,2022-12-03
8567,8567,Invoice,Paid,665.66,2024-09-18
8568,8568,Bank Transfer,Paid,1139.55,2023-03-20
8569,8569,Bank Transfer,Paid,359.77,2022-05-14
8570,8570,Card,Paid,1637.53,2023-10-16
8571,8571,Card,Paid,2345.61,2024-04-18
8572,8572,Invoice,Paid,1876.76,2023-07-08
8573,8573,Invoice,Pending,118.86,2023-03-22
8574,8574,Card,Refunded,451.82,2022-03-15
8575,8575,Invoice,Paid,1379.92,2023-03-08
8576,8576,Invoice,Paid,201.1,2024-10-13
8577,8577,Card,Paid,1600.34,2024-12-09
8578,8578,Card,Paid,1206.56,2023-03-02
8579,8579,Bank Transfer,Refunded,1275.18,2024-11-27
8580,8580,Bank Transfer,Refunded,1329.59,2025-07-14
8581,8581,PayPal,Paid,383.15,2023-10-23
8582,8582,Card,Paid,1757.09,2022-02-19
8583,8583,Invoice,Paid,389.38,2023-01-27
8584,8584,Invoice,Paid,2565.33,2022-09-20
8585,8585,Card,Refunded,1073.25,2024-12-12
8586,8586,Card,Paid,491.63,2024-07-02
8587,8587,PayPal,Paid,231.19,2025-01-12
8588,8588,Bank Transfer,Paid,2305.66,2022-03-15
8589,8589,Bank Transfer,Paid,822.06,2022-04-28
8590,8590,Card,Pending,1376.67,2025-08-15
8591,8591,Card,Pending,1762.21,2024-10-03
8592,8592,Bank Transfer,Paid,2433.62,2022-11-03
8593,8593,PayPal,Paid,340.8,2022-10-18
8594,8594,PayPal,Paid,858.89,2024-12-16
8595,8595,Bank Transfer,Paid,178.81,2023-09-14
8596,8596,Card,Pending,1389.59,2025-06-22
8597,8597,PayPal,Pending,294.54,2024-12-01
8598,8598,Bank Transfer,Paid,2190.26,2022-12-30
8599,8599,PayPal,Paid,1028.58,2025-12-03
8600,8600,Card,Paid,151.34,2024-10-09
8601,8601,Invoice,Paid,1368.39,2022-04-19
8602,8602,Invoice,Refunded,2332.43,2023-08-07
8603,8603,Invoice,Pending,1033.67,2025-08-01
8604,8604,PayPal,Paid,1402.85,2023-04-13
8605,8605,Invoice,Paid,134.68,2022-12-29
8606,8606,Bank Transfer,Paid,1917.83,2022-08-09
8607,8607,PayPal,Paid,149.77,2023-08-24
8608,8608,Bank Transfer,Pending,444.5,2024-08-17
8609,8609,Bank Transfer,Paid,334.62,2024-11-29
8610,8610,Bank Transfer,Paid,1049.02,2024-12-08
8611,8611,Invoice,Paid,836.74,2023-02-27
8612,8612,Invoice,Pending,1757.09,2022-12-02
8613,8613,Bank Transfer,Paid,163.88,2024-10-16
8614,8614,Card,Paid,3921.16,2024-08-28
8615,8615,Card,Paid,1339.3,2024-12-08
8616,8616,PayPal,Paid,332.94,2023-12-21
8617,8617,Invoice,Paid,420.99,2024-06-18
8618,8618,Bank Transfer,Paid,755.3,2025-07-31
8619,8619,PayPal,Paid,3918.97,2025-04-06
8620,8620,Card,Paid,640.95,2023-08-31
8621,8621,Bank Transfer,Paid,1956.27,2022-05-05
8622,8622,Bank Transfer,Paid,650.4,2023-11-05
8623,8623,PayPal,Pending,441.51,2023-05-25
8624,8624,PayPal,Paid,744.57,2025-11-07
8625,8625,Bank Transfer,Paid,865.55,2022-09-08
8626,8626,Invoice,Pending,485.56,2023-03-27
8627,8627,Invoice,Pending,99.04,2024-07-29
8628,8628,Card,Paid,2265.53,2023-11-11
8629,8629,PayPal,Paid,438.82,2023-08-12
8630,8630,PayPal,Paid,133.05,2023-09-04
8631,8631,PayPal,Pending,604.67,2023-12-24
8632,8632,PayPal,Paid,671.8,2023-11-01
8633,8633,PayPal,Paid,1129.95,2023-11-30
8634,8634,Bank Transfer,Paid,633.72,2024-06-03
8635,8635,Invoice,Paid,1171.7,2022-07-17
8636,8636,PayPal,Paid,1157.76,2025-12-02
8637,8637,Bank Transfer,Paid,505.42,2024-03-28
8638,8638,Bank Transfer,Paid,797.14,2022-02-10
8639,8639,Bank Transfer,Paid,611.41,2024-09-09
8640,8640,Invoice,Paid,4880.64,2025-10-20
8641,8641,Invoice,Paid,17.39,2023-12-12
8642,8642,Invoice,Paid,1227.59,2023-04-10
8643,8643,Card,Paid,1030.42,2023-11-06
8644,8644,Bank Transfer,Paid,776.32,2025-05-28
8645,8645,Invoice,Paid,1597.14,2024-07-20
8646,8646,Card,Paid,1358.79,2023-12-16
8647,8647,Invoice,Refunded,169.26,2025-11-11
8648,8648,Invoice,Pending,3485.23,2022-04-13
8649,8649,Invoice,Paid,1720.62,2022-10-20
8650,8650,PayPal,Pending,851.83,2024-04-20
8651,8651,Card,Paid,191.68,2025-05-31
8652,8652,Card,Paid,358.69,2023-10-25
8653,8653,Card,Pending,328.21,2023-12-19
8654,8654,Bank Transfer,Paid,35.47,2025-07-20
8655,8655,Bank Transfer,Pending,786.5,2025-09-01
8656,8656,PayPal,Paid,977.89,2022-08-13
8657,8657,Bank Transfer,Paid,176.32,2023-04-01
8658,8658,Bank Transfer,Paid,2126.98,2024-02-15
8659,8659,Invoice,Pending,593.92,2022-05-08
8660,8660,PayPal,Pending,2853.89,2023-04-05
8661,8661,PayPal,Pending,982.09,2025-11-25
8662,8662,PayPal,Paid,538.59,2022-06-14
8663,8663,Bank Transfer,Paid,454.65,2024-03-15
8664,8664,Card,Paid,95.8,2025-09-24
8665,8665,Invoice,Paid,1204.11,2024-02-21
8666,8666,Bank Transfer,Paid,646.67,2023-09-27
8667,8667,Bank Transfer,Pending,1986.65,2023-06-10
8668,8668,PayPal,Refunded,1158.47,2025-11-16
8669,8669,Invoice,Paid,635.6,2025-01-21
8670,8670,Invoice,Paid,3327.47,2025-05-22
8671,8671,Bank Transfer,Pending,375.49,2024-08-14
8672,8672,Bank Transfer,Paid,444.2,2023-04-16
8673,8673,Invoice,Paid,773.89,2024-12-29
8674,8674,Bank Transfer,Paid,1756.46,2023-06-16
8675,8675,Invoice,Pending,1428.25,2022-12-25
8676,8676,Card,Paid,2814.2,2025-07-03
8677,8677,PayPal,Paid,790.02,2022-10-03
8678,8678,Bank Transfer,Paid,1777.26,2025-08-23
8679,8679,Bank Transfer,Pending,1000.86,2022-11-18
8680,8680,Invoice,Paid,1613.99,2025-12-22
8681,8681,Card,Paid,1229.94,2025-12-11
8682,8682,Bank Transfer,Pending,1586.38,2024-04-22
8683,8683,Invoice,Paid,1499.83,2022-08-13
8684,8684,Bank Transfer,Paid,472.92,2024-10-24
8685,8685,Card,Pending,89.11,2025-05-02
8686,8686,Bank Transfer,Paid,3656.55,2023-06-29
8687,8687,Invoice,Paid,292.01,2025-01-20
8688,8688,Bank Transfer,Paid,2046.41,2024-01-06
8689,8689,Card,Paid,319.25,2025-07-17
8690,8690,PayPal,Paid,25.79,2024-05-22
8691,8691,Bank Transfer,Paid,565.96,2023-04-19
8692,8692,Bank Transfer,Paid,1226.23,2025-05-02
8693,8693,Invoice,Paid,1877.51,2025-10-12
8694,8694,Bank Transfer,Pending,1942.73,2024-11-19
8695,8695,Invoice,Paid,678.91,2022-06-16
8696,8696,Bank Transfer,Pending,1917.3,2022-12-10
8697,8697,Card,Pending,228.98,2023-04-09
8698,8698,Card,Paid,679.18,2022-02-06
8699,8699,Bank Transfer,Pending,2059.91,2022-07-15
8700,8700,PayPal,Paid,624.56,2024-01-12
8701,8701,PayPal,Refunded,1636.2,2024-10-24
8702,8702,Invoice,Paid,136.4,2024-06-25
8703,8703,Invoice,Paid,586.44,2025-05-19
8704,8704,Invoice,Paid,864.94,2024-04-30
8705,8705,PayPal,Pending,340.61,2024-11-11
8706,8706,Card,Paid,2869.47,2024-03-09
8707,8707,Invoice,Refunded,1018.21,2023-12-05
8708,8708,Bank Transfer,Pending,760.13,2022-11-22
8709,8709,PayPal,Paid,1651.5,2025-09-11
8710,8710,Card,Paid,1350.06,2023-06-06
8711,8711,Invoice,Refunded,1612.22,2023-02-05
8712,8712,Bank Transfer,Paid,233.46,2023-12-25
8713,8713,Invoice,Refunded,1317.81,2025-04-14
8714,8714,Card,Paid,623.44,2024-05-12
8715,8715,PayPal,Paid,222.48,2022-10-14
8716,8716,Bank Transfer,Pending,313.36,2025-01-05
8717,8717,Invoice,Paid,1130.6,2024-10-16
8718,8718,Card,Paid,272.65,2024-11-02
8719,8719,Invoice,Pending,821.59,2023-05-28
8720,8720,Invoice,Paid,1042.84,2025-08-07
8721,8721,Card,Paid,1043.11,2024-02-23
8722,8722,Card,Paid,1562.81,2022-09-01
8723,8723,PayPal,Paid,3503.46,2023-04-26
8724,8724,PayPal,Refunded,431.27,2025-03-23
8725,8725,Bank Transfer,Paid,500.08,2023-07-30
8726,8726,Invoice,Pending,285.02,2024-11-29
8727,8727,Invoice,Refunded,142.4,2023-06-02
8728,8728,PayPal,Paid,109.69,2022-06-02
8729,8729,Bank Transfer,Paid,851.14,2024-01-09
8730,8730,Card,Paid,2865.49,2025-09-28
8731,8731,Bank Transfer,Paid,2149.63,2024-07-22
8732,8732,PayPal,Pending,458.93,2024-03-14
8733,8733,Invoice,Paid,345.79,2024-10-19
8734,8734,Invoice,Paid,678.11,2022-09-16
8735,8735,PayPal,Paid,704.26,2022-08-08
8736,8736,Invoice,Paid,2537.92,2023-06-03
8737,8737,Invoice,Paid,425.5,2023-08-31
8738,8738,PayPal,Paid,304.96,2022-12-17
8739,8739,Invoice,Paid,255.26,2023-01-09
8740,8740,PayPal,Paid,512.86,2025-09-21
8741,8741,Invoice,Paid,2169.8,2024-06-24
8742,8742,Bank Transfer,Paid,1961.68,2022-05-23
8743,8743,Card,Pending,507.01,2022-06-11
8744,8744,Card,Pending,1008.15,2023-09-18
8745,8745,PayPal,Pending,276.13,2024-06-08
8746,8746,Card,Pending,939.63,2023-04-22
8747,8747,Invoice,Refunded,195.3,2024-11-29
8748,8748,Bank Transfer,Pending,653.73,2024-02-01
8749,8749,Card,Paid,1407.6,2025-08-20
8750,8750,Invoice,Paid,4633.3,2024-10-13
8751,8751,Invoice,Paid,1033.66,2025-05-31
8752,8752,Bank Transfer,Paid,2589.37,2022-11-17
8753,8753,Bank Transfer,Paid,91.73,2023-01-08
8754,8754,Invoice,Pending,240.21,2022-08-25
8755,8755,Bank Transfer,Paid,187.76,2023-06-27
8756,8756,Bank Transfer,Paid,3274.26,2025-03-26
8757,8757,Card,Paid,2344.6,2023-05-03
8758,8758,PayPal,Paid,252.95,2022-08-13
8759,8759,Invoice,Pending,1369.69,2025-02-11
8760,8760,PayPal,Paid,443.52,2025-10-16
8761,8761,PayPal,Paid,198.26,2025-06-11
8762,8762,Bank Transfer,Paid,863.47,2024-02-27
8763,8763,PayPal,Paid,866.26,2022-06-08
8764,8764,Card,Paid,2805.57,2024-09-25
8765,8765,Invoice,Pending,821.56,2025-01-02
8766,8766,Bank Transfer,Paid,833.52,2024-02-11
8767,8767,Card,Refunded,698.16,2023-12-27
8768,8768,Invoice,Paid,4005.33,2022-07-04
8769,8769,Bank Transfer,Pending,1614.77,2024-06-19
8770,8770,Bank Transfer,Paid,744.13,2025-03-15
8771,8771,PayPal,Paid,802.68,2024-12-13
8772,8772,Card,Paid,690.76,2024-10-18
8773,8773,PayPal,Paid,934.52,2023-10-03
8774,8774,Invoice,Paid,828.51,2022-01-15
8775,8775,Card,Pending,605.19,2025-10-16
8776,8776,Card,Paid,901.38,2025-11-27
8777,8777,Bank Transfer,Paid,1162.3,2023-10-16
8778,8778,Bank Transfer,Paid,2775.0,2023-12-15
8779,8779,Bank Transfer,Paid,310.35,2025-11-25
8780,8780,Invoice,Paid,525.96,2022-06-15
8781,8781,PayPal,Pending,283.31,2025-10-16
8782,8782,Bank Transfer,Paid,30.58,2025-07-05
8783,8783,Invoice,Paid,1263.93,2022-11-15
8784,8784,Card,Paid,4322.24,2023-12-31
8785,8785,Card,Pending,618.02,2024-07-22
8786,8786,Invoice,Paid,470.35,2023-07-28
8787,8787,Invoice,Paid,2139.76,2022-09-14
8788,8788,Card,Paid,4758.03,2022-05-21
8789,8789,Card,Refunded,2076.36,2025-05-08
8790,8790,Invoice,Paid,1570.45,2024-10-11
8791,8791,Card,Paid,1885.52,2024-12-09
8792,8792,Invoice,Paid,355.91,2022-02-17
8793,8793,Card,Paid,443.79,2024-12-20
8794,8794,Invoice,Paid,1819.55,2025-06-28
8795,8795,Bank Transfer,Paid,1469.02,2024-10-07
8796,8796,PayPal,Refunded,330.09,2024-07-10
8797,8797,Invoice,Paid,454.32,2024-05-21
8798,8798,Invoice,Paid,1174.11,2023-09-24
8799,8799,Card,Paid,1623.48,2024-08-16
8800,8800,Invoice,Paid,205.1,2022-03-12
8801,8801,Invoice,Paid,1284.99,2024-06-19
8802,8802,Card,Refunded,351.77,2023-11-28
8803,8803,Invoice,Pending,983.06,2025-11-08
8804,8804,Bank Transfer,Paid,450.83,2024-10-08
8805,8805,PayPal,Paid,1114.54,2025-05-16
8806,8806,Invoice,Paid,398.25,2024-11-05
8807,8807,Bank Transfer,Paid,599.42,2023-11-10
8808,8808,Invoice,Paid,344.0,2025-11-14
8809,8809,Card,Pending,228.58,2022-08-26
8810,8810,Bank Transfer,Pending,1716.02,2024-02-20
8811,8811,Bank Transfer,Paid,1638.54,2022-08-24
8812,8812,Invoice,Paid,2039.16,2022-10-16
8813,8813,Invoice,Pending,1029.16,2022-09-26
8814,8814,Bank Transfer,Paid,197.03,2023-09-14
8815,8815,Bank Transfer,Paid,3122.96,2022-08-06
8816,8816,Bank Transfer,Paid,2290.9,2025-08-10
8817,8817,Bank Transfer,Pending,1072.22,2025-06-19
8818,8818,Invoice,Paid,293.17,2022-05-30
8819,8819,PayPal,Paid,992.01,2023-04-29
8820,8820,Bank Transfer,Paid,1005.99,2023-12-25
8821,8821,Bank Transfer,Paid,225.45,2023-12-28
8822,8822,Invoice,Paid,754.24,2023-05-03
8823,8823,Invoice,Paid,255.3,2022-07-23
8824,8824,PayPal,Paid,909.68,2023-06-16
8825,8825,Invoice,Paid,1219.84,2023-11-21
8826,8826,Card,Paid,2654.07,2025-12-27
8827,8827,Invoice,Paid,657.86,2023-07-04
8828,8828,Card,Paid,2008.97,2025-03-11
8829,8829,Card,Paid,1147.23,2023-01-24
8830,8830,Bank Transfer,Pending,955.22,2025-12-07
8831,8831,Invoice,Pending,1322.91,2023-04-20
8832,8832,Card,Paid,789.97,2025-05-07
8833,8833,Card,Paid,2337.95,2024-08-10
8834,8834,PayPal,Paid,1909.72,2023-09-29
8835,8835,Invoice,Paid,237.38,2023-01-06
8836,8836,Invoice,Paid,1169.17,2024-04-16
8837,8837,Invoice,Paid,594.43,2024-01-13
8838,8838,Invoice,Paid,287.36,2023-06-19
8839,8839,Invoice,Paid,658.18,2023-11-07
8840,8840,Bank Transfer,Paid,257.51,2024-11-24
8841,8841,Invoice,Paid,440.42,2025-01-07
8842,8842,Card,Paid,790.15,2024-04-16
8843,8843,Invoice,Refunded,2270.95,2022-07-24
8844,8844,PayPal,Paid,995.29,2024-05-31
8845,8845,PayPal,Paid,130.75,2023-01-21
8846,8846,PayPal,Paid,956.92,2025-12-30
8847,8847,Bank Transfer,Pending,17.04,2023-06-15
8848,8848,Bank Transfer,Pending,2110.4,2023-07-22
8849,8849,Bank Transfer,Pending,1422.07,2024-12-14
8850,8850,Bank Transfer,Paid,1206.47,2023-10-15
8851,8851,PayPal,Paid,1334.06,2023-01-17
8852,8852,Invoice,Pending,1312.55,2025-04-17
8853,8853,Bank Transfer,Paid,1233.75,2023-01-08
8854,8854,PayPal,Paid,738.41,2024-05-11
8855,8855,PayPal,Paid,1267.6,2022-11-26
8856,8856,Invoice,Refunded,746.02,2022-04-11
8857,8857,Bank Transfer,Pending,589.07,2025-03-20
8858,8858,Bank Transfer,Paid,765.63,2023-07-04
8859,8859,Invoice,Paid,1407.25,2023-01-01
8860,8860,PayPal,Pending,300.63,2023-02-16
8861,8861,Card,Paid,1234.53,2025-01-09
8862,8862,Invoice,Paid,1670.52,2023-02-15
8863,8863,PayPal,Refunded,316.72,2022-11-17
8864,8864,PayPal,Paid,2913.55,2023-05-28
8865,8865,Invoice,Pending,2358.31,2022-12-25
8866,8866,Bank Transfer,Paid,1612.35,2022-10-03
8867,8867,Bank Transfer,Paid,338.93,2023-12-28
8868,8868,Bank Transfer,Paid,525.64,2023-05-14
8869,8869,Card,Paid,20.52,2022-08-24
8870,8870,Invoice,Paid,1245.44,2023-05-21
8871,8871,Card,Pending,2287.96,2023-11-13
8872,8872,Card,Paid,3337.6,2022-03-26
8873,8873,Invoice,Pending,416.1,2023-12-15
8874,8874,PayPal,Paid,940.6,2024-11-01
8875,8875,PayPal,Paid,960.43,2023-04-09
8876,8876,PayPal,Paid,812.0,2023-09-21
8877,8877,Card,Paid,191.7,2023-03-07
8878,8878,Bank Transfer,Paid,161.95,2024-02-18
8879,8879,Bank Transfer,Pending,381.67,2022-05-11
8880,8880,Bank Transfer,Paid,2939.7,2024-05-15
8881,8881,Invoice,Paid,3623.9,2023-12-22
8882,8882,PayPal,Pending,1140.6,2023-11-04
8883,8883,Card,Paid,69.41,2023-11-06
8884,8884,PayPal,Paid,646.63,2023-01-02
8885,8885,Card,Paid,660.04,2022-12-09
8886,8886,Invoice,Pending,2104.57,2025-10-13
8887,8887,Card,Paid,618.42,2025-07-21
8888,8888,Card,Paid,750.98,2025-03-30
8889,8889,Bank Transfer,Paid,96.65,2024-11-15
8890,8890,Bank Transfer,Paid,1858.16,2024-12-13
8891,8891,Card,Paid,1109.9,2022-12-11
8892,8892,PayPal,Pending,770.99,2024-02-23
8893,8893,Bank Transfer,Paid,733.83,2025-08-24
8894,8894,Card,Paid,955.15,2023-06-14
8895,8895,Bank Transfer,Paid,443.64,2023-10-11
8896,8896,PayPal,Pending,509.75,2022-02-06
8897,8897,Bank Transfer,Paid,321.44,2022-07-07
8898,8898,Card,Pending,437.65,2025-09-23
8899,8899,Invoice,Pending,950.83,2025-12-21
8900,8900,Card,Paid,27.07,2023-03-20
8901,8901,Bank Transfer,Paid,1137.45,2024-01-06
8902,8902,Bank Transfer,Paid,2422.82,2022-11-13
8903,8903,PayPal,Pending,1263.05,2022-07-24
8904,8904,Invoice,Pending,819.52,2023-12-07
8905,8905,Invoice,Paid,3503.91,2025-12-13
8906,8906,PayPal,Paid,1646.99,2023-03-24
8907,8907,Card,Paid,1014.93,2025-12-13
8908,8908,PayPal,Paid,1279.56,2022-07-16
8909,8909,Invoice,Paid,205.94,2023-12-07
8910,8910,PayPal,Paid,2064.43,2022-05-01
8911,8911,PayPal,Paid,3134.95,2024-06-03
8912,8912,Invoice,Pending,2280.25,2024-11-23
8913,8913,Card,Paid,1064.6,2024-08-15
8914,8914,Bank Transfer,Paid,562.96,2024-02-08
8915,8915,PayPal,Paid,2207.16,2022-06-04
8916,8916,Invoice,Pending,321.17,2024-05-03
8917,8917,Invoice,Paid,2039.21,2022-10-31
8918,8918,Invoice,Paid,817.82,2023-10-23
8919,8919,PayPal,Paid,399.96,2024-03-17
8920,8920,Invoice,Paid,115.56,2025-10-23
8921,8921,Invoice,Refunded,1266.95,2024-12-06
8922,8922,Invoice,Paid,923.92,2022-01-15
8923,8923,Invoice,Refunded,1157.86,2023-11-21
8924,8924,PayPal,Paid,2897.97,2024-06-11
8925,8925,PayPal,Paid,2303.84,2022-06-10
8926,8926,Invoice,Paid,1509.53,2022-12-12
8927,8927,Bank Transfer,Paid,1152.04,2025-07-05
8928,8928,Invoice,Paid,1992.63,2023-12-26
8929,8929,Invoice,Paid,1093.37,2022-01-20
8930,8930,Bank Transfer,Paid,1102.14,2024-07-17
8931,8931,Bank Transfer,Refunded,525.84,2023-09-10
8932,8932,Bank Transfer,Pending,29.11,2022-12-12
8933,8933,PayPal,Paid,1155.01,2022-02-24
8934,8934,Invoice,Paid,734.05,2022-11-19
8935,8935,PayPal,Pending,702.35,2024-09-10
8936,8936,Bank Transfer,Pending,200.77,2024-08-25
8937,8937,Card,Paid,1284.57,2024-11-04
8938,8938,Bank Transfer,Paid,334.85,2022-07-25
8939,8939,Card,Paid,343.16,2024-12-04
8940,8940,Bank Transfer,Paid,119.98,2024-11-04
8941,8941,Bank Transfer,Paid,221.54,2024-01-03
8942,8942,Bank Transfer,Paid,241.24,2025-02-05
8943,8943,Card,Paid,355.03,2023-11-02
8944,8944,Card,Paid,505.94,2023-03-20
8945,8945,PayPal,Paid,2259.88,2023-09-11
8946,8946,Invoice,Paid,1745.36,2025-02-10
8947,8947,Invoice,Pending,216.0,2022-04-03
8948,8948,Card,Pending,1263.72,2024-08-04
8949,8949,PayPal,Paid,1786.27,2023-09-18
8950,8950,PayPal,Paid,132.63,2025-09-22
8951,8951,Card,Paid,412.43,2025-07-21
8952,8952,Bank Transfer,Paid,911.69,2022-11-27
8953,8953,PayPal,Paid,520.77,2025-10-02
8954,8954,Invoice,Paid,4234.92,2022-08-03
8955,8955,PayPal,Paid,1561.88,2025-09-15
8956,8956,Bank Transfer,Paid,227.25,2024-10-21
8957,8957,PayPal,Paid,2188.88,2024-05-09
8958,8958,Bank Transfer,Paid,1712.12,2025-02-14
8959,8959,Bank Transfer,Pending,2577.59,2023-09-22
8960,8960,Card,Paid,888.34,2025-08-03
8961,8961,Invoice,Paid,1513.01,2025-08-26
8962,8962,PayPal,Paid,2089.16,2022-10-16
8963,8963,PayPal,Pending,759.84,2025-11-17
8964,8964,Invoice,Paid,440.85,2024-09-17
8965,8965,PayPal,Paid,2161.18,2024-08-03
8966,8966,Card,Paid,3583.8,2024-05-05
8967,8967,Bank Transfer,Pending,355.31,2024-10-16
8968,8968,Invoice,Pending,685.53,2023-05-15
8969,8969,PayPal,Paid,498.88,2022-02-22
8970,8970,Invoice,Paid,550.12,2025-06-05
8971,8971,PayPal,Pending,231.52,2022-09-08
8972,8972,Card,Paid,1148.7,2024-05-15
8973,8973,Card,Paid,1337.18,2023-03-28
8974,8974,Bank Transfer,Paid,497.73,2025-11-15
8975,8975,Invoice,Paid,211.37,2025-05-24
8976,8976,PayPal,Paid,936.37,2024-12-02
8977,8977,Invoice,Paid,304.54,2022-12-28
8978,8978,Card,Paid,190.52,2023-06-19
8979,8979,PayPal,Paid,2446.06,2024-07-17
8980,8980,Bank Transfer,Paid,702.28,2022-07-16
8981,8981,PayPal,Paid,248.65,2022-05-13
8982,8982,Card,Paid,2615.83,2025-12-10
8983,8983,PayPal,Paid,1583.8,2024-12-17
8984,8984,Card,Refunded,2163.12,2022-11-28
8985,8985,PayPal,Paid,914.63,2022-11-24
8986,8986,Card,Paid,944.73,2022-09-12
8987,8987,Bank Transfer,Paid,2022.31,2025-08-27
8988,8988,PayPal,Refunded,101.19,2023-03-22
8989,8989,Bank Transfer,Paid,2328.78,2025-12-22
8990,8990,Invoice,Paid,712.31,2022-11-09
8991,8991,Invoice,Paid,1444.51,2022-07-17
8992,8992,PayPal,Pending,628.18,2023-04-06
8993,8993,Card,Refunded,389.37,2025-11-05
8994,8994,Card,Refunded,133.7,2025-05-30
8995,8995,Card,Paid,290.28,2022-02-14
8996,8996,Card,Paid,499.02,2023-05-26
8997,8997,Bank Transfer,Pending,400.11,2024-10-21
8998,8998,Bank Transfer,Paid,194.68,2025-06-06
8999,8999,Invoice,Paid,346.95,2024-04-05
9000,9000,Card,Pending,424.3,2022-04-25
9001,9001,PayPal,Paid,1485.7,2022-01-29
9002,9002,Bank Transfer,Paid,2145.71,2024-03-21
9003,9003,PayPal,Pending,419.35,2022-07-09
9004,9004,Card,Pending,705.46,2022-04-14
9005,9005,Card,Paid,240.77,2023-12-30
9006,9006,Card,Paid,2209.08,2023-04-18
9007,9007,PayPal,Paid,562.25,2024-12-12
9008,9008,Bank Transfer,Paid,552.35,2023-12-26
9009,9009,PayPal,Paid,331.19,2024-03-25
9010,9010,Card,Pending,299.92,2025-01-30
9011,9011,Bank Transfer,Paid,1613.72,2023-12-29
9012,9012,Card,Paid,619.8,2025-04-19
9013,9013,Card,Paid,57.34,2024-06-08
9014,9014,Invoice,Pending,3168.07,2023-12-28
9015,9015,PayPal,Paid,2039.55,2025-01-12
9016,9016,PayPal,Paid,435.4,2023-07-09
9017,9017,PayPal,Paid,1204.76,2022-07-22
9018,9018,PayPal,Refunded,747.08,2024-09-06
9019,9019,Invoice,Paid,3634.2,2024-12-13
9020,9020,Invoice,Paid,346.38,2025-02-02
9021,9021,PayPal,Pending,2202.45,2022-10-20
9022,9022,PayPal,Pending,1939.27,2023-11-27
9023,9023,PayPal,Paid,163.51,2025-09-04
9024,9024,Bank Transfer,Paid,346.56,2025-12-13
9025,9025,Invoice,Paid,991.94,2024-08-01
9026,9026,PayPal,Paid,630.5,2024-05-26
9027,9027,Bank Transfer,Paid,690.82,2022-11-29
9028,9028,Card,Paid,275.44,2023-04-03
9029,9029,PayPal,Refunded,3711.75,2022-07-19
9030,9030,PayPal,Paid,995.18,2022-07-14
9031,9031,Bank Transfer,Paid,543.16,2022-12-03
9032,9032,Invoice,Pending,1478.69,2024-07-18
9033,9033,Card,Refunded,557.16,2024-12-13
9034,9034,PayPal,Paid,429.58,2025-05-05
9035,9035,Card,Paid,1473.63,2022-05-10
9036,9036,Card,Paid,1495.78,2023-03-16
9037,9037,Invoice,Paid,1945.89,2022-12-17
9038,9038,Bank Transfer,Paid,813.33,2024-11-04
9039,9039,Card,Pending,2514.71,2022-10-30
9040,9040,Invoice,Paid,964.44,2022-08-30
9041,9041,Bank Transfer,Paid,540.83,2023-06-03
9042,9042,Invoice,Paid,1689.91,2022-11-15
9043,9043,PayPal,Paid,495.18,2023-01-15
9044,9044,Bank Transfer,Paid,1166.74,2025-07-28
9045,9045,Bank Transfer,Pending,4486.66,2025-12-22
9046,9046,PayPal,Paid,1743.33,2025-02-11
9047,9047,Bank Transfer,Pending,340.0,2024-11-30
9048,9048,Bank Transfer,Pending,134.62,2025-05-05
9049,9049,PayPal,Pending,3445.37,2022-07-13
9050,9050,Invoice,Paid,2592.67,2025-03-14
9051,9051,PayPal,Paid,697.51,2024-04-24
9052,9052,PayPal,Paid,550.31,2025-03-02
9053,9053,Card,Paid,1350.95,2023-01-06
9054,9054,Bank Transfer,Paid,629.58,2023-04-30
9055,9055,Invoice,Paid,700.58,2024-04-20
9056,9056,Invoice,Pending,919.34,2025-09-18
9057,9057,PayPal,Pending,488.66,2023-06-05
9058,9058,Bank Transfer,Pending,1157.79,2023-01-25
9059,9059,Card,Paid,3303.33,2025-09-25
9060,9060,PayPal,Paid,1234.75,2022-06-20
9061,9061,Bank Transfer,Paid,1450.26,2022-04-16
9062,9062,Invoice,Paid,854.33,2022-07-13
9063,9063,Card,Paid,685.34,2023-07-24
9064,9064,PayPal,Paid,4088.07,2022-10-23
9065,9065,PayPal,Paid,1696.25,2024-05-09
9066,9066,Bank Transfer,Paid,436.89,2022-12-23
9067,9067,Bank Transfer,Paid,3291.29,2024-10-10
9068,9068,Bank Transfer,Refunded,715.01,2025-06-18
9069,9069,Invoice,Paid,797.82,2022-06-26
9070,9070,Invoice,Paid,1090.48,2025-06-10
9071,9071,PayPal,Pending,3090.46,2024-05-02
9072,9072,PayPal,Paid,879.91,2022-08-22
9073,9073,Bank Transfer,Refunded,720.25,2024-10-09
9074,9074,Invoice,Paid,213.74,2023-07-22
9075,9075,Bank Transfer,Paid,1359.35,2024-12-08
9076,9076,Card,Paid,765.48,2022-12-23
9077,9077,Invoice,Paid,308.53,2025-09-10
9078,9078,Invoice,Paid,1945.67,2022-08-28
9079,9079,PayPal,Paid,587.72,2025-03-27
9080,9080,Bank Transfer,Paid,332.8,2025-08-31
9081,9081,Bank Transfer,Pending,840.51,2024-08-19
9082,9082,Card,Paid,1890.38,2023-09-13
9083,9083,Card,Paid,615.99,2022-06-13
9084,9084,Bank Transfer,Paid,415.16,2022-04-27
9085,9085,PayPal,Paid,665.83,2024-09-15
9086,9086,PayPal,Paid,1096.95,2023-10-03
9087,9087,Invoice,Paid,416.91,2024-09-13
9088,9088,Card,Paid,1200.24,2023-12-31
9089,9089,PayPal,Paid,1011.68,2022-11-24
9090,9090,PayPal,Paid,162.66,2025-09-28
9091,9091,Bank Transfer,Paid,3111.64,2023-06-13
9092,9092,Bank Transfer,Paid,1877.32,2025-12-01
9093,9093,Card,Pending,351.2,2023-03-30
9094,9094,PayPal,Paid,1477.73,2024-11-20
9095,9095,Invoice,Pending,264.72,2023-12-23
9096,9096,Card,Refunded,536.5,2022-03-24
9097,9097,Invoice,Paid,2090.89,2023-07-14
9098,9098,Bank Transfer,Paid,138.63,2023-04-12
9099,9099,Card,Paid,48.24,2024-05-03
9100,9100,Bank Transfer,Paid,3360.04,2024-01-20
9101,9101,Bank Transfer,Paid,633.46,2025-11-24
9102,9102,Invoice,Paid,1758.17,2022-02-26
9103,9103,Bank Transfer,Paid,1177.61,2024-11-01
9104,9104,PayPal,Pending,812.79,2025-02-19
9105,9105,PayPal,Pending,1285.45,2024-03-28
9106,9106,Bank Transfer,Paid,1135.73,2023-07-05
9107,9107,Card,Paid,1552.67,2023-05-16
9108,9108,Invoice,Paid,887.98,2022-08-06
9109,9109,PayPal,Pending,378.61,2025-12-30
9110,9110,Bank Transfer,Pending,2288.62,2024-08-11
9111,9111,Card,Paid,61.88,2024-08-26
9112,9112,Card,Paid,503.15,2025-07-15
9113,9113,PayPal,Paid,661.84,2023-01-06
9114,9114,Card,Paid,437.4,2024-08-06
9115,9115,Card,Paid,321.31,2023-11-19
9116,9116,Card,Paid,685.34,2023-04-24
9117,9117,Card,Paid,87.11,2024-05-29
9118,9118,Bank Transfer,Pending,790.18,2023-03-18
9119,9119,Invoice,Pending,596.45,2023-05-27
9120,9120,Bank Transfer,Paid,173.14,2024-02-03
9121,9121,PayPal,Pending,350.53,2024-10-24
9122,9122,Card,Paid,543.54,2023-08-15
9123,9123,Invoice,Paid,1107.69,2022-12-08
9124,9124,PayPal,Paid,688.95,2023-12-10
9125,9125,PayPal,Paid,368.0,2022-12-09
9126,9126,Invoice,Paid,1669.56,2024-11-25
9127,9127,Bank Transfer,Paid,1555.74,2022-09-21
9128,9128,Bank Transfer,Paid,1032.12,2022-11-25
9129,9129,Bank Transfer,Paid,195.22,2022-09-25
9130,9130,Card,Paid,622.66,2022-03-14
9131,9131,PayPal,Paid,572.73,2022-11-23
9132,9132,PayPal,Paid,1261.61,2022-10-24
9133,9133,Card,Paid,770.75,2025-06-02
9134,9134,Bank Transfer,Paid,364.69,2025-03-21
9135,9135,Card,Paid,1027.86,2024-10-07
9136,9136,Bank Transfer,Paid,1779.27,2024-10-14
9137,9137,Card,Paid,303.43,2025-08-06
9138,9138,Invoice,Paid,2070.14,2023-05-30
9139,9139,Bank Transfer,Pending,50.11,2023-04-12
9140,9140,Card,Paid,360.71,2023-06-03
9141,9141,Invoice,Paid,136.47,2022-05-27
9142,9142,Invoice,Paid,442.43,2024-04-06
9143,9143,Bank Transfer,Paid,125.93,2024-09-20
9144,9144,Bank Transfer,Paid,759.6,2023-06-20
9145,9145,Invoice,Pending,535.98,2022-10-07
9146,9146,PayPal,Paid,3986.33,2025-03-15
9147,9147,PayPal,Paid,858.04,2022-08-25
9148,9148,Invoice,Paid,139.46,2023-04-22
9149,9149,Card,Paid,1711.53,2025-08-14
9150,9150,Card,Paid,275.28,2023-10-19
9151,9151,Bank Transfer,Paid,1744.99,2022-08-28
9152,9152,PayPal,Refunded,2266.11,2023-04-20
9153,9153,Bank Transfer,Paid,1462.1,2024-02-22
9154,9154,Card,Paid,1208.63,2025-03-07
9155,9155,Bank Transfer,Pending,2369.08,2025-10-06
9156,9156,Invoice,Paid,259.65,2023-01-12
9157,9157,Invoice,Paid,206.33,2023-10-05
9158,9158,PayPal,Paid,926.47,2025-12-10
9159,9159,Bank Transfer,Paid,570.45,2024-12-29
9160,9160,PayPal,Paid,1125.39,2023-11-02
9161,9161,PayPal,Pending,813.19,2023-07-08
9162,9162,PayPal,Pending,630.31,2022-01-01
9163,9163,Invoice,Pending,2020.25,2025-06-04
9164,9164,Invoice,Paid,588.14,2024-03-13
9165,9165,Bank Transfer,Paid,1853.35,2022-12-27
9166,9166,PayPal,Paid,97.75,2022-04-14
9167,9167,Invoice,Refunded,1884.18,2023-06-18
9168,9168,Invoice,Paid,1414.97,2022-10-20
9169,9169,PayPal,Paid,1606.45,2022-05-05
9170,9170,PayPal,Paid,380.05,2022-10-08
9171,9171,Bank Transfer,Pending,387.08,2023-12-02
9172,9172,Card,Paid,2248.1,2024-05-20
9173,9173,Card,Paid,126.53,2025-02-21
9174,9174,PayPal,Paid,1446.71,2023-05-30
9175,9175,Bank Transfer,Paid,526.59,2022-11-12
9176,9176,Bank Transfer,Paid,960.36,2022-12-23
9177,9177,Card,Paid,1562.17,2023-03-02
9178,9178,PayPal,Paid,691.59,2025-11-05
9179,9179,PayPal,Paid,682.19,2025-05-04
9180,9180,Card,Refunded,166.45,2025-10-15
9181,9181,PayPal,Paid,1154.52,2022-08-18
9182,9182,Invoice,Paid,413.72,2022-11-26
9183,9183,Bank Transfer,Paid,862.21,2025-12-18
9184,9184,Invoice,Paid,1981.06,2025-07-13
9185,9185,PayPal,Refunded,1683.07,2022-09-11
9186,9186,PayPal,Paid,601.06,2022-04-21
9187,9187,Invoice,Paid,407.41,2024-07-16
9188,9188,Invoice,Pending,3481.23,2023-06-15
9189,9189,Card,Paid,118.66,2025-09-20
9190,9190,PayPal,Paid,472.87,2024-05-19
9191,9191,Bank Transfer,Paid,1092.2,2025-02-01
9192,9192,Card,Pending,2308.0,2023-04-17
9193,9193,Card,Paid,2504.89,2025-11-14
9194,9194,Card,Pending,912.71,2023-12-11
9195,9195,Bank Transfer,Paid,987.38,2024-07-27
9196,9196,Invoice,Paid,2125.3,2022-09-22
9197,9197,Invoice,Pending,208.63,2022-03-06
9198,9198,Bank Transfer,Paid,1765.87,2024-07-11
9199,9199,Bank Transfer,Pending,2199.78,2023-11-19
9200,9200,Card,Pending,76.97,2025-05-21
9201,9201,Card,Pending,476.77,2025-12-19
9202,9202,PayPal,Paid,1721.15,2025-12-25
9203,9203,PayPal,Paid,871.74,2023-10-10
9204,9204,Card,Pending,383.35,2023-02-23
9205,9205,PayPal,Paid,787.13,2023-11-13
9206,9206,PayPal,Paid,823.5,2025-10-11
9207,9207,Invoice,Paid,174.22,2025-05-18
9208,9208,Card,Paid,176.75,2025-09-12
9209,9209,PayPal,Paid,1697.24,2024-09-17
9210,9210,Bank Transfer,Pending,1847.08,2024-06-04
9211,9211,Invoice,Paid,101.14,2024-06-11
9212,9212,Bank Transfer,Paid,1102.85,2023-07-22
9213,9213,Bank Transfer,Paid,1173.83,2023-06-22
9214,9214,Bank Transfer,Paid,243.96,2023-04-02
9215,9215,Invoice,Pending,1308.13,2025-08-02
9216,9216,Bank Transfer,Paid,616.3,2022-12-01
9217,9217,Invoice,Paid,850.48,2023-10-13
9218,9218,Card,Pending,3514.79,2022-08-12
9219,9219,PayPal,Paid,7393.11,2022-09-18
9220,9220,PayPal,Paid,231.23,2025-06-01
9221,9221,Invoice,Paid,1151.65,2023-05-12
9222,9222,Card,Paid,228.84,2025-12-15
9223,9223,Invoice,Paid,2728.07,2023-12-19
9224,9224,PayPal,Paid,1631.32,2024-04-15
9225,9225,Bank Transfer,Paid,1047.01,2024-10-13
9226,9226,PayPal,Paid,477.1,2022-03-12
9227,9227,Invoice,Paid,590.4,2023-03-08
9228,9228,Card,Paid,277.52,2023-11-08
9229,9229,Invoice,Pending,349.66,2022-07-09
9230,9230,Bank Transfer,Paid,378.0,2024-10-11
9231,9231,Bank Transfer,Paid,802.73,2022-11-29
9232,9232,Bank Transfer,Pending,727.69,2022-04-16
9233,9233,Card,Paid,1067.79,2023-09-05
9234,9234,PayPal,Paid,1785.66,2025-03-10
9235,9235,PayPal,Paid,508.26,2024-05-10
9236,9236,Card,Paid,1993.82,2024-06-24
9237,9237,Bank Transfer,Paid,1390.99,2023-12-11
9238,9238,PayPal,Pending,1534.7,2022-09-05
9239,9239,Invoice,Paid,995.7,2022-04-11
9240,9240,Card,Refunded,2280.06,2022-07-17
9241,9241,Invoice,Paid,761.92,2025-07-20
9242,9242,PayPal,Pending,283.97,2024-12-13
9243,9243,Bank Transfer,Paid,1603.82,2023-08-01
9244,9244,Bank Transfer,Paid,2841.42,2023-12-27
9245,9245,PayPal,Paid,2536.98,2023-12-22
9246,9246,Invoice,Pending,337.61,2024-07-30
9247,9247,Bank Transfer,Paid,637.56,2025-06-26
9248,9248,Card,Paid,422.74,2024-11-10
9249,9249,Bank Transfer,Paid,2484.17,2023-12-05
9250,9250,Bank Transfer,Paid,1489.66,2022-08-13
9251,9251,Card,Paid,2024.32,2024-12-25
9252,9252,PayPal,Paid,1010.31,2023-03-17
9253,9253,PayPal,Pending,1130.29,2024-11-01
9254,9254,Card,Paid,1215.02,2023-02-26
9255,9255,Bank Transfer,Paid,4783.54,2025-04-27
9256,9256,Card,Paid,749.88,2023-03-04
9257,9257,Invoice,Paid,1201.01,2024-10-13
9258,9258,Invoice,Paid,536.97,2023-10-03
9259,9259,Bank Transfer,Paid,835.26,2022-05-14
9260,9260,Bank Transfer,Paid,1358.88,2023-07-13
9261,9261,PayPal,Paid,537.2,2025-11-27
9262,9262,Bank Transfer,Paid,206.64,2025-12-16
9263,9263,Invoice,Paid,3655.33,2024-04-06
9264,9264,Card,Paid,420.47,2024-02-25
9265,9265,Invoice,Paid,827.63,2025-12-05
9266,9266,PayPal,Pending,241.76,2025-04-29
9267,9267,PayPal,Pending,184.21,2023-11-27
9268,9268,PayPal,Paid,280.68,2024-11-17
9269,9269,PayPal,Pending,1711.98,2023-03-06
9270,9270,Card,Refunded,864.86,2023-12-09
9271,9271,Invoice,Pending,3527.08,2022-05-08
9272,9272,PayPal,Paid,611.74,2025-04-15
9273,9273,Bank Transfer,Paid,3441.96,2025-03-21
9274,9274,Invoice,Paid,592.76,2024-10-21
9275,9275,Card,Paid,811.79,2025-01-24
9276,9276,PayPal,Refunded,1164.06,2023-11-23
9277,9277,Invoice,Pending,1059.0,2024-11-09
9278,9278,Card,Paid,1399.48,2025-07-15
9279,9279,Card,Paid,1061.93,2024-01-28
9280,9280,Invoice,Paid,1665.27,2023-03-31
9281,9281,Card,Pending,86.56,2022-09-25
9282,9282,Bank Transfer,Pending,1157.57,2023-12-29
9283,9283,Invoice,Paid,2625.74,2024-07-05
9284,9284,Card,Paid,176.04,2023-02-11
9285,9285,Invoice,Paid,352.38,2024-11-18
9286,9286,Bank Transfer,Paid,2368.56,2023-09-05
9287,9287,Card,Paid,826.93,2022-03-21
9288,9288,PayPal,Paid,2169.12,2022-03-12
9289,9289,Bank Transfer,Paid,546.15,2024-08-14
9290,9290,Card,Paid,3631.22,2024-06-14
9291,9291,Card,Paid,1815.14,2023-08-11
9292,9292,Bank Transfer,Paid,397.49,2024-03-13
9293,9293,PayPal,Paid,3214.86,2022-11-14
9294,9294,Card,Paid,99.81,2025-11-29
9295,9295,Invoice,Paid,1486.32,2022-02-10
9296,9296,Bank Transfer,Paid,317.3,2025-09-07
9297,9297,Card,Paid,991.98,2025-06-04
9298,9298,PayPal,Paid,1632.1,2025-11-18
9299,9299,Invoice,Paid,236.5,2023-08-16
9300,9300,Invoice,Refunded,1744.01,2024-09-19
9301,9301,Bank Transfer,Paid,697.89,2024-03-27
9302,9302,Bank Transfer,Paid,278.43,2024-05-17
9303,9303,PayPal,Paid,2318.11,2023-03-31
9304,9304,Card,Pending,182.34,2024-02-14
9305,9305,Invoice,Paid,2408.64,2022-12-26
9306,9306,Card,Pending,917.25,2025-11-20
9307,9307,PayPal,Paid,661.91,2025-05-07
9308,9308,Invoice,Pending,1930.14,2022-07-22
9309,9309,Bank Transfer,Paid,1705.5,2022-10-21
9310,9310,PayPal,Pending,720.01,2022-06-25
9311,9311,Invoice,Paid,1394.86,2024-08-22
9312,9312,Card,Paid,467.66,2025-08-11
9313,9313,Card,Paid,1220.4,2022-11-16
9314,9314,Invoice,Pending,4079.53,2024-03-06
9315,9315,Card,Paid,2885.57,2024-05-05
9316,9316,Card,Paid,1250.1,2023-10-29
9317,9317,Card,Pending,277.73,2024-10-24
9318,9318,Bank Transfer,Paid,640.83,2022-12-12
9319,9319,Card,Paid,1075.19,2023-08-12
9320,9320,Invoice,Paid,354.66,2025-09-02
9321,9321,Invoice,Paid,141.65,2023-08-22
9322,9322,Invoice,Paid,404.72,2022-11-17
9323,9323,PayPal,Pending,2170.07,2022-11-12
9324,9324,Bank Transfer,Paid,1213.47,2023-09-23
9325,9325,Card,Paid,675.15,2025-07-30
9326,9326,Bank Transfer,Paid,1599.4,2024-11-30
9327,9327,Bank Transfer,Paid,713.14,2022-01-31
9328,9328,Card,Paid,2327.26,2024-12-06
9329,9329,Invoice,Paid,50.97,2023-08-12
9330,9330,Invoice,Paid,2652.09,2024-10-22
9331,9331,PayPal,Paid,516.42,2023-05-07
9332,9332,Bank Transfer,Paid,493.92,2023-11-23
9333,9333,PayPal,Paid,1422.43,2025-04-27
9334,9334,Card,Paid,511.21,2025-09-28
9335,9335,Card,Pending,1255.05,2024-04-29
9336,9336,Card,Refunded,3221.55,2023-07-24
9337,9337,Bank Transfer,Paid,72.57,2025-05-28
9338,9338,PayPal,Paid,1418.49,2022-05-12
9339,9339,Invoice,Paid,1120.18,2024-08-15
9340,9340,Invoice,Paid,1369.76,2024-07-23
9341,9341,Bank Transfer,Paid,233.22,2023-04-10
9342,9342,Card,Paid,1385.7,2022-07-30
9343,9343,Invoice,Paid,1009.15,2023-12-23
9344,9344,Bank Transfer,Paid,1212.66,2024-09-29
9345,9345,Bank Transfer,Paid,1282.71,2022-03-22
9346,9346,Bank Transfer,Pending,656.87,2024-04-04
9347,9347,PayPal,Paid,277.61,2022-04-19
9348,9348,Card,Paid,273.64,2025-09-17
9349,9349,PayPal,Paid,664.12,2025-04-20
9350,9350,PayPal,Paid,755.29,2022-01-03
9351,9351,PayPal,Refunded,62.22,2022-10-08
9352,9352,PayPal,Paid,328.1,2025-08-19
9353,9353,Card,Paid,72.77,2023-11-24
9354,9354,Bank Transfer,Paid,3251.78,2024-10-23
9355,9355,Card,Paid,785.18,2022-11-10
9356,9356,Card,Paid,73.54,2023-04-24
9357,9357,Card,Paid,463.17,2023-11-09
9358,9358,PayPal,Paid,343.36,2023-11-12
9359,9359,Bank Transfer,Paid,372.96,2022-07-09
9360,9360,Card,Refunded,337.34,2023-08-28
9361,9361,Card,Pending,2830.45,2024-12-16
9362,9362,PayPal,Paid,1769.24,2024-05-24
9363,9363,Bank Transfer,Paid,730.36,2023-03-18
9364,9364,PayPal,Pending,3200.6,2025-04-28
9365,9365,Invoice,Paid,958.37,2022-09-05
9366,9366,Bank Transfer,Paid,41.88,2024-09-22
9367,9367,Invoice,Pending,526.45,2023-12-20
9368,9368,Bank Transfer,Paid,629.39,2022-05-05
9369,9369,Invoice,Paid,258.81,2024-09-05
9370,9370,PayPal,Pending,1253.47,2024-05-27
9371,9371,Card,Paid,2000.47,2022-02-20
9372,9372,Invoice,Paid,2546.52,2025-10-15
9373,9373,Invoice,Pending,421.44,2023-11-24
9374,9374,PayPal,Paid,1283.95,2022-12-31
9375,9375,PayPal,Pending,668.41,2024-06-14
9376,9376,Bank Transfer,Paid,95.81,2023-11-21
9377,9377,PayPal,Paid,142.17,2023-12-10
9378,9378,PayPal,Paid,933.54,2025-07-08
9379,9379,Invoice,Paid,1187.33,2023-07-20
9380,9380,Card,Paid,503.37,2024-01-01
9381,9381,Bank Transfer,Paid,1087.16,2025-06-30
9382,9382,Card,Pending,509.05,2023-08-28
9383,9383,Card,Pending,757.18,2025-05-15
9384,9384,PayPal,Paid,1726.78,2024-07-08
9385,9385,Bank Transfer,Paid,891.32,2023-08-11
9386,9386,PayPal,Pending,1373.37,2025-02-08
9387,9387,Bank Transfer,Refunded,705.86,2024-02-10
9388,9388,PayPal,Pending,148.78,2023-05-22
9389,9389,Bank Transfer,Paid,1890.48,2022-02-15
9390,9390,Invoice,Paid,139.11,2025-06-19
9391,9391,Card,Paid,515.23,2023-07-07
9392,9392,Bank Transfer,Paid,534.78,2022-07-16
9393,9393,Invoice,Paid,349.78,2024-09-23
9394,9394,Bank Transfer,Paid,2110.37,2025-11-09
9395,9395,Invoice,Paid,2441.16,2024-05-07
9396,9396,PayPal,Paid,3574.16,2024-11-15
9397,9397,Invoice,Paid,1026.5,2024-01-11
9398,9398,Bank Transfer,Pending,1321.0,2022-06-02
9399,9399,Bank Transfer,Pending,499.7,2024-03-06
9400,9400,Bank Transfer,Paid,1034.25,2023-12-04
9401,9401,Invoice,Paid,617.16,2022-01-24
9402,9402,PayPal,Paid,387.08,2023-05-22
9403,9403,PayPal,Paid,2495.39,2023-08-29
9404,9404,Invoice,Paid,925.68,2022-12-31
9405,9405,Invoice,Paid,837.75,2022-12-16
9406,9406,Invoice,Paid,2458.81,2024-03-06
9407,9407,Bank Transfer,Pending,439.76,2025-03-26
9408,9408,Bank Transfer,Refunded,2314.77,2022-06-21
9409,9409,PayPal,Paid,3331.66,2023-05-02
9410,9410,Bank Transfer,Paid,731.16,2025-09-21
9411,9411,Invoice,Paid,1751.56,2022-02-10
9412,9412,Card,Paid,1041.36,2023-06-28
9413,9413,PayPal,Paid,527.3,2023-11-19
9414,9414,Invoice,Pending,1154.68,2023-02-22
9415,9415,Bank Transfer,Paid,1875.06,2024-01-04
9416,9416,PayPal,Paid,1096.17,2022-05-31
9417,9417,PayPal,Refunded,190.08,2024-12-30
9418,9418,Card,Refunded,614.97,2022-11-07
9419,9419,Invoice,Paid,262.56,2023-10-01
9420,9420,Invoice,Pending,859.9,2024-06-07
9421,9421,Invoice,Paid,1561.34,2022-07-12
9422,9422,Bank Transfer,Paid,1126.48,2024-08-22
9423,9423,PayPal,Pending,138.78,2023-10-04
9424,9424,Bank Transfer,Paid,152.9,2023-05-30
9425,9425,Card,Paid,512.25,2025-10-04
9426,9426,Invoice,Paid,2031.04,2022-08-24
9427,9427,Card,Paid,1388.88,2025-12-23
9428,9428,PayPal,Paid,1177.85,2023-08-11
9429,9429,PayPal,Paid,321.0,2022-02-19
9430,9430,Bank Transfer,Paid,893.93,2025-07-07
9431,9431,Card,Paid,84.47,2024-01-20
9432,9432,Invoice,Paid,770.73,2025-01-08
9433,9433,Card,Paid,87.05,2022-12-04
9434,9434,PayPal,Pending,1523.92,2024-03-25
9435,9435,Card,Paid,1091.44,2024-03-04
9436,9436,Bank Transfer,Paid,71.32,2024-09-21
9437,9437,Invoice,Paid,542.97,2022-02-20
9438,9438,Bank Transfer,Paid,1113.39,2022-11-04
9439,9439,PayPal,Paid,2870.77,2024-01-21
9440,9440,PayPal,Paid,1442.76,2025-07-10
9441,9441,Card,Paid,532.59,2022-09-16
9442,9442,PayPal,Paid,1150.45,2022-01-18
9443,9443,PayPal,Paid,1174.14,2023-12-12
9444,9444,PayPal,Pending,606.34,2024-04-01
9445,9445,Invoice,Paid,3447.42,2024-03-25
9446,9446,Card,Paid,122.35,2022-04-22
9447,9447,Invoice,Refunded,1735.74,2025-08-22
9448,9448,Invoice,Paid,81.27,2023-09-01
9449,9449,Invoice,Paid,3334.01,2022-06-18
9450,9450,Card,Paid,2721.1,2023-09-21
9451,9451,PayPal,Refunded,547.57,2022-01-03
9452,9452,Bank Transfer,Paid,269.16,2023-03-01
9453,9453,Card,Paid,346.62,2022-05-25
9454,9454,Invoice,Paid,2094.34,2025-09-29
9455,9455,Invoice,Paid,1455.39,2022-12-29
9456,9456,Bank Transfer,Paid,1008.2,2022-03-18
9457,9457,Bank Transfer,Paid,1904.55,2025-03-25
9458,9458,Bank Transfer,Paid,1213.74,2023-12-27
9459,9459,Bank Transfer,Paid,375.68,2023-04-23
9460,9460,Bank Transfer,Paid,2981.61,2025-02-08
9461,9461,Bank Transfer,Paid,606.95,2023-06-05
9462,9462,Bank Transfer,Paid,1258.86,2025-07-08
9463,9463,Invoice,Pending,234.38,2022-05-10
9464,9464,Card,Paid,3317.45,2023-12-14
9465,9465,Invoice,Paid,1018.22,2025-02-07
9466,9466,Invoice,Paid,206.05,2024-11-13
9467,9467,Card,Paid,648.88,2024-12-28
9468,9468,Invoice,Paid,681.04,2024-10-18
9469,9469,Invoice,Paid,14.35,2023-01-24
9470,9470,PayPal,Paid,232.76,2025-10-17
9471,9471,Card,Paid,2885.92,2025-11-05
9472,9472,Card,Paid,489.16,2024-11-06
9473,9473,Invoice,Paid,617.79,2025-08-08
9474,9474,Card,Paid,752.5,2025-04-01
9475,9475,PayPal,Paid,1285.51,2025-02-17
9476,9476,PayPal,Paid,738.19,2025-07-22
9477,9477,Invoice,Pending,3320.87,2022-06-07
9478,9478,PayPal,Pending,1504.89,2022-04-21
9479,9479,Invoice,Pending,1892.4,2024-05-22
9480,9480,Bank Transfer,Refunded,1869.23,2025-12-18
9481,9481,Invoice,Paid,312.35,2022-01-06
9482,9482,Invoice,Paid,2425.77,2024-06-02
9483,9483,Card,Paid,2432.86,2025-10-08
9484,9484,Card,Paid,286.73,2024-10-05
9485,9485,Card,Paid,125.32,2025-08-09
9486,9486,Invoice,Pending,547.26,2024-12-04
9487,9487,Card,Paid,300.63,2023-11-29
9488,9488,Card,Paid,1473.89,2022-12-02
9489,9489,PayPal,Paid,891.58,2024-07-29
9490,9490,Invoice,Paid,454.9,2025-10-15
9491,9491,Bank Transfer,Pending,1178.47,2025-12-30
9492,9492,Invoice,Paid,415.42,2023-06-04
9493,9493,Card,Paid,810.56,2023-05-13
9494,9494,Card,Pending,963.06,2023-07-22
9495,9495,Bank Transfer,Paid,1146.25,2022-11-19
9496,9496,Card,Pending,135.45,2022-12-20
9497,9497,PayPal,Pending,1188.37,2022-11-14
9498,9498,PayPal,Paid,1033.17,2022-01-21
9499,9499,Bank Transfer,Refunded,5070.98,2025-05-02
9500,9500,Bank Transfer,Pending,2532.18,2023-05-17
9501,9501,Invoice,Refunded,1883.34,2022-08-07
9502,9502,Bank Transfer,Paid,1062.66,2022-06-05
9503,9503,PayPal,Paid,397.1,2022-09-25
9504,9504,PayPal,Paid,4460.72,2022-02-18
9505,9505,Card,Pending,1171.24,2025-11-02
9506,9506,PayPal,Paid,1321.72,2023-11-10
9507,9507,Invoice,Paid,4456.4,2024-10-03
9508,9508,Card,Paid,639.98,2025-01-06
9509,9509,Bank Transfer,Paid,3539.93,2024-06-27
9510,9510,Invoice,Paid,145.26,2022-06-14
9511,9511,Bank Transfer,Paid,1763.48,2025-12-22
9512,9512,Bank Transfer,Pending,1547.13,2023-09-21
9513,9513,Card,Paid,706.94,2024-12-20
9514,9514,Bank Transfer,Paid,3717.6,2023-03-16
9515,9515,PayPal,Paid,563.31,2024-08-31
9516,9516,Bank Transfer,Pending,3128.06,2025-02-24
9517,9517,Invoice,Paid,528.92,2022-09-05
9518,9518,Invoice,Paid,572.78,2023-06-23
9519,9519,Bank Transfer,Paid,1987.88,2022-03-22
9520,9520,PayPal,Paid,1066.88,2025-05-28
9521,9521,PayPal,Pending,1828.03,2023-03-24
9522,9522,Invoice,Paid,563.07,2022-08-22
9523,9523,Card,Paid,521.61,2023-05-27
9524,9524,Card,Paid,1178.61,2022-11-08
9525,9525,Card,Paid,1847.6,2025-12-24
9526,9526,Card,Paid,2215.96,2025-11-08
9527,9527,Card,Paid,5171.25,2022-02-26
9528,9528,Bank Transfer,Paid,44.19,2022-11-16
9529,9529,Card,Paid,2151.11,2022-04-13
9530,9530,Bank Transfer,Paid,1130.3,2024-07-23
9531,9531,PayPal,Paid,21.65,2024-03-10
9532,9532,PayPal,Paid,1415.61,2025-09-27
9533,9533,PayPal,Paid,308.36,2022-10-31
9534,9534,PayPal,Paid,349.56,2023-08-25
9535,9535,PayPal,Paid,3025.55,2024-12-04
9536,9536,Card,Pending,1048.92,2025-09-19
9537,9537,Card,Paid,1163.91,2022-10-30
9538,9538,Card,Paid,280.15,2023-10-13
9539,9539,Card,Paid,518.93,2023-05-24
9540,9540,Invoice,Paid,74.16,2022-08-11
9541,9541,Invoice,Paid,203.54,2022-10-23
9542,9542,PayPal,Paid,1468.14,2024-11-20
9543,9543,PayPal,Paid,2078.41,2022-07-24
9544,9544,Card,Paid,271.34,2022-11-29
9545,9545,Bank Transfer,Paid,1239.44,2024-12-25
9546,9546,Bank Transfer,Paid,755.36,2024-05-02
9547,9547,Invoice,Paid,449.37,2022-03-03
9548,9548,Bank Transfer,Paid,794.17,2024-02-08
9549,9549,Card,Paid,1110.4,2024-01-13
9550,9550,Card,Paid,338.12,2022-05-09
9551,9551,Invoice,Pending,689.12,2022-12-17
9552,9552,PayPal,Paid,209.46,2022-04-28
9553,9553,PayPal,Paid,822.66,2025-11-25
9554,9554,Invoice,Paid,905.43,2022-04-16
9555,9555,PayPal,Pending,715.03,2022-12-28
9556,9556,Bank Transfer,Paid,2175.45,2025-06-28
9557,9557,Invoice,Paid,900.44,2022-01-21
9558,9558,PayPal,Paid,1300.89,2025-10-19
9559,9559,Card,Paid,634.5,2022-05-28
9560,9560,PayPal,Paid,415.03,2025-07-01
9561,9561,Card,Paid,472.46,2022-02-07
9562,9562,Invoice,Paid,1022.31,2025-10-03
9563,9563,Invoice,Paid,702.42,2025-10-17
9564,9564,PayPal,Paid,254.82,2024-03-01
9565,9565,PayPal,Paid,273.3,2025-05-02
9566,9566,Bank Transfer,Paid,625.59,2025-11-27
9567,9567,Invoice,Paid,667.78,2024-04-21
9568,9568,Card,Paid,1146.77,2025-10-14
9569,9569,PayPal,Paid,830.28,2022-04-30
9570,9570,Bank Transfer,Paid,354.68,2024-02-26
9571,9571,Invoice,Paid,1060.07,2023-12-18
9572,9572,Bank Transfer,Paid,82.61,2023-07-23
9573,9573,Invoice,Pending,1235.7,2025-09-20
9574,9574,Invoice,Paid,399.95,2025-06-13
9575,9575,Bank Transfer,Paid,2909.68,2023-06-07
9576,9576,Bank Transfer,Pending,2138.32,2023-01-22
9577,9577,Invoice,Paid,1098.38,2024-08-05
9578,9578,Invoice,Paid,125.18,2024-08-03
9579,9579,PayPal,Paid,103.84,2025-09-14
9580,9580,PayPal,Paid,433.48,2023-11-22
9581,9581,Card,Paid,2324.03,2024-06-15
9582,9582,Invoice,Refunded,1616.17,2022-08-27
9583,9583,Card,Pending,438.6,2023-12-10
9584,9584,PayPal,Paid,2869.05,2022-08-13
9585,9585,Bank Transfer,Paid,613.08,2022-12-18
9586,9586,Invoice,Paid,2064.21,2022-01-11
9587,9587,Card,Pending,117.98,2023-08-20
9588,9588,Bank Transfer,Paid,675.48,2022-11-26
9589,9589,Card,Paid,1889.49,2025-03-31
9590,9590,PayPal,Paid,436.02,2022-07-07
9591,9591,Card,Paid,2203.03,2025-06-10
9592,9592,Bank Transfer,Paid,111.63,2023-07-03
9593,9593,Bank Transfer,Pending,216.97,2022-12-21
9594,9594,Invoice,Paid,263.68,2022-12-27
9595,9595,Card,Paid,629.07,2023-09-19
9596,9596,Invoice,Pending,259.0,2022-12-06
9597,9597,Card,Pending,877.68,2025-05-10
9598,9598,Bank Transfer,Pending,758.0,2022-06-23
9599,9599,PayPal,Paid,1296.4,2023-08-07
9600,9600,Card,Paid,556.13,2023-11-25
9601,9601,Bank Transfer,Paid,1767.07,2024-08-08
9602,9602,PayPal,Refunded,590.83,2022-08-04
9603,9603,PayPal,Paid,563.78,2022-10-22
9604,9604,Bank Transfer,Refunded,726.48,2023-06-18
9605,9605,Bank Transfer,Paid,1251.35,2023-02-05
9606,9606,PayPal,Paid,1253.47,2022-08-16
9607,9607,PayPal,Paid,3058.9,2023-11-06
9608,9608,Invoice,Paid,894.58,2025-10-14
9609,9609,PayPal,Pending,4200.71,2023-04-28
9610,9610,PayPal,Paid,1531.82,2025-09-08
9611,9611,Card,Paid,514.57,2023-04-24
9612,9612,Bank Transfer,Paid,1051.24,2024-01-12
9613,9613,Bank Transfer,Refunded,1443.87,2023-09-02
9614,9614,Invoice,Paid,3320.05,2025-08-10
9615,9615,Invoice,Paid,228.83,2024-09-05
9616,9616,Invoice,Paid,1035.81,2023-05-25
9617,9617,Invoice,Pending,2109.25,2022-02-06
9618,9618,Card,Pending,719.61,2025-04-28
9619,9619,Bank Transfer,Paid,376.82,2023-04-12
9620,9620,Invoice,Paid,1230.34,2025-12-30
9621,9621,Card,Paid,779.51,2023-09-16
9622,9622,Card,Paid,864.25,2022-03-19
9623,9623,PayPal,Paid,911.45,2023-10-04
9624,9624,PayPal,Paid,648.98,2025-11-24
9625,9625,Invoice,Paid,1196.99,2024-12-31
9626,9626,PayPal,Paid,957.84,2023-09-29
9627,9627,PayPal,Paid,1473.76,2025-02-09
9628,9628,PayPal,Paid,195.08,2022-05-03
9629,9629,Card,Pending,2894.42,2023-04-09
9630,9630,Invoice,Paid,853.28,2024-11-25
9631,9631,Bank Transfer,Paid,1239.79,2024-03-17
9632,9632,Bank Transfer,Pending,1714.96,2022-04-06
9633,9633,Card,Paid,132.82,2023-08-20
9634,9634,Bank Transfer,Paid,2764.13,2025-09-30
9635,9635,Card,Paid,1164.83,2025-11-19
9636,9636,Card,Paid,523.16,2023-11-22
9637,9637,Invoice,Paid,2744.37,2024-02-04
9638,9638,Bank Transfer,Paid,454.69,2024-08-09
9639,9639,Card,Paid,497.0,2022-10-17
9640,9640,Card,Paid,1213.88,2023-03-17
9641,9641,Bank Transfer,Paid,1398.38,2022-06-15
9642,9642,PayPal,Refunded,1630.91,2023-11-19
9643,9643,PayPal,Pending,675.34,2024-09-26
9644,9644,PayPal,Paid,152.47,2025-07-12
9645,9645,PayPal,Paid,22.04,2024-06-03
9646,9646,Card,Pending,595.5,2022-02-06
9647,9647,PayPal,Paid,1163.91,2025-03-07
9648,9648,Bank Transfer,Paid,407.21,2024-05-14
9649,9649,Card,Paid,445.59,2023-01-11
9650,9650,PayPal,Refunded,366.57,2023-10-12
9651,9651,Bank Transfer,Paid,4021.59,2024-10-07
9652,9652,Bank Transfer,Paid,826.2,2023-10-18
9653,9653,PayPal,Pending,3041.02,2025-06-25
9654,9654,PayPal,Pending,370.85,2024-10-26
9655,9655,Bank Transfer,Paid,335.27,2025-05-30
9656,9656,Bank Transfer,Paid,225.86,2025-06-19
9657,9657,Invoice,Paid,2006.08,2025-11-12
9658,9658,Card,Paid,331.47,2025-09-18
9659,9659,Bank Transfer,Pending,555.13,2023-12-23
9660,9660,PayPal,Paid,449.05,2024-07-10
9661,9661,Bank Transfer,Paid,337.44,2022-06-29
9662,9662,PayPal,Paid,1002.52,2023-01-27
9663,9663,Invoice,Paid,1770.51,2024-11-16
9664,9664,PayPal,Paid,927.43,2025-03-11
9665,9665,Card,Refunded,1559.13,2022-02-16
9666,9666,Card,Paid,1543.57,2024-06-25
9667,9667,PayPal,Paid,1194.14,2023-08-05
9668,9668,Invoice,Pending,236.6,2025-04-06
9669,9669,PayPal,Refunded,2168.9,2022-03-23
9670,9670,Invoice,Paid,4895.72,2022-11-06
9671,9671,Bank Transfer,Paid,306.96,2025-11-23
9672,9672,Card,Refunded,799.14,2025-02-23
9673,9673,Bank Transfer,Pending,1735.48,2025-09-09
9674,9674,PayPal,Pending,168.03,2024-04-10
9675,9675,PayPal,Paid,626.74,2022-05-21
9676,9676,Bank Transfer,Paid,3219.33,2024-02-04
9677,9677,Bank Transfer,Paid,186.5,2023-12-12
9678,9678,Card,Paid,781.38,2023-12-01
9679,9679,Invoice,Refunded,1583.26,2023-12-18
9680,9680,PayPal,Paid,1158.71,2024-11-19
9681,9681,Invoice,Paid,357.7,2025-03-11
9682,9682,PayPal,Paid,765.43,2022-01-30
9683,9683,PayPal,Paid,872.18,2023-02-17
9684,9684,Invoice,Paid,591.65,2023-11-30
9685,9685,Invoice,Paid,2232.57,2024-11-22
9686,9686,PayPal,Pending,227.6,2025-11-01
9687,9687,PayPal,Paid,770.83,2025-04-24
9688,9688,Bank Transfer,Pending,974.78,2023-12-27
9689,9689,Card,Pending,386.09,2023-04-20
9690,9690,Invoice,Paid,1610.44,2024-10-20
9691,9691,Card,Paid,36.41,2025-04-06
9692,9692,PayPal,Paid,1925.79,2023-07-12
9693,9693,Invoice,Paid,1014.69,2022-05-19
9694,9694,Bank Transfer,Paid,2028.22,2022-08-25
9695,9695,Bank Transfer,Paid,390.06,2024-03-13
9696,9696,Invoice,Refunded,1889.35,2022-08-07
9697,9697,Bank Transfer,Paid,536.31,2023-12-16
9698,9698,PayPal,Paid,1023.66,2023-04-27
9699,9699,PayPal,Paid,231.06,2024-06-20
9700,9700,Card,Pending,319.91,2022-06-18
9701,9701,PayPal,Paid,3298.46,2023-03-12
9702,9702,Card,Paid,746.75,2022-04-04
9703,9703,Bank Transfer,Paid,990.58,2025-08-17
9704,9704,PayPal,Paid,1992.28,2023-10-13
9705,9705,PayPal,Paid,313.55,2024-09-09
9706,9706,Card,Paid,98.03,2024-07-01
9707,9707,Bank Transfer,Pending,79.1,2024-02-01
9708,9708,Invoice,Refunded,1590.74,2023-07-22
9709,9709,PayPal,Paid,343.79,2024-07-12
9710,9710,Bank Transfer,Pending,1901.54,2025-11-26
9711,9711,Bank Transfer,Paid,1377.9,2024-10-11
9712,9712,Card,Paid,304.08,2025-05-14
9713,9713,Invoice,Paid,583.18,2023-03-23
9714,9714,Invoice,Pending,756.0,2024-09-21
9715,9715,Card,Paid,36.78,2024-05-25
9716,9716,Card,Refunded,1438.73,2024-12-10
9717,9717,PayPal,Paid,804.12,2023-04-01
9718,9718,Card,Paid,798.95,2025-03-26
9719,9719,Bank Transfer,Paid,338.72,2024-10-23
9720,9720,Invoice,Paid,1416.86,2024-11-02
9721,9721,Invoice,Paid,2244.76,2024-05-26
9722,9722,PayPal,Paid,1401.66,2022-12-19
9723,9723,Invoice,Paid,134.84,2023-06-17
9724,9724,Invoice,Paid,1511.18,2025-08-02
9725,9725,Bank Transfer,Pending,3996.74,2023-07-20
9726,9726,Bank Transfer,Paid,1436.43,2023-11-30
9727,9727,Invoice,Paid,347.28,2023-04-04
9728,9728,PayPal,Paid,906.81,2022-06-19
9729,9729,Card,Paid,1646.39,2023-08-30
9730,9730,Bank Transfer,Paid,1347.86,2024-08-23
9731,9731,Invoice,Refunded,1856.75,2024-10-11
9732,9732,Card,Paid,5254.67,2023-12-03
9733,9733,PayPal,Paid,1520.04,2022-05-11
9734,9734,Card,Paid,1582.26,2023-09-06
9735,9735,Card,Paid,770.36,2022-12-21
9736,9736,Invoice,Paid,2392.24,2024-08-15
9737,9737,Bank Transfer,Pending,887.46,2024-12-26
9738,9738,Bank Transfer,Refunded,1200.16,2025-02-01
9739,9739,Invoice,Paid,600.52,2024-03-30
9740,9740,PayPal,Pending,1798.63,2023-01-03
9741,9741,Bank Transfer,Paid,3067.97,2024-03-17
9742,9742,Invoice,Paid,100.06,2025-04-04
9743,9743,PayPal,Paid,2358.37,2024-07-06
9744,9744,Bank Transfer,Pending,883.83,2023-04-08
9745,9745,Bank Transfer,Paid,985.7,2024-11-01
9746,9746,Invoice,Paid,686.32,2022-12-11
9747,9747,Invoice,Paid,1422.32,2025-12-19
9748,9748,PayPal,Paid,2803.36,2022-07-01
9749,9749,Bank Transfer,Refunded,1112.68,2024-09-22
9750,9750,Card,Paid,238.43,2024-12-22
9751,9751,Bank Transfer,Paid,1105.68,2025-05-21
9752,9752,Card,Paid,2877.67,2023-09-12
9753,9753,PayPal,Paid,1734.88,2023-01-15
9754,9754,Card,Refunded,3014.48,2023-09-22
9755,9755,Invoice,Paid,948.43,2025-11-03
9756,9756,Card,Paid,362.6,2025-10-23
9757,9757,Bank Transfer,Paid,686.3,2023-06-09
9758,9758,Invoice,Pending,3632.29,2023-05-28
9759,9759,Bank Transfer,Pending,3396.54,2023-12-19
9760,9760,Bank Transfer,Paid,2082.9,2023-06-22
9761,9761,Card,Paid,431.19,2023-10-10
9762,9762,Card,Paid,713.49,2022-04-12
9763,9763,Bank Transfer,Paid,1490.21,2023-06-19
9764,9764,PayPal,Paid,99.62,2023-11-28
9765,9765,PayPal,Paid,332.32,2022-02-08
9766,9766,PayPal,Paid,827.66,2025-02-09
9767,9767,Bank Transfer,Pending,221.46,2022-12-01
9768,9768,Bank Transfer,Paid,473.99,2025-02-04
9769,9769,PayPal,Paid,974.63,2025-10-13
9770,9770,PayPal,Paid,220.27,2022-07-21
9771,9771,Bank Transfer,Pending,5334.56,2022-10-05
9772,9772,Invoice,Paid,36.68,2022-01-30
9773,9773,Invoice,Paid,1608.8,2025-05-04
9774,9774,Invoice,Paid,1535.8,2024-02-14
9775,9775,Invoice,Paid,570.82,2025-07-08
9776,9776,PayPal,Pending,2750.84,2024-06-12
9777,9777,Invoice,Paid,2032.47,2022-09-18
9778,9778,PayPal,Paid,797.31,2025-10-28
9779,9779,Bank Transfer,Paid,696.14,2024-12-13
9780,9780,Card,Paid,1480.06,2022-03-12
9781,9781,Card,Refunded,322.91,2025-04-28
9782,9782,Bank Transfer,Paid,1248.15,2024-04-08
9783,9783,Card,Pending,5353.81,2025-09-11
9784,9784,Bank Transfer,Paid,706.45,2025-08-06
9785,9785,PayPal,Pending,1482.75,2022-09-12
9786,9786,PayPal,Pending,227.48,2025-12-06
9787,9787,Bank Transfer,Refunded,594.71,2025-06-18
9788,9788,Card,Pending,878.54,2025-06-10
9789,9789,Invoice,Refunded,66.07,2022-07-13
9790,9790,Invoice,Pending,191.92,2023-10-03
9791,9791,Bank Transfer,Paid,568.84,2025-09-03
9792,9792,PayPal,Paid,663.87,2024-12-11
9793,9793,Card,Paid,479.14,2023-01-05
9794,9794,Card,Pending,1532.96,2023-02-01
9795,9795,Bank Transfer,Paid,317.79,2025-08-16
9796,9796,PayPal,Paid,124.64,2022-08-25
9797,9797,Card,Paid,83.53,2023-10-28
9798,9798,Invoice,Paid,1184.23,2023-06-14
9799,9799,Invoice,Pending,989.69,2024-08-06
9800,9800,Bank Transfer,Paid,711.79,2022-07-10
9801,9801,Bank Transfer,Paid,692.3,2023-04-29
9802,9802,Card,Pending,2200.21,2025-03-01
9803,9803,Card,Pending,540.07,2025-12-17
9804,9804,Invoice,Paid,721.47,2025-01-14
9805,9805,Card,Paid,2020.27,2025-01-28
9806,9806,PayPal,Paid,795.95,2023-12-05
9807,9807,Bank Transfer,Paid,3147.67,2025-10-17
9808,9808,Bank Transfer,Paid,1490.64,2022-11-14
9809,9809,PayPal,Paid,2736.73,2022-10-07
9810,9810,Invoice,Pending,599.22,2025-03-03
9811,9811,Card,Paid,1346.13,2025-11-10
9812,9812,Invoice,Paid,432.18,2025-11-03
9813,9813,Card,Paid,2637.38,2022-05-12
9814,9814,Card,Paid,667.24,2024-08-30
9815,9815,Invoice,Refunded,1824.53,2022-08-19
9816,9816,Card,Paid,201.26,2024-06-13
9817,9817,Bank Transfer,Paid,2334.98,2024-12-15
9818,9818,Card,Paid,158.86,2022-08-29
9819,9819,Card,Paid,237.48,2022-10-22
9820,9820,Card,Paid,3339.04,2022-10-27
9821,9821,Invoice,Paid,1278.98,2023-10-15
9822,9822,Bank Transfer,Refunded,903.79,2022-02-14
9823,9823,Bank Transfer,Paid,373.91,2023-02-27
9824,9824,Card,Paid,1167.55,2024-10-09
9825,9825,Bank Transfer,Pending,856.09,2023-08-13
9826,9826,Invoice,Paid,1018.78,2023-02-22
9827,9827,Bank Transfer,Paid,1045.18,2023-12-17
9828,9828,Card,Pending,521.92,2022-12-03
9829,9829,PayPal,Pending,2371.95,2023-04-28
9830,9830,Card,Paid,951.37,2024-12-27
9831,9831,Bank Transfer,Paid,330.74,2025-09-10
9832,9832,PayPal,Paid,493.58,2022-10-16
9833,9833,PayPal,Paid,1445.84,2024-05-10
9834,9834,PayPal,Paid,1092.25,2023-06-30
9835,9835,PayPal,Paid,1009.34,2022-06-16
9836,9836,Card,Paid,1233.94,2022-09-26
9837,9837,Card,Pending,1999.55,2023-01-24
9838,9838,Card,Pending,601.99,2025-12-16
9839,9839,Card,Paid,3076.33,2024-07-26
9840,9840,Invoice,Paid,1482.62,2023-12-23
9841,9841,Invoice,Pending,290.5,2024-08-30
9842,9842,Bank Transfer,Pending,519.09,2023-08-10
9843,9843,Bank Transfer,Paid,727.48,2023-07-22
9844,9844,Invoice,Paid,1626.56,2025-12-26
9845,9845,PayPal,Paid,376.32,2025-03-10
9846,9846,Card,Paid,272.0,2024-10-13
9847,9847,Bank Transfer,Paid,436.21,2022-09-24
9848,9848,Bank Transfer,Paid,205.9,2023-11-01
9849,9849,Card,Pending,974.76,2025-11-13
9850,9850,PayPal,Paid,949.0,2025-07-17
9851,9851,PayPal,Paid,552.25,2025-12-29
9852,9852,Card,Pending,831.43,2025-12-13
9853,9853,PayPal,Paid,721.82,2023-03-13
9854,9854,Invoice,Paid,1750.64,2025-03-17
9855,9855,Bank Transfer,Paid,2043.69,2024-08-20
9856,9856,Invoice,Refunded,2107.19,2023-11-26
9857,9857,Card,Paid,335.91,2025-10-17
9858,9858,Bank Transfer,Paid,745.59,2025-05-06
9859,9859,Invoice,Paid,1256.75,2024-01-22
9860,9860,Invoice,Paid,1697.34,2022-05-09
9861,9861,PayPal,Paid,854.17,2023-09-22
9862,9862,Card,Paid,1146.24,2023-05-06
9863,9863,Invoice,Paid,149.98,2024-09-05
9864,9864,PayPal,Pending,439.98,2025-08-15
9865,9865,PayPal,Paid,1070.86,2024-03-06
9866,9866,Card,Pending,98.15,2025-02-17
9867,9867,Invoice,Paid,1257.34,2022-05-09
9868,9868,PayPal,Paid,63.87,2023-03-24
9869,9869,Invoice,Refunded,1261.43,2024-04-20
9870,9870,Bank Transfer,Pending,177.78,2024-09-11
9871,9871,Card,Paid,208.36,2024-03-02
9872,9872,PayPal,Paid,406.19,2022-04-14
9873,9873,Bank Transfer,Paid,327.5,2025-05-02
9874,9874,Card,Paid,350.34,2025-08-25
9875,9875,Card,Paid,3717.34,2023-12-08
9876,9876,Invoice,Paid,1743.64,2025-12-01
9877,9877,PayPal,Refunded,992.64,2025-09-06
9878,9878,Invoice,Paid,1410.54,2025-08-02
9879,9879,Bank Transfer,Paid,1167.23,2022-10-17
9880,9880,Invoice,Paid,236.78,2024-08-12
9881,9881,Invoice,Pending,612.88,2024-05-31
9882,9882,PayPal,Paid,38.89,2024-07-06
9883,9883,Card,Pending,74.96,2023-10-09
9884,9884,Card,Paid,672.62,2024-06-16
9885,9885,Card,Paid,201.71,2023-08-26
9886,9886,Bank Transfer,Pending,1872.1,2025-06-18
9887,9887,PayPal,Refunded,151.37,2024-03-25
9888,9888,Card,Paid,101.65,2024-05-08
9889,9889,PayPal,Pending,1173.98,2022-01-28
9890,9890,Bank Transfer,Paid,3932.05,2025-12-02
9891,9891,Bank Transfer,Paid,1008.67,2024-04-01
9892,9892,Invoice,Refunded,2016.94,2024-06-18
9893,9893,Bank Transfer,Paid,296.73,2024-12-22
9894,9894,Bank Transfer,Paid,786.95,2022-05-14
9895,9895,PayPal,Pending,769.06,2022-09-18
9896,9896,Bank Transfer,Pending,4156.78,2023-06-28
9897,9897,Card,Paid,316.56,2022-01-15
9898,9898,Card,Pending,793.64,2022-08-07
9899,9899,Bank Transfer,Paid,184.46,2025-11-17
9900,9900,PayPal,Refunded,776.51,2025-10-18
9901,9901,PayPal,Paid,3026.44,2023-07-05
9902,9902,PayPal,Paid,850.56,2022-04-22
9903,9903,PayPal,Paid,255.69,2022-12-26
9904,9904,Card,Paid,629.8,2024-11-24
9905,9905,Bank Transfer,Paid,106.97,2022-01-29
9906,9906,Invoice,Paid,369.54,2023-06-14
9907,9907,Card,Pending,3675.96,2023-06-20
9908,9908,Invoice,Paid,1602.09,2023-06-14
9909,9909,PayPal,Paid,887.12,2025-01-16
9910,9910,Invoice,Paid,632.96,2025-08-15
9911,9911,Card,Paid,3392.24,2025-05-27
9912,9912,Invoice,Paid,398.78,2023-12-31
9913,9913,Bank Transfer,Paid,792.46,2023-08-05
9914,9914,PayPal,Paid,309.18,2025-03-05
9915,9915,Invoice,Paid,1554.54,2023-09-30
9916,9916,Bank Transfer,Paid,1422.6,2025-06-08
9917,9917,PayPal,Pending,1700.03,2022-11-04
9918,9918,Bank Transfer,Paid,2113.98,2023-01-18
9919,9919,Card,Paid,783.98,2025-07-02
9920,9920,Card,Paid,1491.72,2024-05-14
9921,9921,Card,Paid,572.24,2025-01-09
9922,9922,Bank Transfer,Paid,2348.88,2022-10-30
9923,9923,Invoice,Refunded,1795.74,2024-04-30
9924,9924,PayPal,Paid,1150.09,2024-07-11
9925,9925,Invoice,Paid,255.72,2022-11-16
9926,9926,Card,Paid,130.83,2022-05-09
9927,9927,Card,Paid,2098.24,2024-07-13
9928,9928,Bank Transfer,Pending,359.71,2023-11-05
9929,9929,PayPal,Paid,139.04,2023-05-02
9930,9930,PayPal,Paid,3242.86,2025-03-06
9931,9931,Card,Paid,785.37,2024-12-02
9932,9932,Bank Transfer,Paid,612.16,2023-05-15
9933,9933,Card,Pending,811.27,2024-11-05
9934,9934,Invoice,Pending,787.35,2023-10-15
9935,9935,Bank Transfer,Pending,449.72,2025-07-06
9936,9936,Card,Paid,72.76,2022-11-12
9937,9937,Invoice,Pending,1460.39,2023-07-01
9938,9938,Invoice,Pending,1401.86,2024-06-08
9939,9939,Card,Pending,1768.15,2022-12-13
9940,9940,Bank Transfer,Pending,503.32,2023-11-05
9941,9941,PayPal,Paid,494.91,2022-02-23
9942,9942,Card,Paid,555.41,2025-03-31
9943,9943,Bank Transfer,Paid,221.32,2023-10-22
9944,9944,Card,Refunded,2110.09,2022-02-02
9945,9945,Card,Paid,283.63,2024-11-14
9946,9946,Card,Paid,2603.95,2023-06-22
9947,9947,Card,Paid,590.53,2024-12-16
9948,9948,Card,Paid,2867.12,2023-04-09
9949,9949,Invoice,Paid,612.29,2024-02-26
9950,9950,Card,Paid,1699.95,2024-04-29
9951,9951,Bank Transfer,Pending,93.04,2024-12-21
9952,9952,Bank Transfer,Paid,381.15,2023-11-17
9953,9953,Card,Paid,1448.51,2024-04-05
9954,9954,PayPal,Pending,1660.54,2024-12-11
9955,9955,Bank Transfer,Paid,2003.67,2023-02-20
9956,9956,PayPal,Paid,48.15,2023-07-21
9957,9957,PayPal,Paid,1331.62,2022-11-11
9958,9958,Invoice,Pending,4239.55,2023-05-08
9959,9959,PayPal,Paid,307.12,2024-01-11
9960,9960,Card,Paid,952.38,2023-06-13
9961,9961,PayPal,Paid,573.07,2024-02-14
9962,9962,PayPal,Paid,1481.36,2023-10-21
9963,9963,Bank Transfer,Paid,1611.61,2023-06-09
9964,9964,Invoice,Refunded,1232.39,2022-04-20
9965,9965,Invoice,Refunded,74.29,2022-06-05
9966,9966,PayPal,Pending,759.88,2023-01-06
9967,9967,Bank Transfer,Paid,249.96,2022-08-30
9968,9968,Bank Transfer,Refunded,1538.09,2023-08-29
9969,9969,Card,Paid,1135.41,2025-10-22
9970,9970,Invoice,Pending,2269.43,2025-07-01
9971,9971,Card,Paid,344.24,2022-04-21
9972,9972,Card,Pending,1147.96,2024-03-30
9973,9973,Invoice,Paid,2544.08,2025-12-01
9974,9974,PayPal,Paid,2237.7,2025-06-17
9975,9975,Invoice,Paid,469.18,2022-11-24
9976,9976,Bank Transfer,Paid,905.85,2023-08-04
9977,9977,PayPal,Pending,1984.89,2023-01-31
9978,9978,Bank Transfer,Paid,588.96,2022-08-25
9979,9979,Card,Pending,1420.57,2022-04-14
9980,9980,Bank Transfer,Pending,807.55,2022-01-14
9981,9981,Invoice,Paid,1429.88,2024-11-07
9982,9982,Bank Transfer,Paid,572.96,2022-07-03
9983,9983,Invoice,Paid,2689.56,2023-12-08
9984,9984,Card,Pending,2828.14,2022-11-09
9985,9985,Invoice,Paid,1968.08,2024-03-06
9986,9986,Invoice,Refunded,2595.02,2025-12-03
9987,9987,Invoice,Paid,2051.06,2023-10-25
9988,9988,Bank Transfer,Paid,568.61,2024-12-09
9989,9989,Invoice,Paid,1602.04,2023-08-06
9990,9990,Card,Paid,613.13,2025-03-30
9991,9991,Invoice,Pending,340.47,2024-11-17
9992,9992,Invoice,Paid,1263.93,2023-08-04
9993,9993,PayPal,Paid,1439.47,2024-05-30
9994,9994,Bank Transfer,Paid,1057.28,2024-07-14
9995,9995,Bank Transfer,Paid,207.51,2023-08-02
9996,9996,Card,Refunded,1269.8,2023-11-05
9997,9997,Card,Paid,568.59,2022-11-13
9998,9998,PayPal,Paid,1977.26,2024-02-14
9999,9999,Card,Paid,213.43,2023-08-14
10000,10000,PayPal,Paid,1556.66,2025-11-08
10001,10001,Card,Paid,1347.14,2025-11-19
10002,10002,Card,Paid,832.81,2023-10-31
10003,10003,Card,Pending,1464.86,2024-04-07
10004,10004,Card,Pending,3159.07,2023-12-23
10005,10005,Invoice,Paid,1374.17,2024-12-08
10006,10006,Card,Paid,840.82,2025-07-06
10007,10007,Bank Transfer,Paid,941.69,2024-01-01
10008,10008,Card,Pending,148.7,2023-12-03
10009,10009,Bank Transfer,Paid,1535.95,2023-11-29
10010,10010,PayPal,Paid,595.15,2025-12-30
10011,10011,Card,Paid,171.24,2024-10-27
10012,10012,Invoice,Paid,745.73,2023-09-27
10013,10013,Card,Paid,471.36,2023-12-15
10014,10014,Card,Paid,1113.49,2025-12-13
10015,10015,Card,Paid,508.3,2023-11-04
10016,10016,Invoice,Pending,2253.43,2024-01-01
10017,10017,PayPal,Paid,537.56,2025-11-12
10018,10018,Card,Paid,361.66,2022-12-27
10019,10019,PayPal,Paid,319.59,2025-05-06
10020,10020,Card,Paid,792.14,2022-12-14
10021,10021,Card,Pending,827.08,2022-04-07
10022,10022,Invoice,Paid,139.6,2022-11-24
10023,10023,Invoice,Paid,120.43,2023-05-11
10024,10024,Card,Paid,194.66,2025-10-25
10025,10025,Bank Transfer,Paid,1283.27,2023-07-08
10026,10026,Card,Refunded,5285.49,2023-06-08
10027,10027,Invoice,Paid,156.98,2022-10-05
10028,10028,Bank Transfer,Paid,181.12,2023-12-15
10029,10029,PayPal,Paid,885.01,2023-12-20
10030,10030,Invoice,Paid,1660.27,2025-11-01
10031,10031,PayPal,Pending,2730.39,2024-01-04
10032,10032,Bank Transfer,Paid,3047.5,2023-08-07
10033,10033,PayPal,Paid,479.71,2023-01-10
10034,10034,Invoice,Paid,514.74,2022-03-23
10035,10035,Invoice,Paid,265.63,2025-10-30
10036,10036,Invoice,Paid,99.14,2025-03-15
10037,10037,Card,Paid,421.45,2025-09-23
10038,10038,Bank Transfer,Paid,2985.38,2023-08-24
10039,10039,Invoice,Paid,670.72,2023-09-01
10040,10040,PayPal,Paid,1027.44,2024-09-25
10041,10041,PayPal,Paid,1198.62,2022-11-05
10042,10042,Card,Paid,728.69,2022-11-18
10043,10043,Invoice,Paid,1314.82,2025-05-16
10044,10044,Invoice,Paid,1949.26,2022-03-14
10045,10045,Card,Paid,602.86,2023-04-08
10046,10046,PayPal,Paid,464.0,2023-10-18
10047,10047,Invoice,Paid,1763.32,2022-04-26
10048,10048,Card,Paid,157.36,2022-08-15
10049,10049,Invoice,Paid,1080.02,2022-09-16
10050,10050,PayPal,Paid,436.52,2023-11-06
10051,10051,PayPal,Pending,1982.01,2025-03-22
10052,10052,Invoice,Paid,766.69,2023-01-08
10053,10053,PayPal,Paid,526.89,2023-07-24
10054,10054,Bank Transfer,Paid,178.58,2024-06-17
10055,10055,Invoice,Paid,2876.03,2023-09-26
10056,10056,Card,Paid,4554.31,2024-02-08
10057,10057,Invoice,Paid,630.22,2025-11-28
10058,10058,PayPal,Pending,2089.19,2024-05-12
10059,10059,Bank Transfer,Paid,1146.38,2025-10-30
10060,10060,Card,Refunded,1660.32,2022-08-18
10061,10061,PayPal,Paid,633.93,2024-06-02
10062,10062,Invoice,Paid,761.62,2022-05-08
10063,10063,Bank Transfer,Paid,3055.75,2022-10-03
10064,10064,Card,Paid,2047.35,2024-12-04
10065,10065,Invoice,Paid,1252.69,2023-04-19
10066,10066,Invoice,Paid,383.3,2025-05-20
10067,10067,Invoice,Paid,1825.41,2025-11-17
10068,10068,Card,Paid,1515.77,2022-10-30
10069,10069,Card,Pending,1102.01,2024-01-14
10070,10070,Card,Paid,2211.43,2023-04-28
10071,10071,Invoice,Paid,4521.55,2025-11-19
10072,10072,Card,Paid,2217.19,2024-02-09
10073,10073,Invoice,Paid,2330.53,2024-07-31
10074,10074,Invoice,Refunded,239.8,2022-04-14
10075,10075,PayPal,Pending,1872.82,2025-12-19
10076,10076,PayPal,Paid,593.04,2025-02-02
10077,10077,Card,Paid,303.2,2022-12-06
10078,10078,PayPal,Paid,725.01,2022-09-12
10079,10079,Invoice,Paid,110.75,2024-02-28
10080,10080,PayPal,Paid,1441.53,2022-09-26
10081,10081,Invoice,Paid,2497.02,2023-12-21
10082,10082,Bank Transfer,Pending,1545.2,2025-07-02
10083,10083,Card,Paid,140.7,2024-09-26
10084,10084,Card,Refunded,786.86,2023-03-26
10085,10085,Card,Pending,633.64,2025-10-19
10086,10086,PayPal,Paid,562.89,2024-10-01
10087,10087,PayPal,Paid,3732.08,2024-09-07
10088,10088,Bank Transfer,Paid,415.42,2023-05-05
10089,10089,Invoice,Pending,1735.17,2024-03-16
10090,10090,Card,Paid,427.5,2022-12-12
10091,10091,Bank Transfer,Paid,153.32,2024-07-31
10092,10092,Invoice,Paid,693.24,2025-07-07
10093,10093,Card,Paid,96.23,2024-10-29
10094,10094,Card,Paid,1048.07,2025-06-29
10095,10095,Bank Transfer,Paid,167.5,2023-12-08
10096,10096,PayPal,Paid,213.04,2023-07-13
10097,10097,Card,Paid,1747.2,2024-06-02
10098,10098,Card,Paid,142.2,2025-05-04
10099,10099,Card,Refunded,227.93,2024-07-13
10100,10100,Bank Transfer,Paid,988.89,2024-10-27
10101,10101,Invoice,Refunded,309.05,2023-05-03
10102,10102,PayPal,Paid,727.88,2025-11-29
10103,10103,Bank Transfer,Paid,2125.37,2024-07-31
10104,10104,PayPal,Refunded,365.29,2024-06-19
10105,10105,Invoice,Paid,626.42,2023-06-22
10106,10106,Bank Transfer,Pending,1004.64,2025-02-12
10107,10107,PayPal,Paid,236.62,2023-05-13
10108,10108,Bank Transfer,Pending,247.19,2022-10-12
10109,10109,Invoice,Paid,354.09,2023-05-07
10110,10110,Bank Transfer,Paid,515.95,2022-02-04
10111,10111,Card,Pending,231.89,2023-06-11
10112,10112,PayPal,Paid,573.32,2022-12-06
10113,10113,PayPal,Paid,559.53,2025-05-09
10114,10114,Card,Paid,2676.49,2022-06-07
10115,10115,Invoice,Paid,1270.44,2024-02-05
10116,10116,Invoice,Paid,214.17,2023-07-10
10117,10117,Card,Refunded,780.61,2025-11-15
10118,10118,Invoice,Paid,2020.6,2025-12-10
10119,10119,PayPal,Pending,1184.92,2025-11-04
10120,10120,Invoice,Paid,2071.65,2025-09-27
10121,10121,Invoice,Paid,195.07,2025-05-06
10122,10122,Card,Pending,367.44,2024-07-18
10123,10123,Card,Pending,1435.92,2022-08-23
10124,10124,Bank Transfer,Paid,402.0,2024-11-17
10125,10125,PayPal,Paid,1988.33,2023-07-07
10126,10126,Bank Transfer,Paid,1221.54,2024-10-04
10127,10127,Invoice,Paid,1117.67,2024-06-12
10128,10128,Invoice,Paid,1496.91,2023-02-28
10129,10129,Bank Transfer,Paid,736.42,2025-04-24
10130,10130,Invoice,Pending,1677.74,2022-10-13
10131,10131,PayPal,Paid,1040.95,2024-12-05
10132,10132,Invoice,Paid,571.46,2023-11-22
10133,10133,Card,Paid,594.08,2024-12-10
10134,10134,PayPal,Paid,1133.94,2024-09-18
10135,10135,Bank Transfer,Paid,1260.13,2023-10-14
10136,10136,Card,Paid,2409.88,2023-11-03
10137,10137,Invoice,Pending,150.53,2023-09-07
10138,10138,Invoice,Pending,877.49,2024-05-16
10139,10139,Bank Transfer,Refunded,684.16,2023-04-04
10140,10140,Card,Pending,1438.98,2025-09-02
10141,10141,Invoice,Refunded,1196.86,2023-08-23
10142,10142,Invoice,Paid,322.55,2022-06-18
10143,10143,Card,Paid,713.94,2022-03-13
10144,10144,Card,Paid,463.59,2022-02-26
10145,10145,Card,Refunded,435.24,2022-06-26
10146,10146,Card,Paid,3678.85,2024-07-17
10147,10147,PayPal,Paid,1694.77,2023-02-15
10148,10148,Bank Transfer,Paid,2540.37,2022-12-04
10149,10149,PayPal,Paid,2394.42,2024-02-14
10150,10150,Invoice,Paid,69.62,2025-12-08
10151,10151,PayPal,Paid,243.66,2023-05-03
10152,10152,Invoice,Paid,757.64,2022-11-04
10153,10153,Invoice,Paid,2160.46,2024-12-17
10154,10154,Invoice,Pending,1318.34,2025-09-15
10155,10155,Card,Pending,1648.21,2022-08-31
10156,10156,PayPal,Paid,1093.58,2024-06-05
10157,10157,Invoice,Paid,226.04,2022-06-14
10158,10158,Card,Paid,626.19,2025-07-22
10159,10159,PayPal,Paid,1165.54,2024-11-24
10160,10160,PayPal,Paid,3605.36,2024-02-23
10161,10161,Invoice,Paid,322.49,2022-02-12
10162,10162,Card,Pending,1435.65,2024-11-10
10163,10163,PayPal,Paid,1116.28,2025-02-16
10164,10164,Invoice,Paid,2618.28,2024-07-27
10165,10165,Card,Paid,96.77,2022-08-19
10166,10166,Card,Pending,1837.99,2022-05-29
10167,10167,Bank Transfer,Pending,1694.14,2022-11-27
10168,10168,Card,Paid,1162.22,2025-09-21
10169,10169,Bank Transfer,Paid,1511.51,2022-08-24
10170,10170,Card,Pending,314.25,2024-10-06
10171,10171,Card,Paid,857.9,2024-09-23
10172,10172,Bank Transfer,Paid,445.59,2022-11-13
10173,10173,PayPal,Pending,133.24,2024-10-09
10174,10174,PayPal,Paid,216.3,2025-06-20
10175,10175,Bank Transfer,Paid,358.92,2024-05-26
10176,10176,Bank Transfer,Paid,1016.55,2022-12-23
10177,10177,Bank Transfer,Paid,948.46,2023-10-25
10178,10178,PayPal,Refunded,828.51,2025-10-12
10179,10179,Invoice,Pending,263.72,2025-12-03
10180,10180,Bank Transfer,Pending,3361.76,2022-08-01
10181,10181,PayPal,Paid,897.82,2024-03-21
10182,10182,Invoice,Paid,457.51,2025-08-19
10183,10183,Bank Transfer,Pending,1087.11,2024-12-31
10184,10184,Card,Paid,422.04,2024-06-12
10185,10185,Invoice,Pending,303.15,2023-04-19
10186,10186,PayPal,Pending,1048.04,2023-06-02
10187,10187,PayPal,Paid,1126.75,2024-12-04
10188,10188,Bank Transfer,Pending,1531.63,2025-01-21
10189,10189,Bank Transfer,Paid,638.82,2025-03-12
10190,10190,Card,Paid,594.55,2025-08-18
10191,10191,Card,Paid,209.9,2022-08-28
10192,10192,Invoice,Paid,403.69,2023-08-18
10193,10193,PayPal,Paid,320.38,2024-06-11
10194,10194,Card,Paid,1132.08,2024-08-04
10195,10195,Invoice,Paid,912.49,2022-04-06
10196,10196,Card,Paid,154.97,2025-10-01
10197,10197,Card,Paid,136.9,2025-12-20
10198,10198,Bank Transfer,Refunded,142.99,2025-07-29
10199,10199,PayPal,Paid,311.72,2024-11-06
10200,10200,Bank Transfer,Paid,140.66,2022-10-23
10201,10201,Bank Transfer,Pending,80.16,2025-02-12
10202,10202,Card,Paid,871.92,2024-08-07
10203,10203,Bank Transfer,Paid,1004.65,2022-10-20
10204,10204,PayPal,Paid,1345.96,2024-08-14
10205,10205,Invoice,Paid,2100.11,2025-02-13
10206,10206,Bank Transfer,Pending,2470.89,2024-07-11
10207,10207,PayPal,Paid,898.02,2024-01-13
10208,10208,Invoice,Paid,1112.48,2022-12-27
10209,10209,PayPal,Paid,1215.19,2024-11-20
10210,10210,Bank Transfer,Pending,943.3,2025-08-25
10211,10211,Bank Transfer,Paid,706.13,2024-07-31
10212,10212,Bank Transfer,Paid,255.12,2025-08-29
10213,10213,Bank Transfer,Refunded,2502.4,2025-02-20
10214,10214,Card,Paid,205.2,2023-01-07
10215,10215,Invoice,Refunded,916.12,2023-12-12
10216,10216,Invoice,Paid,2226.07,2022-11-15
10217,10217,Invoice,Paid,1340.37,2024-09-05
10218,10218,PayPal,Paid,718.06,2023-07-09
10219,10219,Bank Transfer,Refunded,1467.04,2022-07-02
10220,10220,PayPal,Pending,440.3,2022-11-29
10221,10221,Card,Paid,56.77,2024-12-07
10222,10222,PayPal,Paid,867.68,2022-04-02
10223,10223,Bank Transfer,Paid,3165.5,2025-10-24
10224,10224,Invoice,Pending,460.91,2022-03-24
10225,10225,Bank Transfer,Paid,860.22,2023-08-31
10226,10226,PayPal,Paid,1015.33,2025-08-20
10227,10227,Bank Transfer,Paid,1067.1,2024-02-08
10228,10228,Card,Refunded,695.66,2025-12-25
10229,10229,PayPal,Paid,3211.6,2022-10-10
10230,10230,Card,Paid,2475.63,2022-07-18
10231,10231,Bank Transfer,Paid,3723.44,2025-11-13
10232,10232,Card,Refunded,551.74,2022-05-14
10233,10233,Card,Paid,669.02,2024-04-24
10234,10234,PayPal,Pending,3403.0,2024-10-17
10235,10235,Card,Paid,1521.12,2022-12-03
10236,10236,Invoice,Paid,965.63,2023-05-01
10237,10237,Invoice,Paid,890.56,2022-09-09
10238,10238,Card,Paid,453.71,2022-04-29
10239,10239,Card,Paid,1486.38,2023-04-11
10240,10240,Bank Transfer,Paid,620.82,2025-05-30
10241,10241,Card,Paid,295.19,2025-09-08
10242,10242,Invoice,Paid,104.63,2022-12-25
10243,10243,Bank Transfer,Pending,561.31,2023-10-12
10244,10244,Bank Transfer,Paid,2581.0,2023-02-02
10245,10245,Bank Transfer,Pending,2219.94,2025-05-13
10246,10246,PayPal,Refunded,3083.72,2023-10-04
10247,10247,Invoice,Paid,890.04,2024-06-04
10248,10248,Invoice,Paid,1252.32,2022-06-24
10249,10249,Bank Transfer,Paid,453.81,2024-12-28
10250,10250,Card,Refunded,646.18,2024-12-16
10251,10251,Invoice,Paid,5632.83,2022-11-18
10252,10252,PayPal,Paid,986.02,2022-12-29
10253,10253,Invoice,Refunded,911.16,2024-04-14
10254,10254,Invoice,Paid,254.65,2024-03-12
10255,10255,Bank Transfer,Paid,225.49,2022-09-06
10256,10256,Invoice,Paid,1045.78,2022-11-08
10257,10257,PayPal,Pending,1884.38,2022-07-23
10258,10258,Card,Paid,2877.85,2024-02-28
10259,10259,Invoice,Pending,1177.6,2025-03-31
10260,10260,PayPal,Paid,1167.16,2022-03-28
10261,10261,Card,Pending,740.3,2025-12-04
10262,10262,Card,Paid,892.09,2022-09-23
10263,10263,PayPal,Paid,887.52,2022-07-20
10264,10264,Bank Transfer,Paid,465.05,2025-11-03
10265,10265,Card,Paid,1057.0,2023-02-13
10266,10266,Invoice,Paid,222.92,2023-10-03
10267,10267,Card,Paid,1263.56,2023-09-03
10268,10268,Bank Transfer,Paid,564.32,2022-01-06
10269,10269,Invoice,Paid,99.03,2023-05-19
10270,10270,Card,Paid,2743.07,2023-04-03
10271,10271,Card,Paid,4159.27,2024-11-04
10272,10272,PayPal,Paid,1476.12,2023-06-20
10273,10273,Bank Transfer,Pending,326.62,2024-03-18
10274,10274,Invoice,Paid,329.0,2025-09-20
10275,10275,Card,Paid,373.41,2024-05-12
10276,10276,PayPal,Paid,2670.97,2022-07-18
10277,10277,Bank Transfer,Paid,2601.7,2025-11-28
10278,10278,Bank Transfer,Paid,576.19,2023-04-08
10279,10279,Bank Transfer,Paid,3034.33,2022-08-28
10280,10280,PayPal,Pending,2196.83,2024-11-21
10281,10281,Bank Transfer,Paid,990.25,2024-04-03
10282,10282,Bank Transfer,Paid,913.85,2024-07-08
10283,10283,Bank Transfer,Paid,358.29,2024-05-11
10284,10284,PayPal,Refunded,883.13,2024-08-21
10285,10285,Bank Transfer,Paid,1528.9,2022-06-13
10286,10286,Card,Paid,704.68,2023-11-06
10287,10287,PayPal,Refunded,524.72,2023-04-22
10288,10288,Card,Paid,578.04,2023-06-30
10289,10289,Card,Refunded,3422.48,2025-11-24
10290,10290,Card,Paid,404.45,2023-07-27
10291,10291,Invoice,Pending,724.98,2023-06-04
10292,10292,Card,Pending,834.19,2022-10-09
10293,10293,Invoice,Pending,224.16,2024-11-10
10294,10294,Card,Paid,1062.97,2022-09-20
10295,10295,Invoice,Paid,2094.27,2023-05-10
10296,10296,Invoice,Pending,518.07,2025-05-23
10297,10297,Invoice,Paid,3806.61,2022-10-24
10298,10298,PayPal,Paid,1241.41,2023-01-02
10299,10299,Card,Refunded,439.32,2022-08-14
10300,10300,PayPal,Paid,361.31,2023-05-13
10301,10301,Bank Transfer,Refunded,1683.53,2025-04-10
10302,10302,Bank Transfer,Paid,1095.83,2023-03-22
10303,10303,Invoice,Paid,2628.19,2022-04-23
10304,10304,PayPal,Paid,1153.64,2023-09-05
10305,10305,PayPal,Paid,304.32,2023-07-28
10306,10306,PayPal,Paid,292.67,2022-08-31
10307,10307,Invoice,Paid,541.2,2025-06-06
10308,10308,PayPal,Paid,61.82,2024-09-07
10309,10309,Invoice,Paid,380.71,2024-03-22
10310,10310,PayPal,Paid,553.41,2023-09-17
10311,10311,PayPal,Paid,2828.59,2022-02-26
10312,10312,Invoice,Paid,2682.33,2023-01-17
10313,10313,Bank Transfer,Paid,521.44,2024-11-07
10314,10314,PayPal,Paid,266.52,2023-11-01
10315,10315,Card,Paid,292.29,2022-01-19
10316,10316,Bank Transfer,Refunded,4294.1,2025-04-19
10317,10317,Bank Transfer,Paid,710.55,2023-09-19
10318,10318,Card,Paid,1252.32,2024-10-30
10319,10319,Invoice,Paid,469.86,2024-09-28
10320,10320,Card,Paid,2222.47,2024-09-25
10321,10321,Invoice,Pending,323.07,2023-07-29
10322,10322,Invoice,Paid,429.47,2023-01-24
10323,10323,Bank Transfer,Paid,328.5,2022-10-11
10324,10324,PayPal,Paid,475.95,2024-12-23
10325,10325,Bank Transfer,Paid,3652.07,2022-08-06
10326,10326,Invoice,Refunded,1676.54,2025-08-17
10327,10327,PayPal,Paid,2043.16,2025-12-01
10328,10328,PayPal,Paid,557.08,2025-11-12
10329,10329,PayPal,Paid,755.43,2022-03-28
10330,10330,Bank Transfer,Paid,1027.26,2025-05-24
10331,10331,Invoice,Paid,528.62,2025-05-20
10332,10332,Bank Transfer,Paid,901.69,2024-08-06
10333,10333,Bank Transfer,Paid,464.13,2025-11-02
10334,10334,Card,Paid,1116.77,2023-12-12
10335,10335,Card,Paid,1313.32,2024-11-29
10336,10336,Bank Transfer,Pending,2102.95,2023-01-09
10337,10337,Invoice,Paid,1480.54,2024-09-07
10338,10338,PayPal,Paid,412.3,2023-07-08
10339,10339,PayPal,Paid,438.12,2025-08-29
10340,10340,Invoice,Paid,1645.79,2024-02-22
10341,10341,PayPal,Paid,394.43,2022-11-05
10342,10342,Card,Pending,3140.81,2024-10-06
10343,10343,Bank Transfer,Paid,682.75,2022-09-02
10344,10344,Invoice,Paid,679.88,2023-05-07
10345,10345,Bank Transfer,Paid,1071.35,2025-07-02
10346,10346,PayPal,Paid,719.46,2022-11-29
10347,10347,Bank Transfer,Paid,750.56,2024-03-29
10348,10348,Bank Transfer,Paid,3727.41,2023-06-11
10349,10349,Bank Transfer,Paid,192.1,2025-09-07
10350,10350,Card,Paid,98.89,2023-12-23
10351,10351,Invoice,Pending,1057.23,2024-12-06
10352,10352,PayPal,Paid,733.02,2025-10-08
10353,10353,Card,Paid,798.33,2023-05-05
10354,10354,Card,Pending,1354.83,2025-01-30
10355,10355,PayPal,Paid,1809.55,2024-05-21
10356,10356,Bank Transfer,Paid,1046.45,2025-07-06
10357,10357,Invoice,Paid,909.88,2023-12-15
10358,10358,Invoice,Paid,141.37,2023-05-01
10359,10359,PayPal,Paid,384.17,2025-06-08
10360,10360,Card,Pending,303.66,2022-09-19
10361,10361,Bank Transfer,Refunded,1069.49,2024-09-29
10362,10362,Invoice,Paid,942.3,2022-12-25
10363,10363,Card,Paid,111.52,2024-01-15
10364,10364,Bank Transfer,Paid,43.76,2024-04-22
10365,10365,Card,Pending,111.15,2023-10-22
10366,10366,Card,Paid,521.6,2022-12-11
10367,10367,Card,Paid,531.25,2025-09-16
10368,10368,PayPal,Paid,1412.46,2025-10-22
10369,10369,PayPal,Paid,952.79,2023-05-30
10370,10370,Invoice,Refunded,3660.25,2024-03-21
10371,10371,PayPal,Paid,291.65,2024-04-02
10372,10372,Card,Paid,2706.83,2024-08-05
10373,10373,Card,Paid,808.75,2025-11-23
10374,10374,PayPal,Paid,324.03,2025-05-31
10375,10375,PayPal,Paid,314.98,2022-01-07
10376,10376,Card,Paid,1512.59,2022-09-11
10377,10377,PayPal,Pending,544.67,2025-10-30
10378,10378,PayPal,Paid,311.32,2024-09-19
10379,10379,Bank Transfer,Paid,2736.2,2024-10-14
10380,10380,Bank Transfer,Paid,1444.05,2023-05-05
10381,10381,PayPal,Paid,238.77,2023-12-24
10382,10382,Card,Paid,763.17,2022-05-29
10383,10383,Bank Transfer,Paid,391.52,2023-02-13
10384,10384,Card,Paid,1700.7,2022-05-01
10385,10385,Card,Pending,776.38,2023-04-15
10386,10386,Card,Paid,189.68,2025-07-05
10387,10387,Card,Paid,1349.89,2025-08-13
10388,10388,Card,Pending,1070.75,2025-05-05
10389,10389,PayPal,Paid,1681.38,2025-11-25
10390,10390,Bank Transfer,Paid,499.49,2023-08-10
10391,10391,Card,Paid,737.09,2022-11-28
10392,10392,Invoice,Pending,2568.4,2023-01-18
10393,10393,Invoice,Paid,1277.67,2024-09-24
10394,10394,PayPal,Pending,438.19,2024-09-24
10395,10395,Bank Transfer,Paid,378.65,2024-02-02
10396,10396,Invoice,Paid,789.39,2022-07-21
10397,10397,PayPal,Paid,172.05,2022-11-22
10398,10398,PayPal,Paid,2884.87,2023-03-29
10399,10399,Card,Paid,333.47,2023-11-29
10400,10400,PayPal,Pending,1280.76,2022-09-29
10401,10401,Invoice,Paid,437.42,2025-04-06
10402,10402,Bank Transfer,Paid,2357.77,2022-06-20
10403,10403,Invoice,Paid,803.79,2022-04-05
10404,10404,Invoice,Paid,1639.77,2024-10-29
10405,10405,Bank Transfer,Refunded,2252.15,2024-08-06
10406,10406,PayPal,Pending,259.59,2025-06-08
10407,10407,Card,Paid,982.35,2024-04-21
10408,10408,Card,Paid,1801.03,2025-12-09
10409,10409,Bank Transfer,Pending,1367.99,2025-11-17
10410,10410,Invoice,Pending,285.58,2023-12-16
10411,10411,PayPal,Paid,774.53,2024-12-17
10412,10412,Bank Transfer,Paid,290.85,2023-11-19
10413,10413,Card,Pending,3408.82,2024-07-04
10414,10414,Invoice,Paid,1359.41,2025-07-16
10415,10415,PayPal,Paid,271.97,2025-09-10
10416,10416,Card,Paid,1728.19,2025-10-08
10417,10417,Bank Transfer,Paid,3087.78,2024-07-21
10418,10418,PayPal,Paid,1216.39,2025-11-29
10419,10419,PayPal,Paid,1223.92,2025-06-13
10420,10420,Card,Paid,1437.29,2025-05-17
10421,10421,Card,Refunded,2804.17,2023-05-24
10422,10422,Invoice,Refunded,1420.93,2022-05-14
10423,10423,PayPal,Paid,2182.09,2023-04-07
10424,10424,PayPal,Refunded,517.54,2025-08-28
10425,10425,Bank Transfer,Pending,513.32,2024-02-18
10426,10426,PayPal,Paid,178.65,2023-11-23
10427,10427,Bank Transfer,Paid,185.31,2024-12-27
10428,10428,Card,Paid,1783.07,2025-09-21
10429,10429,Bank Transfer,Paid,1460.58,2022-09-13
10430,10430,Card,Pending,419.29,2023-04-19
10431,10431,Bank Transfer,Paid,632.23,2024-07-13
10432,10432,Bank Transfer,Paid,276.54,2024-02-20
10433,10433,PayPal,Paid,965.67,2023-10-25
10434,10434,Invoice,Paid,1150.92,2023-11-25
10435,10435,PayPal,Paid,2073.44,2022-06-20
10436,10436,PayPal,Paid,908.69,2025-06-14
10437,10437,Card,Paid,1361.48,2022-02-08
10438,10438,PayPal,Paid,2985.22,2022-04-14
10439,10439,Bank Transfer,Paid,2782.54,2025-04-27
10440,10440,Card,Paid,704.15,2024-03-27
10441,10441,Invoice,Pending,356.35,2023-03-01
10442,10442,Invoice,Paid,2388.51,2024-05-18
10443,10443,Bank Transfer,Refunded,1221.84,2024-05-15
10444,10444,Bank Transfer,Paid,313.56,2025-03-30
10445,10445,PayPal,Paid,2298.62,2023-04-02
10446,10446,Bank Transfer,Paid,5682.87,2024-10-25
10447,10447,Card,Refunded,2683.42,2025-10-08
10448,10448,Invoice,Paid,2992.95,2022-03-25
10449,10449,Invoice,Paid,1553.64,2024-12-17
10450,10450,PayPal,Paid,331.35,2023-07-02
10451,10451,Invoice,Paid,3178.3,2023-04-12
10452,10452,Card,Paid,512.05,2025-03-17
10453,10453,Bank Transfer,Paid,2457.25,2024-01-19
10454,10454,PayPal,Pending,2104.48,2023-04-13
10455,10455,Card,Paid,1683.2,2025-11-21
10456,10456,Card,Paid,877.95,2025-06-17
10457,10457,Invoice,Paid,278.86,2022-10-03
10458,10458,PayPal,Paid,727.49,2023-08-17
10459,10459,Card,Paid,1268.7,2025-01-21
10460,10460,Bank Transfer,Paid,457.36,2023-04-04
10461,10461,Invoice,Paid,962.66,2024-11-17
10462,10462,Card,Pending,5220.07,2022-06-11
10463,10463,Bank Transfer,Paid,1055.1,2023-09-22
10464,10464,PayPal,Pending,186.75,2024-09-25
10465,10465,Invoice,Pending,476.31,2024-09-16
10466,10466,PayPal,Paid,2714.34,2023-01-19
10467,10467,Bank Transfer,Refunded,1061.7,2022-06-20
10468,10468,Card,Refunded,344.44,2024-01-26
10469,10469,Bank Transfer,Pending,881.75,2023-05-06
10470,10470,Bank Transfer,Paid,1131.23,2023-03-14
10471,10471,Invoice,Pending,3485.93,2024-01-14
10472,10472,Card,Paid,824.38,2024-12-22
10473,10473,Invoice,Paid,1344.28,2024-09-06
10474,10474,Card,Paid,812.59,2022-03-19
10475,10475,Bank Transfer,Refunded,463.23,2024-08-30
10476,10476,Invoice,Paid,2067.56,2022-12-16
10477,10477,Card,Paid,198.95,2025-10-09
10478,10478,Card,Paid,194.21,2022-02-19
10479,10479,Invoice,Paid,506.06,2024-07-22
10480,10480,Card,Paid,871.26,2024-07-14
10481,10481,PayPal,Paid,1001.57,2025-04-25
10482,10482,Invoice,Paid,1546.74,2023-03-21
10483,10483,Invoice,Paid,551.07,2024-02-05
10484,10484,PayPal,Paid,413.41,2022-05-04
10485,10485,PayPal,Paid,869.04,2025-03-19
10486,10486,PayPal,Paid,556.43,2023-03-01
10487,10487,Bank Transfer,Paid,1509.11,2025-09-03
10488,10488,Card,Paid,1565.94,2024-12-07
10489,10489,PayPal,Paid,712.2,2023-03-17
10490,10490,Bank Transfer,Paid,979.48,2025-12-14
10491,10491,Invoice,Paid,990.85,2024-11-18
10492,10492,PayPal,Refunded,290.74,2024-04-11
10493,10493,PayPal,Paid,518.24,2025-09-02
10494,10494,Invoice,Paid,1850.62,2023-01-30
10495,10495,PayPal,Pending,435.33,2023-07-16
10496,10496,Card,Pending,161.73,2023-08-13
10497,10497,Bank Transfer,Paid,1144.99,2025-10-27
10498,10498,Invoice,Paid,183.21,2025-12-25
10499,10499,Card,Paid,295.6,2023-03-16
10500,10500,Bank Transfer,Paid,823.48,2025-08-17
10501,10501,Card,Pending,1522.2,2025-07-02
10502,10502,Invoice,Paid,949.56,2022-12-03
10503,10503,Invoice,Paid,495.12,2023-05-12
10504,10504,PayPal,Paid,566.57,2023-10-21
10505,10505,PayPal,Pending,3596.25,2023-07-10
10506,10506,Card,Paid,1855.35,2023-06-01
10507,10507,Bank Transfer,Paid,2390.96,2024-03-13
10508,10508,Card,Paid,452.49,2025-06-13
10509,10509,Card,Paid,1654.82,2022-01-17
10510,10510,Invoice,Paid,813.63,2023-06-14
10511,10511,PayPal,Paid,258.86,2024-08-10
10512,10512,Card,Paid,1255.28,2023-10-07
10513,10513,Card,Paid,86.78,2023-07-07
10514,10514,Bank Transfer,Paid,1668.2,2023-04-16
10515,10515,Card,Paid,976.89,2022-07-18
10516,10516,Bank Transfer,Refunded,787.16,2024-02-04
10517,10517,Card,Paid,537.75,2024-06-15
10518,10518,Card,Paid,87.44,2022-05-08
10519,10519,Bank Transfer,Paid,266.36,2024-10-10
10520,10520,Bank Transfer,Paid,2403.57,2025-09-08
10521,10521,Invoice,Paid,919.84,2024-04-20
10522,10522,Bank Transfer,Paid,221.4,2025-10-15
10523,10523,Card,Paid,553.86,2023-03-12
10524,10524,Card,Paid,1847.08,2024-12-27
10525,10525,Invoice,Paid,2625.76,2023-11-24
10526,10526,Bank Transfer,Paid,333.5,2024-01-31
10527,10527,Card,Paid,110.97,2024-10-22
10528,10528,Card,Pending,775.24,2025-02-22
10529,10529,Invoice,Refunded,177.96,2023-11-01
10530,10530,Invoice,Pending,297.86,2022-06-15
10531,10531,Bank Transfer,Pending,196.84,2025-06-25
10532,10532,Bank Transfer,Paid,317.5,2025-06-26
10533,10533,Bank Transfer,Pending,2385.88,2025-06-19
10534,10534,PayPal,Paid,3672.2,2025-10-10
10535,10535,Invoice,Paid,958.09,2022-03-14
10536,10536,PayPal,Paid,954.76,2023-09-04
10537,10537,Bank Transfer,Paid,1050.66,2023-01-16
10538,10538,PayPal,Paid,1759.55,2023-03-16
10539,10539,PayPal,Pending,1632.34,2024-03-13
10540,10540,Invoice,Paid,679.59,2024-05-08
10541,10541,PayPal,Paid,2555.72,2025-02-07
10542,10542,Card,Paid,1188.59,2023-02-02
10543,10543,Invoice,Pending,754.04,2024-04-02
10544,10544,Bank Transfer,Pending,695.82,2025-05-14
10545,10545,Bank Transfer,Paid,1009.36,2022-04-22
10546,10546,Card,Paid,750.74,2022-03-15
10547,10547,Bank Transfer,Paid,439.05,2022-03-18
10548,10548,Invoice,Paid,36.45,2023-05-28
10549,10549,PayPal,Pending,247.1,2025-02-15
10550,10550,PayPal,Refunded,1364.12,2023-04-25
10551,10551,Invoice,Pending,343.63,2022-11-05
10552,10552,Bank Transfer,Paid,1771.74,2025-11-20
10553,10553,Card,Paid,469.14,2023-10-06
10554,10554,Card,Paid,117.6,2022-09-30
10555,10555,Invoice,Refunded,868.94,2023-08-08
10556,10556,Card,Refunded,1360.77,2023-09-24
10557,10557,Invoice,Paid,137.98,2024-04-02
10558,10558,PayPal,Paid,894.86,2025-03-24
10559,10559,Bank Transfer,Paid,1263.19,2023-05-29
10560,10560,Invoice,Paid,1251.51,2023-04-10
10561,10561,Card,Pending,1135.84,2025-11-25
10562,10562,Bank Transfer,Paid,427.7,2022-04-23
10563,10563,Bank Transfer,Paid,485.08,2022-06-25
10564,10564,Invoice,Paid,255.14,2023-05-02
10565,10565,Bank Transfer,Paid,1567.95,2024-07-24
10566,10566,Invoice,Pending,875.22,2023-08-01
10567,10567,Card,Pending,341.11,2022-08-15
10568,10568,Bank Transfer,Paid,206.27,2024-03-28
10569,10569,Invoice,Paid,758.86,2024-04-05
10570,10570,Card,Pending,1787.76,2025-10-19
10571,10571,Invoice,Paid,324.09,2022-05-18
10572,10572,PayPal,Pending,508.74,2022-09-02
10573,10573,Bank Transfer,Pending,2305.24,2025-09-21
10574,10574,Invoice,Paid,2400.1,2024-11-21
10575,10575,Bank Transfer,Paid,3959.17,2024-12-04
10576,10576,Card,Paid,202.14,2025-06-03
10577,10577,Invoice,Pending,2049.51,2024-01-04
10578,10578,PayPal,Paid,824.67,2024-05-27
10579,10579,Card,Paid,158.45,2024-06-20
10580,10580,Card,Paid,3249.44,2024-11-27
10581,10581,Card,Paid,1416.44,2024-10-22
10582,10582,Invoice,Paid,118.47,2022-08-09
10583,10583,Bank Transfer,Pending,865.31,2024-08-30
10584,10584,PayPal,Paid,1478.04,2023-06-22
10585,10585,PayPal,Paid,2768.75,2022-12-15
10586,10586,Bank Transfer,Paid,510.2,2023-10-23
10587,10587,Bank Transfer,Paid,2558.63,2024-08-11
10588,10588,Bank Transfer,Paid,3547.11,2023-06-04
10589,10589,Bank Transfer,Paid,1040.0,2023-06-25
10590,10590,Invoice,Paid,1369.5,2022-07-18
10591,10591,Invoice,Paid,1691.53,2025-09-08
10592,10592,Bank Transfer,Paid,390.29,2024-05-09
10593,10593,Bank Transfer,Paid,918.34,2022-03-18
10594,10594,PayPal,Refunded,354.27,2025-11-20
10595,10595,Invoice,Paid,275.16,2025-11-21
10596,10596,Invoice,Pending,431.25,2025-08-23
10597,10597,Bank Transfer,Paid,6119.0,2024-12-13
10598,10598,Bank Transfer,Pending,2344.24,2025-03-29
10599,10599,Invoice,Paid,1151.58,2024-06-02
10600,10600,Bank Transfer,Paid,2721.54,2022-06-07
10601,10601,PayPal,Pending,133.86,2022-02-20
10602,10602,PayPal,Pending,1066.15,2024-08-08
10603,10603,Bank Transfer,Paid,1324.38,2023-06-13
10604,10604,Invoice,Paid,1338.99,2024-04-03
10605,10605,Card,Paid,1671.63,2025-10-17
10606,10606,Invoice,Paid,1509.35,2022-04-21
10607,10607,Card,Paid,144.55,2024-04-29
10608,10608,Bank Transfer,Paid,578.68,2023-07-14
10609,10609,PayPal,Pending,1462.08,2022-08-16
10610,10610,PayPal,Paid,1746.0,2025-03-26
10611,10611,PayPal,Paid,353.06,2024-06-06
10612,10612,Bank Transfer,Paid,279.44,2023-07-03
10613,10613,PayPal,Paid,419.94,2024-08-30
10614,10614,Bank Transfer,Pending,1647.57,2025-05-08
10615,10615,PayPal,Paid,644.65,2024-04-27
10616,10616,Card,Paid,3820.78,2025-01-27
10617,10617,Invoice,Paid,325.95,2025-11-22
10618,10618,Invoice,Pending,1180.69,2024-02-07
10619,10619,Invoice,Paid,330.35,2024-04-27
10620,10620,Bank Transfer,Paid,2605.32,2024-11-12
10621,10621,PayPal,Paid,1263.35,2024-06-19
10622,10622,Card,Paid,704.38,2025-09-09
10623,10623,Bank Transfer,Paid,427.0,2022-03-31
10624,10624,Card,Refunded,116.98,2023-12-27
10625,10625,Card,Paid,1245.01,2024-06-06
10626,10626,Card,Pending,2913.93,2024-02-17
10627,10627,Invoice,Paid,18.47,2022-04-23
10628,10628,Bank Transfer,Paid,1035.92,2023-08-02
10629,10629,Bank Transfer,Pending,5107.36,2023-11-28
10630,10630,Bank Transfer,Paid,1980.8,2023-01-25
10631,10631,Invoice,Pending,1498.67,2023-04-14
10632,10632,PayPal,Paid,1054.83,2023-10-09
10633,10633,Invoice,Paid,728.95,2022-05-21
10634,10634,Bank Transfer,Pending,2936.16,2022-06-25
10635,10635,Bank Transfer,Paid,923.24,2024-02-09
10636,10636,Invoice,Paid,1137.63,2023-08-29
10637,10637,Invoice,Paid,418.8,2023-07-04
10638,10638,Card,Paid,664.6,2022-04-06
10639,10639,Bank Transfer,Paid,1181.38,2023-12-18
10640,10640,Card,Paid,822.8,2023-10-11
10641,10641,Card,Paid,1976.06,2024-10-29
10642,10642,Bank Transfer,Pending,532.88,2025-08-05
10643,10643,Bank Transfer,Paid,1066.72,2025-05-20
10644,10644,Invoice,Refunded,1098.74,2023-04-30
10645,10645,PayPal,Paid,253.27,2024-11-01
10646,10646,PayPal,Paid,1902.54,2022-12-01
10647,10647,Card,Pending,1677.26,2022-12-04
10648,10648,Card,Paid,2592.54,2023-07-13
10649,10649,Bank Transfer,Paid,951.44,2025-05-19
10650,10650,PayPal,Paid,355.12,2022-06-16
10651,10651,Bank Transfer,Paid,2154.43,2024-03-14
10652,10652,Invoice,Refunded,534.38,2023-09-11
10653,10653,Card,Paid,492.83,2023-11-22
10654,10654,PayPal,Refunded,937.73,2025-11-05
10655,10655,Card,Paid,235.36,2023-03-11
10656,10656,Bank Transfer,Paid,1368.33,2022-07-08
10657,10657,Invoice,Paid,117.22,2024-05-02
10658,10658,PayPal,Pending,518.37,2024-05-31
10659,10659,Card,Paid,258.6,2022-11-28
10660,10660,Card,Paid,100.13,2023-12-11
10661,10661,Bank Transfer,Paid,3923.59,2022-03-02
10662,10662,Bank Transfer,Paid,1209.56,2024-08-19
10663,10663,Invoice,Paid,97.86,2024-09-01
10664,10664,Bank Transfer,Paid,1446.28,2023-08-09
10665,10665,Invoice,Paid,594.43,2024-11-20
10666,10666,Bank Transfer,Paid,483.16,2025-10-02
10667,10667,Invoice,Paid,1337.22,2023-12-29
10668,10668,Invoice,Paid,1891.15,2024-06-22
10669,10669,Card,Refunded,862.47,2024-09-23
10670,10670,Bank Transfer,Refunded,1501.53,2022-06-14
10671,10671,Bank Transfer,Paid,1343.49,2023-05-27
10672,10672,PayPal,Paid,335.21,2024-05-16
10673,10673,Invoice,Paid,279.03,2024-10-09
10674,10674,Invoice,Paid,3978.03,2025-09-07
10675,10675,Bank Transfer,Paid,2376.71,2024-09-03
10676,10676,Invoice,Pending,120.75,2023-10-23
10677,10677,PayPal,Paid,1106.23,2025-09-08
10678,10678,Bank Transfer,Paid,102.06,2023-01-14
10679,10679,Bank Transfer,Pending,306.09,2025-02-10
10680,10680,Card,Paid,619.38,2025-11-17
10681,10681,Bank Transfer,Paid,2719.94,2023-05-24
10682,10682,PayPal,Paid,570.56,2025-01-07
10683,10683,Card,Paid,533.91,2024-11-16
10684,10684,Bank Transfer,Paid,645.03,2024-08-13
10685,10685,Card,Paid,1910.42,2025-07-01
10686,10686,Bank Transfer,Paid,656.39,2023-11-25
10687,10687,Bank Transfer,Paid,2877.15,2023-08-23
10688,10688,Invoice,Paid,2079.65,2023-12-04
10689,10689,Invoice,Pending,1697.37,2023-12-03
10690,10690,Invoice,Paid,1474.7,2023-07-16
10691,10691,PayPal,Pending,1642.2,2022-11-24
10692,10692,Bank Transfer,Paid,562.6,2022-05-11
10693,10693,Invoice,Pending,713.89,2025-06-17
10694,10694,Bank Transfer,Pending,327.54,2023-12-05
10695,10695,Invoice,Paid,1297.6,2024-07-25
10696,10696,Invoice,Paid,2364.13,2024-10-20
10697,10697,Bank Transfer,Paid,1267.08,2025-08-11
10698,10698,PayPal,Paid,675.92,2022-04-22
10699,10699,PayPal,Paid,748.13,2024-12-27
10700,10700,Card,Paid,845.53,2022-12-23
10701,10701,Card,Paid,2406.88,2025-09-26
10702,10702,Card,Paid,1254.41,2024-11-26
10703,10703,Bank Transfer,Paid,1246.49,2024-12-15
10704,10704,Invoice,Pending,927.52,2022-04-16
10705,10705,Bank Transfer,Paid,1184.66,2022-02-17
10706,10706,Card,Paid,288.86,2023-12-16
10707,10707,Card,Paid,831.64,2023-05-02
10708,10708,Card,Paid,1013.76,2022-06-06
10709,10709,Card,Paid,2489.09,2025-04-04
10710,10710,Bank Transfer,Paid,69.15,2025-05-24
10711,10711,Invoice,Paid,456.46,2024-05-09
10712,10712,PayPal,Paid,427.39,2025-12-03
10713,10713,Bank Transfer,Paid,824.83,2025-06-20
10714,10714,Card,Refunded,1896.25,2022-01-03
10715,10715,PayPal,Paid,1069.08,2022-05-29
10716,10716,Card,Paid,1924.86,2022-10-02
10717,10717,Bank Transfer,Pending,3862.43,2023-03-11
10718,10718,Invoice,Paid,709.71,2023-07-11
10719,10719,Bank Transfer,Paid,466.58,2022-12-27
10720,10720,Bank Transfer,Pending,922.96,2024-08-26
10721,10721,Card,Refunded,812.8,2022-10-11
10722,10722,Bank Transfer,Paid,185.26,2024-02-28
10723,10723,PayPal,Paid,1532.41,2025-03-24
10724,10724,PayPal,Paid,1663.45,2024-04-05
10725,10725,Card,Paid,240.08,2024-10-26
10726,10726,PayPal,Paid,1023.68,2022-08-31
10727,10727,Card,Paid,391.1,2022-09-30
10728,10728,Invoice,Paid,158.82,2025-02-22
10729,10729,Bank Transfer,Paid,1092.51,2024-07-15
10730,10730,Invoice,Paid,238.27,2024-07-07
10731,10731,Bank Transfer,Paid,1072.28,2022-06-11
10732,10732,PayPal,Paid,493.04,2024-07-21
10733,10733,Card,Paid,913.04,2022-08-18
10734,10734,PayPal,Pending,767.47,2022-04-21
10735,10735,Invoice,Paid,768.82,2024-04-15
10736,10736,Bank Transfer,Paid,855.08,2025-06-28
10737,10737,Card,Refunded,1892.67,2024-09-28
10738,10738,Invoice,Paid,2050.67,2024-01-20
10739,10739,Invoice,Paid,38.46,2025-10-18
10740,10740,PayPal,Paid,596.54,2022-01-13
10741,10741,Invoice,Pending,580.56,2023-09-16
10742,10742,Card,Paid,186.57,2024-07-11
10743,10743,PayPal,Paid,810.0,2025-09-04
10744,10744,Bank Transfer,Pending,2630.2,2025-08-29
10745,10745,Invoice,Paid,2315.67,2025-06-04
10746,10746,Bank Transfer,Paid,896.37,2025-08-15
10747,10747,Bank Transfer,Refunded,429.15,2024-03-21
10748,10748,PayPal,Paid,1470.89,2023-01-30
10749,10749,Card,Paid,836.03,2022-11-12
10750,10750,Bank Transfer,Paid,942.09,2025-09-29
10751,10751,Bank Transfer,Paid,1912.46,2024-10-18
10752,10752,Bank Transfer,Paid,297.82,2022-11-09
10753,10753,PayPal,Paid,2113.0,2024-10-09
10754,10754,PayPal,Pending,1025.99,2024-09-27
10755,10755,Card,Paid,1699.45,2023-12-10
10756,10756,Card,Paid,378.06,2023-10-27
10757,10757,Bank Transfer,Paid,37.91,2023-08-05
10758,10758,Bank Transfer,Paid,159.06,2024-11-23
10759,10759,Bank Transfer,Pending,823.28,2023-12-23
10760,10760,Invoice,Refunded,760.8,2024-12-16
10761,10761,Invoice,Pending,776.64,2023-04-11
10762,10762,Bank Transfer,Paid,873.39,2023-10-07
10763,10763,PayPal,Pending,2356.86,2022-04-02
10764,10764,Card,Paid,1230.61,2025-01-19
10765,10765,PayPal,Paid,1172.2,2023-09-19
10766,10766,Card,Paid,2199.23,2023-11-22
10767,10767,Bank Transfer,Paid,1041.8,2022-05-06
10768,10768,Card,Refunded,1244.74,2023-06-01
10769,10769,Invoice,Paid,457.01,2025-08-02
10770,10770,PayPal,Paid,754.53,2023-05-08
10771,10771,Invoice,Paid,5258.82,2023-12-10
10772,10772,Bank Transfer,Paid,139.19,2024-05-27
10773,10773,Invoice,Paid,2115.48,2024-03-24
10774,10774,Bank Transfer,Paid,2059.93,2024-05-10
10775,10775,Bank Transfer,Paid,894.51,2023-09-22
10776,10776,Bank Transfer,Paid,2421.21,2024-02-17
10777,10777,Card,Paid,1455.24,2025-08-20
10778,10778,PayPal,Paid,444.21,2022-09-05
10779,10779,Invoice,Paid,1527.12,2025-01-24
10780,10780,Card,Paid,3192.99,2022-03-06
10781,10781,Invoice,Paid,2826.09,2023-06-02
10782,10782,Card,Paid,2332.41,2023-05-19
10783,10783,Invoice,Refunded,336.6,2023-11-03
10784,10784,PayPal,Paid,331.93,2024-12-25
10785,10785,Bank Transfer,Paid,2996.35,2024-11-16
10786,10786,Invoice,Paid,474.69,2022-05-09
10787,10787,Bank Transfer,Paid,1120.49,2023-03-06
10788,10788,Invoice,Pending,967.59,2023-02-24
10789,10789,Card,Paid,1042.54,2023-12-28
10790,10790,PayPal,Paid,481.5,2022-06-09
10791,10791,PayPal,Pending,3701.02,2023-12-06
10792,10792,Invoice,Refunded,1074.71,2023-12-21
10793,10793,PayPal,Paid,3619.3,2024-07-04
10794,10794,Card,Paid,166.22,2023-06-28
10795,10795,Invoice,Paid,630.62,2022-12-08
10796,10796,Card,Paid,968.17,2024-04-27
10797,10797,Bank Transfer,Refunded,373.29,2025-08-12
10798,10798,Invoice,Paid,42.26,2025-05-12
10799,10799,Invoice,Paid,1565.52,2024-09-05
10800,10800,Bank Transfer,Paid,2805.09,2024-11-24
10801,10801,PayPal,Pending,602.79,2023-03-25
10802,10802,Invoice,Paid,1079.3,2023-05-26
10803,10803,Bank Transfer,Paid,1346.13,2024-01-12
10804,10804,Bank Transfer,Paid,415.95,2022-06-22
10805,10805,PayPal,Paid,664.08,2025-05-24
10806,10806,PayPal,Paid,1231.12,2025-12-27
10807,10807,Card,Paid,353.39,2022-01-23
10808,10808,Card,Refunded,942.65,2024-01-03
10809,10809,Card,Paid,583.37,2025-07-16
10810,10810,Card,Paid,3637.56,2025-02-13
10811,10811,Invoice,Paid,2380.83,2025-05-05
10812,10812,Invoice,Paid,2098.72,2023-08-23
10813,10813,PayPal,Pending,612.36,2023-08-01
10814,10814,Bank Transfer,Refunded,2339.09,2022-02-19
10815,10815,Bank Transfer,Paid,263.86,2024-11-05
10816,10816,Invoice,Paid,226.97,2024-05-23
10817,10817,Card,Paid,206.85,2025-05-13
10818,10818,PayPal,Paid,2014.72,2023-12-30
10819,10819,PayPal,Paid,786.8,2024-06-20
10820,10820,Invoice,Paid,1138.78,2025-04-16
10821,10821,Invoice,Paid,139.61,2024-07-15
10822,10822,Card,Paid,72.26,2022-03-03
10823,10823,Bank Transfer,Pending,2933.81,2025-10-03
10824,10824,Invoice,Pending,284.01,2022-06-06
10825,10825,Invoice,Paid,1113.48,2022-05-21
10826,10826,Bank Transfer,Paid,1866.83,2025-09-16
10827,10827,PayPal,Paid,662.62,2024-06-06
10828,10828,Bank Transfer,Pending,1706.94,2024-01-12
10829,10829,Bank Transfer,Paid,1219.14,2024-05-11
10830,10830,Card,Pending,2854.22,2024-10-11
10831,10831,Invoice,Pending,819.7,2025-04-15
10832,10832,PayPal,Pending,367.33,2024-12-16
10833,10833,Invoice,Paid,918.45,2024-03-25
10834,10834,Bank Transfer,Paid,581.75,2023-05-07
10835,10835,Bank Transfer,Paid,461.92,2023-03-30
10836,10836,Invoice,Paid,1243.62,2024-12-03
10837,10837,Card,Paid,749.03,2024-04-10
10838,10838,Card,Refunded,1307.59,2022-12-18
10839,10839,PayPal,Paid,482.25,2022-04-10
10840,10840,PayPal,Refunded,117.85,2024-08-14
10841,10841,PayPal,Paid,2065.54,2025-12-10
10842,10842,PayPal,Pending,495.3,2024-07-24
10843,10843,Card,Pending,722.81,2025-07-11
10844,10844,Bank Transfer,Paid,805.79,2025-12-15
10845,10845,PayPal,Paid,3644.81,2022-06-05
10846,10846,Invoice,Paid,932.21,2024-12-17
10847,10847,Bank Transfer,Pending,133.45,2025-10-08
10848,10848,Card,Paid,17.29,2022-02-01
10849,10849,Bank Transfer,Pending,2467.49,2025-04-30
10850,10850,PayPal,Paid,1012.35,2023-09-11
10851,10851,Invoice,Pending,2380.7,2024-03-08
10852,10852,Card,Paid,1142.41,2022-12-02
10853,10853,PayPal,Paid,5499.34,2023-03-29
10854,10854,Card,Paid,5308.14,2024-01-30
10855,10855,PayPal,Paid,1499.63,2022-09-01
10856,10856,Card,Paid,834.53,2022-08-22
10857,10857,Card,Paid,1337.71,2023-11-28
10858,10858,Invoice,Paid,435.68,2023-11-09
10859,10859,PayPal,Paid,2491.55,2023-09-23
10860,10860,Bank Transfer,Pending,1490.85,2022-04-18
10861,10861,PayPal,Paid,1801.34,2022-11-11
10862,10862,Invoice,Pending,88.74,2024-08-04
10863,10863,PayPal,Pending,1105.16,2023-05-24
10864,10864,Card,Paid,985.42,2024-07-30
10865,10865,Card,Paid,2030.95,2023-09-03
10866,10866,Bank Transfer,Paid,161.22,2025-11-08
10867,10867,PayPal,Pending,598.87,2022-03-08
10868,10868,Bank Transfer,Paid,468.74,2023-09-10
10869,10869,Invoice,Paid,438.46,2025-06-23
10870,10870,Invoice,Pending,1463.14,2024-12-18
10871,10871,Invoice,Paid,414.85,2023-08-07
10872,10872,Bank Transfer,Pending,2018.86,2024-12-26
10873,10873,Card,Pending,1291.98,2023-06-11
10874,10874,Bank Transfer,Paid,1619.6,2023-07-11
10875,10875,Bank Transfer,Paid,2087.24,2023-01-01
10876,10876,PayPal,Paid,537.2,2023-06-19
10877,10877,PayPal,Paid,1307.24,2022-06-15
10878,10878,PayPal,Pending,658.48,2025-03-29
10879,10879,Card,Paid,1358.41,2022-12-15
10880,10880,Bank Transfer,Pending,608.25,2022-07-08
10881,10881,Bank Transfer,Paid,3712.61,2024-12-29
10882,10882,Card,Paid,889.59,2024-07-09
10883,10883,Invoice,Paid,1556.06,2023-03-07
10884,10884,Bank Transfer,Paid,286.22,2023-05-30
10885,10885,PayPal,Pending,71.07,2023-11-09
10886,10886,Card,Paid,1775.47,2023-06-26
10887,10887,Invoice,Pending,35.68,2024-12-27
10888,10888,PayPal,Paid,603.4,2022-06-15
10889,10889,Card,Paid,733.52,2025-02-22
10890,10890,Bank Transfer,Pending,259.79,2022-03-22
10891,10891,PayPal,Pending,874.85,2024-03-26
10892,10892,Invoice,Paid,146.98,2023-09-24
10893,10893,Bank Transfer,Paid,207.04,2025-11-29
10894,10894,Card,Refunded,1541.63,2023-10-19
10895,10895,Card,Paid,1675.77,2022-04-26
10896,10896,Invoice,Pending,307.62,2023-08-22
10897,10897,Invoice,Paid,3609.96,2022-04-15
10898,10898,Card,Refunded,941.76,2023-12-14
10899,10899,Bank Transfer,Pending,1844.08,2022-06-14
10900,10900,Invoice,Paid,260.81,2024-11-01
10901,10901,PayPal,Paid,1690.06,2024-05-26
10902,10902,Card,Pending,496.51,2023-05-06
10903,10903,Card,Pending,401.59,2022-10-25
10904,10904,PayPal,Paid,1259.08,2023-01-31
10905,10905,Card,Paid,403.94,2024-10-31
10906,10906,PayPal,Paid,99.91,2025-09-03
10907,10907,Bank Transfer,Paid,2407.89,2025-09-05
10908,10908,Card,Paid,631.42,2023-05-06
10909,10909,PayPal,Paid,999.96,2022-03-01
10910,10910,Card,Paid,876.13,2024-06-11
10911,10911,PayPal,Paid,1038.34,2023-04-25
10912,10912,PayPal,Pending,1036.77,2022-08-06
10913,10913,Card,Paid,719.35,2022-06-22
10914,10914,Card,Paid,2524.78,2023-07-14
10915,10915,Card,Pending,1143.93,2025-02-20
10916,10916,Card,Paid,31.29,2022-10-18
10917,10917,PayPal,Paid,2634.84,2025-06-08
10918,10918,Bank Transfer,Paid,428.77,2024-08-19
10919,10919,PayPal,Paid,918.97,2025-05-02
10920,10920,Invoice,Paid,421.42,2022-06-28
10921,10921,Bank Transfer,Paid,214.5,2022-03-02
10922,10922,Card,Paid,1436.42,2022-06-23
10923,10923,Card,Paid,688.66,2022-10-11
10924,10924,Bank Transfer,Paid,1736.63,2023-10-21
10925,10925,Card,Paid,1247.04,2022-12-27
10926,10926,Invoice,Paid,143.81,2024-04-01
10927,10927,Card,Paid,263.91,2023-06-22
10928,10928,Bank Transfer,Paid,1217.24,2023-08-21
10929,10929,Bank Transfer,Paid,488.54,2022-06-19
10930,10930,Bank Transfer,Pending,320.06,2023-10-21
10931,10931,Invoice,Paid,920.62,2023-11-18
10932,10932,PayPal,Pending,944.35,2022-09-01
10933,10933,Bank Transfer,Paid,486.69,2025-03-24
10934,10934,Card,Pending,381.45,2024-05-29
10935,10935,Bank Transfer,Paid,1092.86,2022-04-05
10936,10936,Invoice,Paid,105.53,2022-03-15
10937,10937,Card,Paid,2137.99,2022-04-05
10938,10938,PayPal,Pending,121.73,2023-04-24
10939,10939,Card,Paid,261.34,2025-05-30
10940,10940,Card,Paid,858.87,2024-05-14
10941,10941,Card,Pending,1073.59,2025-09-18
10942,10942,Bank Transfer,Pending,2770.21,2024-04-26
10943,10943,Card,Pending,443.25,2025-10-02
10944,10944,Bank Transfer,Paid,651.88,2024-10-21
10945,10945,Invoice,Paid,5460.03,2023-03-30
10946,10946,PayPal,Paid,193.67,2023-08-04
10947,10947,PayPal,Pending,696.44,2022-10-29
10948,10948,Bank Transfer,Paid,150.98,2024-08-28
10949,10949,Invoice,Paid,902.57,2022-12-23
10950,10950,PayPal,Paid,228.14,2023-12-08
10951,10951,Card,Refunded,295.56,2025-03-26
10952,10952,Invoice,Paid,71.75,2025-11-26
10953,10953,Bank Transfer,Paid,1507.85,2022-05-28
10954,10954,Bank Transfer,Paid,542.5,2023-11-30
10955,10955,Invoice,Paid,2243.48,2023-12-21
10956,10956,PayPal,Pending,2387.7,2022-06-20
10957,10957,PayPal,Paid,276.2,2025-02-14
10958,10958,PayPal,Pending,851.25,2022-10-14
10959,10959,Card,Paid,606.24,2025-10-31
10960,10960,Invoice,Paid,998.03,2023-03-14
10961,10961,Bank Transfer,Pending,650.18,2023-11-05
10962,10962,Bank Transfer,Paid,626.66,2024-12-22
10963,10963,Card,Pending,833.28,2022-02-07
10964,10964,Invoice,Paid,1150.84,2024-12-09
10965,10965,PayPal,Paid,1112.89,2023-12-31
10966,10966,PayPal,Paid,614.95,2024-08-07
10967,10967,Card,Pending,687.62,2023-05-25
10968,10968,Invoice,Pending,509.93,2024-11-19
10969,10969,Invoice,Paid,1362.75,2024-05-09
10970,10970,Card,Paid,1532.94,2023-01-31
10971,10971,Card,Paid,801.32,2023-10-16
10972,10972,Card,Paid,1530.3,2022-12-11
10973,10973,Bank Transfer,Paid,1414.97,2022-08-15
10974,10974,Card,Pending,274.13,2022-12-12
10975,10975,PayPal,Paid,1004.95,2024-12-22
10976,10976,Bank Transfer,Paid,106.06,2022-10-29
10977,10977,Bank Transfer,Paid,340.78,2023-08-09
10978,10978,Card,Paid,1913.77,2022-09-09
10979,10979,Card,Pending,1189.4,2022-05-26
10980,10980,PayPal,Paid,538.09,2022-08-25
10981,10981,Invoice,Paid,219.24,2024-10-04
10982,10982,Invoice,Refunded,315.93,2023-05-26
10983,10983,PayPal,Paid,1092.69,2023-11-29
10984,10984,Card,Paid,2459.52,2022-01-12
10985,10985,Bank Transfer,Paid,523.74,2022-02-22
10986,10986,Card,Pending,910.08,2025-08-09
10987,10987,Card,Paid,969.12,2025-08-13
10988,10988,Card,Paid,313.94,2023-09-08
10989,10989,Invoice,Paid,527.34,2025-11-09
10990,10990,Bank Transfer,Refunded,146.48,2024-12-20
10991,10991,PayPal,Pending,1724.69,2024-07-07
10992,10992,Bank Transfer,Paid,2988.37,2023-04-07
10993,10993,PayPal,Paid,460.76,2025-09-02
10994,10994,PayPal,Pending,2083.4,2024-12-15
10995,10995,PayPal,Pending,2524.39,2022-11-07
10996,10996,PayPal,Pending,946.26,2023-05-09
10997,10997,PayPal,Paid,5400.72,2025-11-30
10998,10998,PayPal,Paid,1548.03,2022-11-12
10999,10999,Bank Transfer,Paid,922.53,2022-09-08
11000,11000,Bank Transfer,Pending,1648.19,2024-06-29
11001,11001,Invoice,Paid,1047.36,2022-03-21
11002,11002,Bank Transfer,Refunded,708.42,2023-12-12
11003,11003,PayPal,Paid,3450.94,2022-01-13
11004,11004,Bank Transfer,Paid,1150.47,2024-08-25
11005,11005,Bank Transfer,Paid,1146.13,2022-09-01
11006,11006,Invoice,Paid,281.01,2022-08-11
11007,11007,Card,Paid,706.1,2023-03-05
11008,11008,PayPal,Paid,317.33,2024-12-29
11009,11009,Invoice,Refunded,888.08,2022-05-28
11010,11010,Invoice,Refunded,424.14,2024-11-07
11011,11011,PayPal,Paid,279.4,2023-04-30
11012,11012,Bank Transfer,Paid,623.0,2023-02-10
11013,11013,PayPal,Paid,1454.97,2023-09-22
11014,11014,Card,Paid,520.02,2025-10-10
11015,11015,Invoice,Paid,24.43,2024-10-17
11016,11016,PayPal,Paid,1467.65,2022-07-06
11017,11017,Card,Paid,459.86,2022-11-15
11018,11018,Bank Transfer,Paid,616.35,2023-11-05
11019,11019,PayPal,Paid,1604.96,2025-05-10
11020,11020,PayPal,Pending,2585.86,2023-03-02
11021,11021,Card,Paid,1061.86,2022-06-03
11022,11022,PayPal,Paid,290.58,2023-06-21
11023,11023,Invoice,Pending,643.33,2023-12-11
11024,11024,Card,Paid,1702.16,2024-12-17
11025,11025,Bank Transfer,Pending,1445.8,2024-12-13
11026,11026,Card,Pending,5031.63,2022-07-13
11027,11027,PayPal,Paid,2086.72,2025-09-23
11028,11028,Bank Transfer,Paid,1092.77,2023-11-19
11029,11029,PayPal,Paid,492.69,2024-09-09
11030,11030,Bank Transfer,Paid,1231.1,2024-10-31
11031,11031,Invoice,Pending,278.77,2024-11-24
11032,11032,Card,Paid,203.65,2025-10-07
11033,11033,Invoice,Pending,367.92,2022-04-14
11034,11034,Card,Paid,262.02,2025-04-11
11035,11035,Card,Paid,218.5,2023-06-03
11036,11036,Card,Paid,111.32,2022-09-03
11037,11037,PayPal,Paid,779.79,2022-05-21
11038,11038,Card,Refunded,638.48,2022-01-22
11039,11039,Card,Paid,485.45,2022-12-12
11040,11040,Card,Pending,1639.16,2024-08-30
11041,11041,PayPal,Paid,3669.24,2022-02-21
11042,11042,Card,Pending,2357.67,2024-07-19
11043,11043,PayPal,Paid,460.38,2024-03-24
11044,11044,Bank Transfer,Pending,659.3,2024-02-21
11045,11045,Invoice,Paid,437.34,2023-07-04
11046,11046,Bank Transfer,Paid,1460.92,2023-10-29
11047,11047,Invoice,Paid,1406.86,2025-05-21
11048,11048,Invoice,Paid,860.89,2022-02-16
11049,11049,Card,Paid,1964.66,2025-02-26
11050,11050,Invoice,Paid,680.13,2024-05-19
11051,11051,PayPal,Paid,1361.64,2023-11-23
11052,11052,Bank Transfer,Paid,111.84,2025-06-29
11053,11053,Card,Paid,934.94,2024-10-03
11054,11054,PayPal,Paid,191.36,2023-06-15
11055,11055,Invoice,Paid,333.91,2023-04-11
11056,11056,Card,Paid,123.67,2025-01-18
11057,11057,Bank Transfer,Pending,477.56,2022-07-29
11058,11058,Card,Pending,672.21,2024-06-28
11059,11059,Card,Paid,1717.97,2023-11-23
11060,11060,PayPal,Refunded,496.71,2022-02-16
11061,11061,Card,Pending,1073.17,2025-06-23
11062,11062,Invoice,Paid,1712.71,2022-05-22
11063,11063,Bank Transfer,Paid,1110.11,2024-05-11
11064,11064,PayPal,Pending,1791.31,2024-09-28
11065,11065,PayPal,Paid,193.44,2024-09-02
11066,11066,Card,Paid,257.15,2023-11-13
11067,11067,Card,Paid,1138.29,2022-05-15
11068,11068,Invoice,Paid,2253.72,2025-02-24
11069,11069,PayPal,Paid,2044.8,2024-10-15
11070,11070,Invoice,Paid,656.16,2024-01-25
11071,11071,Bank Transfer,Paid,388.66,2022-06-22
11072,11072,Card,Paid,433.47,2025-03-06
11073,11073,Bank Transfer,Paid,1386.28,2025-07-15
11074,11074,Invoice,Paid,2266.88,2024-01-17
11075,11075,Card,Paid,115.23,2023-12-21
11076,11076,Bank Transfer,Paid,614.85,2024-05-06
11077,11077,Invoice,Paid,215.03,2022-07-09
11078,11078,Bank Transfer,Pending,1786.82,2025-12-14
11079,11079,Invoice,Paid,6493.01,2025-02-10
11080,11080,Bank Transfer,Paid,1069.25,2023-12-11
11081,11081,Card,Paid,1031.5,2023-07-30
11082,11082,PayPal,Paid,861.79,2022-11-10
11083,11083,Invoice,Paid,895.75,2024-02-18
11084,11084,Invoice,Pending,1081.94,2024-08-27
11085,11085,PayPal,Paid,1103.58,2023-02-21
11086,11086,Bank Transfer,Paid,2423.6,2023-06-12
11087,11087,Card,Pending,2909.65,2023-04-14
11088,11088,Invoice,Paid,96.71,2023-01-10
11089,11089,PayPal,Paid,1787.03,2022-05-09
11090,11090,Invoice,Paid,427.01,2022-04-26
11091,11091,Card,Pending,500.89,2025-08-04
11092,11092,Card,Paid,633.26,2024-08-02
11093,11093,Invoice,Paid,1636.91,2023-06-02
11094,11094,Bank Transfer,Paid,3886.07,2023-08-24
11095,11095,Invoice,Paid,1349.0,2023-05-08
11096,11096,Card,Pending,2083.5,2024-06-04
11097,11097,Card,Paid,67.3,2022-06-25
11098,11098,PayPal,Paid,1143.13,2023-12-14
11099,11099,PayPal,Paid,575.92,2023-09-27
11100,11100,Card,Paid,792.95,2025-11-28
11101,11101,Invoice,Paid,341.11,2025-01-08
11102,11102,Invoice,Paid,2601.32,2022-05-18
11103,11103,Card,Paid,2275.57,2025-11-25
11104,11104,PayPal,Paid,1274.88,2025-10-24
11105,11105,Invoice,Paid,706.61,2024-01-23
11106,11106,Bank Transfer,Paid,465.52,2024-08-12
11107,11107,Bank Transfer,Paid,823.9,2024-02-05
11108,11108,PayPal,Paid,1377.21,2025-08-03
11109,11109,Card,Paid,1235.24,2024-08-14
11110,11110,Invoice,Paid,119.13,2023-11-13
11111,11111,Invoice,Paid,629.21,2025-12-21
11112,11112,Invoice,Pending,937.28,2022-08-05
11113,11113,Card,Paid,392.36,2023-01-23
11114,11114,Invoice,Paid,2460.86,2022-04-14
11115,11115,Invoice,Paid,919.61,2025-07-20
11116,11116,Invoice,Pending,253.45,2023-11-16
11117,11117,Bank Transfer,Paid,1785.69,2024-03-29
11118,11118,Bank Transfer,Refunded,475.89,2022-09-29
11119,11119,Bank Transfer,Paid,946.4,2025-08-04
11120,11120,PayPal,Pending,218.66,2025-05-21
11121,11121,PayPal,Paid,5072.43,2024-12-15
11122,11122,Invoice,Paid,174.69,2024-12-03
11123,11123,PayPal,Paid,1833.09,2022-08-20
11124,11124,Bank Transfer,Paid,1285.28,2023-08-20
11125,11125,Card,Paid,87.01,2024-05-16
11126,11126,Invoice,Paid,435.75,2022-09-05
11127,11127,Invoice,Pending,228.98,2025-01-10
11128,11128,Bank Transfer,Paid,222.71,2022-10-27
11129,11129,PayPal,Refunded,2419.35,2025-02-23
11130,11130,Card,Paid,833.76,2023-05-11
11131,11131,Card,Paid,283.24,2024-06-18
11132,11132,Invoice,Pending,103.5,2024-07-25
11133,11133,Bank Transfer,Paid,2948.54,2023-06-01
11134,11134,Bank Transfer,Paid,664.53,2022-02-13
11135,11135,PayPal,Pending,690.31,2022-02-23
11136,11136,Bank Transfer,Paid,2329.29,2022-09-17
11137,11137,Invoice,Refunded,287.4,2022-04-27
11138,11138,PayPal,Paid,1192.08,2022-05-27
11139,11139,Invoice,Paid,773.1,2024-07-05
11140,11140,Bank Transfer,Paid,2918.04,2023-11-25
11141,11141,PayPal,Paid,592.49,2024-10-19
11142,11142,Card,Paid,78.57,2022-07-18
11143,11143,Invoice,Paid,1016.14,2025-11-25
11144,11144,Bank Transfer,Pending,27.07,2024-11-25
11145,11145,PayPal,Refunded,2473.87,2022-06-15
11146,11146,Bank Transfer,Pending,888.91,2025-11-18
11147,11147,PayPal,Paid,207.47,2025-11-18
11148,11148,Card,Paid,838.97,2022-09-08
11149,11149,Invoice,Pending,727.36,2025-05-25
11150,11150,Invoice,Paid,1537.23,2025-07-23
11151,11151,Bank Transfer,Paid,2691.2,2024-02-04
11152,11152,Invoice,Paid,337.71,2025-11-01
11153,11153,Bank Transfer,Paid,504.78,2022-04-07
11154,11154,Card,Paid,660.91,2024-08-25
11155,11155,PayPal,Paid,577.99,2022-12-22
11156,11156,Invoice,Pending,376.14,2024-12-13
11157,11157,PayPal,Pending,342.5,2025-07-28
11158,11158,Bank Transfer,Paid,602.34,2022-01-18
11159,11159,Bank Transfer,Paid,261.77,2023-02-21
11160,11160,PayPal,Paid,540.31,2022-03-01
11161,11161,PayPal,Paid,814.02,2025-07-13
11162,11162,PayPal,Paid,475.74,2025-06-09
11163,11163,Invoice,Paid,1567.09,2024-11-23
11164,11164,PayPal,Paid,1198.0,2022-11-03
11165,11165,Bank Transfer,Paid,971.98,2025-09-29
11166,11166,Card,Paid,418.23,2022-03-12
11167,11167,PayPal,Paid,1299.58,2024-10-09
11168,11168,Bank Transfer,Paid,1256.33,2023-12-06
11169,11169,Card,Paid,1371.56,2025-06-12
11170,11170,Invoice,Paid,305.24,2025-06-08
11171,11171,Invoice,Refunded,888.44,2023-05-08
11172,11172,PayPal,Paid,1042.93,2024-03-01
11173,11173,Bank Transfer,Paid,422.24,2023-04-04
11174,11174,Invoice,Paid,318.83,2023-12-31
11175,11175,Card,Paid,532.44,2024-09-02
11176,11176,PayPal,Pending,474.8,2022-05-29
11177,11177,Invoice,Paid,174.09,2024-03-27
11178,11178,Bank Transfer,Pending,196.45,2022-08-30
11179,11179,Bank Transfer,Paid,1617.54,2024-03-27
11180,11180,PayPal,Paid,2199.28,2022-12-07
11181,11181,Invoice,Paid,701.27,2022-06-12
11182,11182,Bank Transfer,Paid,107.26,2023-12-22
11183,11183,Invoice,Paid,1004.75,2024-06-08
11184,11184,PayPal,Paid,2010.25,2023-07-05
11185,11185,Card,Paid,851.55,2024-12-24
11186,11186,Bank Transfer,Pending,917.42,2022-10-24
11187,11187,Invoice,Paid,2071.41,2024-08-08
11188,11188,Bank Transfer,Paid,365.05,2022-08-20
11189,11189,Bank Transfer,Paid,2496.61,2023-07-12
11190,11190,Invoice,Pending,2750.75,2025-12-17
11191,11191,PayPal,Paid,5169.54,2025-11-30
11192,11192,PayPal,Paid,2973.55,2025-12-14
11193,11193,Invoice,Refunded,1245.95,2022-10-10
11194,11194,PayPal,Paid,602.88,2024-01-05
11195,11195,Card,Paid,306.3,2023-02-03
11196,11196,Invoice,Pending,2850.22,2023-01-09
11197,11197,PayPal,Pending,2746.11,2023-08-29
11198,11198,Bank Transfer,Paid,729.58,2022-10-14
11199,11199,PayPal,Paid,1291.93,2024-06-13
11200,11200,Bank Transfer,Paid,1347.32,2023-12-12
11201,11201,Bank Transfer,Pending,1221.15,2025-03-13
11202,11202,Invoice,Paid,142.34,2024-10-20
11203,11203,Invoice,Pending,318.53,2022-01-22
11204,11204,Invoice,Paid,1708.21,2023-04-06
11205,11205,PayPal,Paid,955.13,2023-11-28
11206,11206,Invoice,Paid,4617.16,2024-12-01
11207,11207,Bank Transfer,Paid,1534.98,2023-08-24
11208,11208,Card,Refunded,527.94,2025-03-13
11209,11209,Invoice,Refunded,2124.72,2024-01-22
11210,11210,Bank Transfer,Pending,394.03,2023-12-22
11211,11211,PayPal,Paid,575.11,2023-05-21
11212,11212,Bank Transfer,Pending,325.23,2022-10-23
11213,11213,Card,Paid,346.0,2024-04-22
11214,11214,Invoice,Paid,1688.11,2023-12-18
11215,11215,Invoice,Paid,658.31,2025-01-12
11216,11216,Bank Transfer,Paid,1911.73,2024-03-15
11217,11217,Bank Transfer,Paid,1945.58,2024-12-01
11218,11218,PayPal,Paid,644.09,2025-08-07
11219,11219,PayPal,Paid,848.42,2023-11-01
11220,11220,Card,Paid,407.38,2025-08-06
11221,11221,PayPal,Paid,2569.67,2025-02-28
11222,11222,PayPal,Paid,305.96,2022-12-16
11223,11223,Card,Paid,202.58,2025-09-11
11224,11224,PayPal,Paid,2200.37,2022-11-03
11225,11225,Card,Paid,433.16,2024-12-10
11226,11226,Invoice,Paid,128.51,2023-11-29
11227,11227,Bank Transfer,Paid,582.58,2025-08-02
11228,11228,PayPal,Pending,272.65,2022-03-04
11229,11229,Invoice,Paid,661.84,2024-11-03
11230,11230,Bank Transfer,Paid,1122.08,2023-12-22
11231,11231,Bank Transfer,Paid,1866.85,2024-06-10
11232,11232,PayPal,Paid,1888.8,2023-11-15
11233,11233,PayPal,Paid,304.2,2024-09-16
11234,11234,PayPal,Pending,3519.39,2024-05-18
11235,11235,Bank Transfer,Paid,1876.75,2024-11-24
11236,11236,Invoice,Paid,1579.76,2024-05-02
11237,11237,Bank Transfer,Refunded,81.7,2024-12-01
11238,11238,PayPal,Paid,1926.78,2025-09-28
11239,11239,Bank Transfer,Paid,1620.57,2025-07-03
11240,11240,PayPal,Refunded,438.51,2022-10-01
11241,11241,PayPal,Refunded,945.67,2023-12-18
11242,11242,Card,Paid,3120.75,2025-11-30
11243,11243,Card,Pending,2141.23,2025-02-23
11244,11244,Card,Paid,1846.16,2024-04-15
11245,11245,PayPal,Pending,2100.94,2022-04-09
11246,11246,PayPal,Paid,872.99,2025-12-07
11247,11247,PayPal,Paid,988.95,2025-10-14
11248,11248,PayPal,Paid,995.57,2023-06-18
11249,11249,Invoice,Paid,375.58,2024-07-22
11250,11250,PayPal,Paid,707.12,2024-12-06
11251,11251,Card,Paid,151.84,2024-12-03
11252,11252,PayPal,Pending,5039.01,2024-04-28
11253,11253,PayPal,Paid,882.23,2023-03-16
11254,11254,Invoice,Paid,2772.61,2023-01-12
11255,11255,Card,Paid,298.45,2023-12-05
11256,11256,Bank Transfer,Pending,1467.34,2024-11-21
11257,11257,Invoice,Paid,460.09,2022-07-13
11258,11258,PayPal,Pending,2716.79,2024-12-14
11259,11259,Bank Transfer,Paid,729.26,2024-12-25
11260,11260,Invoice,Paid,2423.58,2024-02-24
11261,11261,Bank Transfer,Paid,1093.9,2024-11-17
11262,11262,Invoice,Paid,276.25,2025-10-26
11263,11263,Bank Transfer,Paid,1540.95,2024-11-17
11264,11264,PayPal,Refunded,557.36,2024-12-26
11265,11265,Card,Pending,828.94,2023-06-08
11266,11266,PayPal,Refunded,1215.94,2023-10-30
11267,11267,Invoice,Paid,323.96,2023-01-29
11268,11268,Card,Paid,1806.71,2024-12-13
11269,11269,Card,Paid,1815.22,2023-03-21
11270,11270,PayPal,Refunded,370.97,2024-05-16
11271,11271,Bank Transfer,Paid,2181.17,2024-04-11
11272,11272,Bank Transfer,Refunded,481.92,2023-11-06
11273,11273,Card,Pending,139.61,2023-08-12
11274,11274,Bank Transfer,Paid,2327.48,2024-05-07
11275,11275,Invoice,Paid,3465.26,2025-06-10
11276,11276,Card,Paid,990.67,2023-11-23
11277,11277,PayPal,Paid,352.23,2025-12-26
11278,11278,Invoice,Paid,496.15,2022-02-27
11279,11279,Bank Transfer,Refunded,2490.27,2022-02-15
11280,11280,PayPal,Paid,3363.51,2025-01-05
11281,11281,Card,Pending,1470.57,2023-02-19
11282,11282,Bank Transfer,Paid,1232.32,2023-07-15
11283,11283,Bank Transfer,Paid,3954.3,2023-08-05
11284,11284,PayPal,Paid,4607.93,2022-04-14
11285,11285,Card,Paid,999.77,2023-04-12
11286,11286,Card,Paid,167.3,2022-10-17
11287,11287,Bank Transfer,Paid,2016.56,2022-04-30
11288,11288,PayPal,Pending,3824.74,2024-03-19
11289,11289,PayPal,Paid,996.64,2025-06-03
11290,11290,Card,Refunded,2040.92,2022-01-14
11291,11291,Invoice,Paid,858.73,2025-03-12
11292,11292,Card,Pending,640.32,2023-05-23
11293,11293,PayPal,Refunded,1330.42,2022-12-22
11294,11294,Bank Transfer,Pending,1368.24,2025-07-10
11295,11295,PayPal,Paid,1004.54,2025-05-13
11296,11296,Invoice,Paid,702.66,2023-10-29
11297,11297,Invoice,Paid,586.37,2023-07-15
11298,11298,PayPal,Pending,397.28,2022-07-04
11299,11299,Invoice,Pending,1084.42,2023-03-03
11300,11300,Card,Pending,132.09,2022-06-13
11301,11301,Bank Transfer,Paid,291.44,2025-06-26
11302,11302,Invoice,Paid,515.11,2024-12-27
11303,11303,PayPal,Paid,1363.76,2025-10-31
11304,11304,Card,Paid,1479.35,2025-02-28
11305,11305,Card,Pending,359.36,2022-08-14
11306,11306,Card,Paid,1126.91,2024-10-01
11307,11307,Invoice,Paid,1867.35,2025-09-10
11308,11308,Bank Transfer,Paid,367.21,2024-06-10
11309,11309,Invoice,Paid,317.51,2022-12-15
11310,11310,PayPal,Paid,551.24,2025-05-03
11311,11311,Invoice,Paid,85.25,2023-04-17
11312,11312,PayPal,Pending,3821.89,2025-11-06
11313,11313,Bank Transfer,Refunded,199.91,2025-02-17
11314,11314,Bank Transfer,Paid,481.86,2022-10-17
11315,11315,Bank Transfer,Paid,261.67,2022-06-09
11316,11316,Invoice,Pending,150.94,2025-09-11
11317,11317,Bank Transfer,Paid,1577.14,2025-10-06
11318,11318,Bank Transfer,Paid,73.4,2022-12-05
11319,11319,Invoice,Paid,1726.17,2022-03-15
11320,11320,PayPal,Paid,1373.82,2023-04-25
11321,11321,Bank Transfer,Paid,206.04,2023-04-27
11322,11322,Card,Paid,1330.78,2024-07-13
11323,11323,Bank Transfer,Paid,869.27,2025-10-30
11324,11324,Bank Transfer,Refunded,3050.76,2025-10-17
11325,11325,Invoice,Refunded,3481.85,2025-06-29
11326,11326,Card,Refunded,50.07,2025-11-11
11327,11327,PayPal,Paid,422.07,2023-10-21
11328,11328,Invoice,Paid,161.65,2022-11-29
11329,11329,Invoice,Paid,635.8,2025-08-14
11330,11330,Invoice,Pending,2472.88,2024-06-07
11331,11331,Bank Transfer,Paid,285.78,2023-06-14
11332,11332,Card,Paid,967.02,2025-10-24
11333,11333,Bank Transfer,Paid,679.41,2022-04-20
11334,11334,PayPal,Paid,2000.32,2023-01-24
11335,11335,Bank Transfer,Pending,323.2,2023-03-05
11336,11336,Card,Pending,1448.55,2023-12-28
11337,11337,PayPal,Paid,2198.56,2025-07-08
11338,11338,Card,Paid,749.55,2022-03-01
11339,11339,PayPal,Paid,3581.14,2023-08-15
11340,11340,Bank Transfer,Paid,943.21,2023-10-26
11341,11341,Bank Transfer,Paid,1327.51,2025-04-12
11342,11342,Bank Transfer,Paid,581.57,2025-08-18
11343,11343,Invoice,Paid,438.06,2025-05-30
11344,11344,Invoice,Paid,64.17,2024-09-30
11345,11345,Bank Transfer,Paid,259.57,2023-04-28
11346,11346,Invoice,Paid,2280.82,2022-08-12
11347,11347,Invoice,Paid,128.05,2024-11-10
11348,11348,Bank Transfer,Refunded,601.35,2022-10-22
11349,11349,Invoice,Paid,182.26,2024-11-14
11350,11350,Bank Transfer,Paid,2002.82,2025-02-20
11351,11351,Bank Transfer,Paid,1149.09,2024-08-17
11352,11352,PayPal,Paid,2023.32,2024-05-01
11353,11353,PayPal,Paid,1958.78,2022-07-31
11354,11354,Invoice,Paid,294.27,2025-10-25
11355,11355,Bank Transfer,Pending,1511.28,2023-03-21
11356,11356,Bank Transfer,Refunded,537.53,2025-03-26
11357,11357,Bank Transfer,Paid,789.34,2023-04-20
11358,11358,PayPal,Paid,3233.49,2022-08-27
11359,11359,Card,Paid,1502.69,2025-10-29
11360,11360,Bank Transfer,Paid,2589.74,2023-04-21
11361,11361,Bank Transfer,Paid,325.87,2024-12-06
11362,11362,PayPal,Paid,2099.26,2023-03-25
11363,11363,PayPal,Paid,1154.14,2024-10-03
11364,11364,Bank Transfer,Paid,580.16,2022-03-20
11365,11365,Bank Transfer,Refunded,515.74,2024-04-01
11366,11366,Card,Pending,991.86,2025-11-18
11367,11367,Bank Transfer,Paid,842.65,2024-05-15
11368,11368,Invoice,Paid,758.27,2022-03-08
11369,11369,Bank Transfer,Refunded,408.43,2022-03-14
11370,11370,Invoice,Pending,1188.41,2023-04-23
11371,11371,Invoice,Pending,1651.07,2022-07-18
11372,11372,Bank Transfer,Paid,332.21,2025-07-05
11373,11373,Card,Paid,1575.7,2022-12-13
11374,11374,Invoice,Pending,395.88,2024-07-28
11375,11375,Bank Transfer,Refunded,602.4,2025-04-05
11376,11376,Card,Paid,195.82,2025-02-18
11377,11377,PayPal,Paid,411.46,2022-10-26
11378,11378,Invoice,Paid,2624.11,2024-11-13
11379,11379,Bank Transfer,Pending,273.15,2024-11-03
11380,11380,Card,Paid,1487.73,2022-11-13
11381,11381,Card,Paid,1305.58,2025-01-31
11382,11382,Bank Transfer,Paid,780.39,2025-10-14
11383,11383,PayPal,Paid,2421.56,2023-01-15
11384,11384,Bank Transfer,Paid,242.98,2022-06-19
11385,11385,Card,Paid,1931.41,2022-08-01
11386,11386,Invoice,Paid,590.08,2023-10-17
11387,11387,PayPal,Paid,1671.66,2022-10-01
11388,11388,PayPal,Paid,927.57,2025-03-18
11389,11389,Bank Transfer,Paid,110.82,2022-02-25
11390,11390,Card,Paid,383.21,2022-01-12
11391,11391,Card,Pending,1726.61,2022-10-20
11392,11392,Invoice,Paid,1812.77,2022-10-19
11393,11393,Card,Pending,1351.04,2022-08-04
11394,11394,Bank Transfer,Paid,176.83,2025-03-15
11395,11395,PayPal,Pending,968.46,2022-01-24
11396,11396,Invoice,Pending,523.91,2023-07-18
11397,11397,Bank Transfer,Pending,4627.35,2024-11-06
11398,11398,Bank Transfer,Paid,1984.68,2022-10-17
11399,11399,Card,Paid,216.13,2025-07-04
11400,11400,Invoice,Pending,2977.8,2025-09-13
11401,11401,Card,Pending,715.29,2023-11-23
11402,11402,PayPal,Paid,86.85,2025-01-09
11403,11403,Invoice,Paid,114.57,2023-12-20
11404,11404,Invoice,Paid,346.36,2023-03-27
11405,11405,Card,Refunded,1283.14,2022-07-19
11406,11406,Card,Paid,2038.76,2024-07-04
11407,11407,Invoice,Paid,150.23,2023-01-18
11408,11408,Bank Transfer,Paid,516.04,2023-01-16
11409,11409,Bank Transfer,Paid,348.97,2022-09-05
11410,11410,Card,Pending,1069.14,2024-08-14
11411,11411,Bank Transfer,Paid,2015.95,2023-04-12
11412,11412,PayPal,Paid,308.52,2025-10-04
11413,11413,Card,Paid,1134.64,2024-07-02
11414,11414,Invoice,Pending,530.99,2025-05-10
11415,11415,Invoice,Paid,522.99,2024-10-09
11416,11416,PayPal,Pending,2581.35,2025-10-02
11417,11417,Invoice,Pending,367.43,2023-12-03
11418,11418,Card,Pending,304.02,2022-07-30
11419,11419,Invoice,Paid,1415.23,2022-09-22
11420,11420,Bank Transfer,Paid,891.87,2025-02-06
11421,11421,Card,Paid,422.78,2023-08-29
11422,11422,Bank Transfer,Paid,698.91,2024-08-29
11423,11423,PayPal,Paid,407.62,2024-06-16
11424,11424,Bank Transfer,Paid,1999.55,2022-10-23
11425,11425,Invoice,Paid,300.29,2025-01-06
11426,11426,PayPal,Paid,4013.03,2024-06-01
11427,11427,Bank Transfer,Paid,1848.95,2024-11-11
11428,11428,Invoice,Paid,606.14,2025-10-31
11429,11429,Card,Paid,898.63,2025-05-25
11430,11430,Invoice,Paid,1218.61,2025-11-05
11431,11431,PayPal,Paid,355.72,2022-10-24
11432,11432,Card,Paid,588.48,2024-08-28
11433,11433,Invoice,Paid,556.84,2023-01-06
11434,11434,Card,Pending,559.4,2022-03-10
11435,11435,Card,Paid,1295.13,2022-12-09
11436,11436,Card,Paid,1696.88,2024-04-02
11437,11437,PayPal,Paid,818.56,2022-07-01
11438,11438,Card,Paid,1638.42,2025-08-12
11439,11439,Bank Transfer,Paid,1578.96,2025-12-02
11440,11440,Card,Paid,2237.52,2024-10-17
11441,11441,Bank Transfer,Pending,41.71,2022-08-28
11442,11442,PayPal,Paid,3686.34,2024-08-02
11443,11443,Card,Pending,635.85,2024-12-17
11444,11444,PayPal,Paid,474.67,2022-06-21
11445,11445,Bank Transfer,Paid,1924.61,2022-08-21
11446,11446,PayPal,Pending,268.39,2022-11-03
11447,11447,PayPal,Pending,221.79,2024-08-20
11448,11448,PayPal,Refunded,2918.18,2022-12-08
11449,11449,Invoice,Refunded,896.79,2022-08-17
11450,11450,Card,Paid,919.89,2024-07-10
11451,11451,PayPal,Pending,502.23,2024-03-02
11452,11452,Invoice,Pending,1487.46,2022-12-17
11453,11453,Bank Transfer,Paid,537.17,2023-05-29
11454,11454,Bank Transfer,Paid,276.38,2022-05-18
11455,11455,Bank Transfer,Refunded,578.02,2024-09-18
11456,11456,PayPal,Pending,1812.4,2024-12-03
11457,11457,Bank Transfer,Paid,1111.74,2025-07-22
11458,11458,Card,Paid,845.73,2024-05-11
11459,11459,Invoice,Paid,1375.85,2024-01-08
11460,11460,PayPal,Paid,557.77,2022-06-13
11461,11461,PayPal,Pending,748.0,2025-06-03
11462,11462,Bank Transfer,Paid,120.31,2023-06-28
11463,11463,Card,Pending,142.81,2024-12-03
11464,11464,Card,Paid,702.38,2022-06-15
11465,11465,Invoice,Paid,738.78,2022-06-06
11466,11466,PayPal,Paid,1866.99,2025-09-03
11467,11467,Invoice,Pending,995.57,2025-07-01
11468,11468,Card,Paid,613.21,2024-12-26
11469,11469,Bank Transfer,Paid,635.54,2025-06-06
11470,11470,Bank Transfer,Paid,490.31,2025-01-12
11471,11471,Bank Transfer,Paid,307.02,2024-06-13
11472,11472,PayPal,Paid,189.97,2022-01-27
11473,11473,Bank Transfer,Paid,2617.65,2024-05-03
11474,11474,Bank Transfer,Paid,3626.53,2022-08-15
11475,11475,Card,Paid,2213.37,2025-11-06
11476,11476,PayPal,Paid,254.34,2023-08-02
11477,11477,Invoice,Paid,1026.34,2025-07-23
11478,11478,Bank Transfer,Pending,2449.29,2022-10-25
11479,11479,Invoice,Paid,2680.3,2025-11-27
11480,11480,PayPal,Pending,1169.94,2024-12-21
11481,11481,Invoice,Paid,863.13,2022-03-04
11482,11482,Card,Paid,188.26,2022-07-10
11483,11483,Invoice,Paid,573.31,2025-08-29
11484,11484,Bank Transfer,Paid,1947.62,2024-09-02
11485,11485,PayPal,Paid,836.68,2023-05-14
11486,11486,Bank Transfer,Paid,540.48,2022-02-10
11487,11487,Bank Transfer,Paid,253.11,2023-03-13
11488,11488,Invoice,Paid,713.72,2023-09-10
11489,11489,Invoice,Paid,420.25,2024-08-15
11490,11490,PayPal,Paid,466.25,2023-02-22
11491,11491,Card,Paid,940.32,2022-11-26
11492,11492,PayPal,Paid,1342.04,2022-09-04
11493,11493,Bank Transfer,Refunded,3161.68,2022-03-29
11494,11494,PayPal,Paid,2941.75,2023-01-10
11495,11495,Bank Transfer,Paid,793.16,2022-10-20
11496,11496,Card,Paid,760.79,2024-10-16
11497,11497,PayPal,Paid,2387.59,2022-12-10
11498,11498,Bank Transfer,Paid,1390.94,2025-09-22
11499,11499,Bank Transfer,Paid,2429.13,2024-11-12
11500,11500,Bank Transfer,Refunded,1636.92,2022-06-23
11501,11501,PayPal,Paid,2159.54,2024-06-15
11502,11502,Bank Transfer,Paid,552.67,2025-03-18
11503,11503,Invoice,Paid,408.04,2025-10-08
11504,11504,Card,Paid,524.23,2025-03-22
11505,11505,PayPal,Pending,436.72,2024-08-24
11506,11506,Invoice,Paid,334.3,2023-10-26
11507,11507,Bank Transfer,Pending,174.83,2023-04-13
11508,11508,Invoice,Paid,385.8,2023-12-24
11509,11509,PayPal,Paid,1016.88,2025-11-26
11510,11510,Invoice,Paid,691.06,2022-08-01
11511,11511,Bank Transfer,Paid,520.54,2023-04-20
11512,11512,PayPal,Pending,103.66,2025-08-10
11513,11513,Invoice,Pending,634.3,2025-01-29
11514,11514,Bank Transfer,Paid,2547.33,2025-11-27
11515,11515,Bank Transfer,Paid,2925.23,2022-12-07
11516,11516,Bank Transfer,Paid,2325.83,2024-07-07
11517,11517,Bank Transfer,Paid,881.52,2022-10-17
11518,11518,Card,Paid,817.23,2022-06-15
11519,11519,Bank Transfer,Paid,648.2,2024-09-27
11520,11520,Card,Paid,3703.68,2023-04-01
11521,11521,Card,Pending,432.14,2025-06-25
11522,11522,Invoice,Paid,5233.7,2025-10-04
11523,11523,Bank Transfer,Paid,547.85,2023-07-21
11524,11524,Bank Transfer,Paid,1415.27,2023-07-16
11525,11525,Card,Paid,4144.85,2024-11-06
11526,11526,Card,Paid,884.9,2025-12-12
11527,11527,Card,Paid,193.64,2025-11-14
11528,11528,PayPal,Paid,58.72,2024-07-15
11529,11529,Invoice,Paid,1711.43,2024-11-12
11530,11530,Card,Paid,756.42,2023-07-02
11531,11531,PayPal,Paid,763.52,2025-08-17
11532,11532,Bank Transfer,Paid,1989.87,2023-01-14
11533,11533,Card,Paid,1054.76,2025-01-14
11534,11534,Bank Transfer,Paid,189.13,2022-07-28
11535,11535,PayPal,Paid,3053.1,2024-02-05
11536,11536,Bank Transfer,Paid,652.5,2024-09-14
11537,11537,Bank Transfer,Paid,806.02,2023-05-01
11538,11538,Bank Transfer,Pending,362.42,2025-05-08
11539,11539,Invoice,Paid,1678.7,2025-06-08
11540,11540,Card,Paid,2250.45,2023-08-09
11541,11541,Invoice,Paid,1141.02,2022-11-15
11542,11542,Invoice,Pending,328.75,2023-02-06
11543,11543,Bank Transfer,Paid,2540.45,2023-11-26
11544,11544,Bank Transfer,Paid,576.38,2023-11-17
11545,11545,Card,Pending,368.89,2024-01-27
11546,11546,PayPal,Pending,1607.12,2022-04-18
11547,11547,Card,Refunded,1267.82,2025-05-22
11548,11548,Invoice,Paid,2344.61,2022-10-07
11549,11549,Card,Refunded,186.81,2022-08-14
11550,11550,Card,Pending,647.23,2024-09-27
11551,11551,Invoice,Refunded,1645.07,2022-06-26
11552,11552,Bank Transfer,Refunded,602.19,2025-01-29
11553,11553,Card,Paid,1137.09,2022-10-16
11554,11554,Invoice,Pending,1027.28,2024-10-01
11555,11555,Bank Transfer,Refunded,4635.07,2024-05-29
11556,11556,Invoice,Paid,233.7,2025-11-10
11557,11557,PayPal,Paid,510.54,2022-05-10
11558,11558,Card,Paid,738.86,2023-09-10
11559,11559,Bank Transfer,Paid,718.5,2023-12-11
11560,11560,Card,Paid,1330.8,2025-03-05
11561,11561,Card,Paid,1008.4,2025-10-24
11562,11562,Bank Transfer,Paid,2028.69,2025-12-31
11563,11563,Bank Transfer,Pending,2056.08,2022-08-21
11564,11564,PayPal,Paid,2853.25,2023-04-09
11565,11565,Invoice,Paid,974.11,2024-09-28
11566,11566,Bank Transfer,Paid,970.19,2024-01-24
11567,11567,PayPal,Refunded,533.73,2023-11-20
11568,11568,PayPal,Paid,157.38,2023-03-24
11569,11569,Card,Paid,1149.9,2022-02-07
11570,11570,PayPal,Paid,239.15,2025-10-16
11571,11571,Bank Transfer,Paid,976.36,2025-04-24
11572,11572,Card,Paid,1881.86,2024-07-29
11573,11573,Bank Transfer,Paid,2991.96,2023-12-27
11574,11574,Bank Transfer,Paid,718.68,2025-03-14
11575,11575,Invoice,Paid,280.96,2023-09-28
11576,11576,Bank Transfer,Pending,905.6,2025-08-06
11577,11577,Invoice,Paid,1987.34,2022-11-06
11578,11578,Invoice,Paid,347.54,2024-01-05
11579,11579,Card,Paid,320.44,2022-01-16
11580,11580,Card,Paid,877.52,2025-07-21
11581,11581,Bank Transfer,Paid,477.22,2023-03-17
11582,11582,Bank Transfer,Paid,543.74,2023-05-30
11583,11583,Invoice,Paid,344.6,2025-04-04
11584,11584,PayPal,Refunded,697.75,2025-12-31
11585,11585,Invoice,Paid,652.3,2025-03-09
11586,11586,PayPal,Paid,1716.98,2022-07-22
11587,11587,PayPal,Paid,946.11,2022-12-20
11588,11588,Card,Paid,3902.98,2022-11-19
11589,11589,Card,Paid,357.08,2024-11-22
11590,11590,Invoice,Paid,1624.98,2025-10-15
11591,11591,PayPal,Paid,1584.02,2022-11-15
11592,11592,Bank Transfer,Paid,724.35,2024-11-12
11593,11593,Bank Transfer,Pending,813.32,2023-05-24
11594,11594,PayPal,Paid,730.16,2022-09-09
11595,11595,Invoice,Paid,1156.15,2023-03-26
11596,11596,Bank Transfer,Paid,1261.02,2023-07-25
11597,11597,PayPal,Pending,1159.18,2025-04-28
11598,11598,Bank Transfer,Paid,1587.33,2024-01-20
11599,11599,Invoice,Paid,80.09,2025-03-02
11600,11600,Card,Paid,571.19,2022-05-14
11601,11601,PayPal,Pending,368.46,2025-11-26
11602,11602,PayPal,Pending,307.6,2025-07-21
11603,11603,Invoice,Paid,733.76,2024-08-10
11604,11604,Bank Transfer,Paid,1520.76,2022-09-30
11605,11605,Card,Paid,1911.67,2022-07-30
11606,11606,Bank Transfer,Paid,871.77,2025-10-14
11607,11607,Card,Pending,1215.63,2025-08-02
11608,11608,PayPal,Paid,1139.07,2023-08-11
11609,11609,Invoice,Pending,279.1,2024-01-01
11610,11610,Card,Refunded,91.36,2025-04-08
11611,11611,PayPal,Pending,1195.03,2023-09-10
11612,11612,Invoice,Pending,278.87,2022-09-18
11613,11613,Invoice,Paid,495.33,2023-02-10
11614,11614,PayPal,Refunded,666.63,2022-09-09
11615,11615,Bank Transfer,Paid,891.83,2022-12-12
11616,11616,PayPal,Paid,3383.58,2025-09-26
11617,11617,PayPal,Paid,875.42,2022-10-27
11618,11618,Invoice,Paid,456.14,2023-12-05
11619,11619,Bank Transfer,Paid,653.61,2022-03-01
11620,11620,Bank Transfer,Pending,500.4,2022-12-08
11621,11621,Invoice,Paid,52.71,2022-12-09
11622,11622,PayPal,Paid,573.12,2023-11-26
11623,11623,PayPal,Paid,112.64,2023-06-16
11624,11624,Bank Transfer,Paid,505.72,2022-01-13
11625,11625,Card,Refunded,221.08,2024-07-17
11626,11626,Bank Transfer,Pending,1697.15,2022-03-31
11627,11627,Invoice,Paid,464.05,2024-10-24
11628,11628,Card,Paid,1497.94,2022-08-26
11629,11629,PayPal,Paid,468.17,2023-11-30
11630,11630,Invoice,Paid,878.21,2025-12-04
11631,11631,Invoice,Paid,2238.35,2022-12-17
11632,11632,PayPal,Paid,105.26,2024-08-18
11633,11633,Card,Paid,146.67,2024-01-01
11634,11634,PayPal,Paid,620.86,2023-01-11
11635,11635,Invoice,Paid,1299.97,2024-10-12
11636,11636,Bank Transfer,Paid,52.72,2022-03-22
11637,11637,Card,Paid,532.72,2025-11-28
11638,11638,PayPal,Paid,2981.63,2025-12-31
11639,11639,Card,Pending,1823.04,2024-11-08
11640,11640,Invoice,Paid,1079.27,2022-11-18
11641,11641,Card,Paid,3686.12,2025-07-17
11642,11642,PayPal,Paid,299.36,2025-01-23
11643,11643,Invoice,Refunded,3676.93,2023-05-29
11644,11644,PayPal,Paid,579.63,2024-12-04
11645,11645,Bank Transfer,Paid,200.57,2023-07-22
11646,11646,Card,Pending,145.26,2023-01-01
11647,11647,Invoice,Paid,1036.48,2024-04-26
11648,11648,Card,Paid,1084.34,2025-04-03
11649,11649,Card,Paid,2213.99,2025-07-25
11650,11650,Invoice,Paid,315.72,2024-10-30
11651,11651,Invoice,Paid,825.97,2025-09-27
11652,11652,Card,Pending,383.84,2023-12-07
11653,11653,Bank Transfer,Pending,1477.56,2023-11-22
11654,11654,Bank Transfer,Paid,1247.07,2023-11-19
11655,11655,Bank Transfer,Paid,34.58,2025-12-03
11656,11656,Invoice,Paid,370.41,2024-10-23
11657,11657,Card,Paid,1198.15,2023-02-11
11658,11658,Invoice,Paid,949.48,2025-02-06
11659,11659,Card,Paid,606.58,2025-06-06
11660,11660,Card,Paid,1094.72,2024-10-19
11661,11661,PayPal,Pending,872.44,2025-09-10
11662,11662,Invoice,Paid,1030.5,2022-04-06
11663,11663,Bank Transfer,Paid,388.11,2023-08-31
11664,11664,Invoice,Paid,122.66,2022-05-07
11665,11665,Card,Paid,605.34,2022-04-21
11666,11666,Card,Paid,818.97,2025-06-20
11667,11667,PayPal,Paid,1082.91,2022-04-03
11668,11668,Card,Refunded,1221.8,2025-07-10
11669,11669,Card,Pending,298.76,2022-07-08
11670,11670,Invoice,Paid,1235.03,2025-06-06
11671,11671,PayPal,Pending,688.91,2022-01-25
11672,11672,Bank Transfer,Pending,1908.47,2022-07-15
11673,11673,Card,Paid,1161.32,2023-04-25
11674,11674,Bank Transfer,Paid,792.42,2025-03-11
11675,11675,PayPal,Pending,1393.58,2024-12-26
11676,11676,Invoice,Pending,324.67,2022-03-03
11677,11677,Card,Paid,909.82,2023-05-13
11678,11678,PayPal,Paid,1520.45,2025-11-24
11679,11679,Card,Paid,1872.34,2023-07-29
11680,11680,Bank Transfer,Paid,1154.96,2022-03-14
11681,11681,Invoice,Paid,848.85,2024-06-04
11682,11682,PayPal,Paid,93.04,2024-04-20
11683,11683,Invoice,Paid,349.39,2025-06-01
11684,11684,Bank Transfer,Paid,1277.39,2022-03-31
11685,11685,Invoice,Paid,1815.54,2025-11-17
11686,11686,Card,Paid,1720.43,2022-07-13
11687,11687,Invoice,Paid,1878.11,2022-02-02
11688,11688,PayPal,Paid,534.01,2025-08-05
11689,11689,Bank Transfer,Paid,1625.59,2025-08-24
11690,11690,PayPal,Paid,2126.34,2022-02-10
11691,11691,Card,Paid,123.82,2022-02-03
11692,11692,PayPal,Refunded,421.95,2025-10-11
11693,11693,Card,Paid,753.53,2025-10-23
11694,11694,PayPal,Paid,1237.27,2025-12-22
11695,11695,Bank Transfer,Paid,1172.86,2024-06-01
11696,11696,Card,Paid,3237.72,2025-12-08
11697,11697,PayPal,Pending,487.02,2024-09-29
11698,11698,Card,Paid,1348.26,2025-11-07
11699,11699,Invoice,Paid,1993.3,2025-09-13
11700,11700,PayPal,Paid,419.71,2024-07-16
11701,11701,PayPal,Pending,1053.44,2024-05-14
11702,11702,Bank Transfer,Pending,1113.35,2024-02-24
11703,11703,PayPal,Pending,2030.25,2023-07-20
11704,11704,Invoice,Paid,1474.67,2023-11-24
11705,11705,Bank Transfer,Paid,640.78,2024-02-23
11706,11706,Bank Transfer,Pending,74.44,2025-07-10
11707,11707,PayPal,Paid,923.23,2023-10-30
11708,11708,PayPal,Paid,931.9,2025-02-15
11709,11709,Invoice,Paid,746.72,2023-07-25
11710,11710,Invoice,Paid,207.23,2025-01-26
11711,11711,PayPal,Paid,1027.59,2024-12-08
11712,11712,Bank Transfer,Paid,3137.12,2022-06-26
11713,11713,Invoice,Refunded,850.86,2025-05-26
11714,11714,Invoice,Paid,604.7,2024-10-22
11715,11715,Card,Paid,276.66,2022-08-01
11716,11716,Card,Refunded,824.16,2024-12-02
11717,11717,Bank Transfer,Paid,449.41,2022-06-30
11718,11718,PayPal,Paid,369.33,2024-08-02
11719,11719,Invoice,Paid,175.8,2023-11-22
11720,11720,PayPal,Paid,1225.11,2023-12-25
11721,11721,Invoice,Paid,1193.3,2024-02-19
11722,11722,PayPal,Refunded,1072.7,2023-09-18
11723,11723,Bank Transfer,Paid,328.27,2024-02-08
11724,11724,Card,Pending,1312.78,2024-05-06
11725,11725,PayPal,Paid,943.28,2024-01-09
11726,11726,Card,Paid,2264.97,2025-06-22
11727,11727,PayPal,Paid,1780.93,2024-11-03
11728,11728,PayPal,Paid,1612.54,2023-02-02
11729,11729,PayPal,Paid,285.78,2024-05-16
11730,11730,Invoice,Refunded,642.8,2023-10-11
11731,11731,Bank Transfer,Pending,3578.69,2022-10-23
11732,11732,Bank Transfer,Paid,255.71,2025-10-08
11733,11733,PayPal,Paid,634.99,2023-03-13
11734,11734,Invoice,Paid,280.13,2022-03-22
11735,11735,Card,Pending,977.9,2024-02-22
11736,11736,Invoice,Paid,4319.72,2022-01-23
11737,11737,Invoice,Paid,100.94,2023-06-07
11738,11738,Bank Transfer,Paid,1312.68,2022-05-03
11739,11739,Bank Transfer,Paid,1318.25,2024-08-16
11740,11740,PayPal,Pending,793.78,2023-06-16
11741,11741,PayPal,Pending,615.4,2025-11-27
11742,11742,PayPal,Paid,2927.59,2023-12-25
11743,11743,Invoice,Paid,397.35,2025-11-07
11744,11744,PayPal,Pending,1318.5,2023-06-22
11745,11745,Bank Transfer,Paid,461.92,2025-09-01
11746,11746,Card,Paid,1898.76,2022-02-16
11747,11747,PayPal,Paid,463.26,2025-01-21
11748,11748,Bank Transfer,Paid,382.93,2023-10-15
11749,11749,Bank Transfer,Paid,853.16,2022-03-07
11750,11750,PayPal,Paid,920.48,2024-10-31
11751,11751,Invoice,Paid,258.21,2022-08-25
11752,11752,Card,Paid,1830.77,2025-10-24
11753,11753,PayPal,Pending,1973.94,2025-08-17
11754,11754,PayPal,Refunded,47.65,2025-04-05
11755,11755,Card,Paid,827.83,2023-08-15
11756,11756,Invoice,Paid,665.52,2023-10-13
11757,11757,Invoice,Pending,1635.6,2025-05-08
11758,11758,PayPal,Paid,2942.79,2023-07-03
11759,11759,Card,Refunded,428.03,2023-03-31
11760,11760,Invoice,Paid,3178.8,2024-06-18
11761,11761,Bank Transfer,Refunded,1029.68,2025-04-27
11762,11762,Bank Transfer,Refunded,434.66,2022-02-01
11763,11763,Bank Transfer,Paid,415.98,2023-09-28
11764,11764,Bank Transfer,Pending,2336.82,2024-06-08
11765,11765,Bank Transfer,Paid,421.96,2024-10-05
11766,11766,Card,Paid,552.4,2024-12-08
11767,11767,Invoice,Paid,1227.56,2023-11-21
11768,11768,Bank Transfer,Paid,2298.56,2025-06-28
11769,11769,Bank Transfer,Paid,1951.47,2023-08-16
11770,11770,Invoice,Paid,86.99,2024-10-02
11771,11771,Invoice,Pending,550.0,2022-10-11
11772,11772,Invoice,Paid,1119.2,2023-12-26
11773,11773,Invoice,Paid,1802.47,2023-06-07
11774,11774,Bank Transfer,Paid,1470.34,2023-12-31
11775,11775,PayPal,Paid,1765.68,2024-12-28
11776,11776,Card,Paid,2128.58,2023-02-08
11777,11777,Bank Transfer,Pending,847.87,2025-03-28
11778,11778,PayPal,Refunded,898.56,2022-08-07
11779,11779,Invoice,Paid,1378.96,2024-08-10
11780,11780,Card,Pending,197.19,2022-03-28
11781,11781,Card,Paid,1221.88,2024-01-17
11782,11782,Card,Paid,1606.93,2024-04-26
11783,11783,Bank Transfer,Paid,243.2,2022-12-29
11784,11784,Invoice,Paid,539.4,2025-09-05
11785,11785,Bank Transfer,Paid,984.82,2023-12-26
11786,11786,Invoice,Paid,2153.02,2025-11-23
11787,11787,Invoice,Paid,1128.5,2022-11-15
11788,11788,PayPal,Paid,257.42,2024-05-13
11789,11789,Card,Pending,600.01,2025-05-16
11790,11790,Invoice,Paid,714.22,2022-11-25
11791,11791,Invoice,Paid,500.43,2022-12-07
11792,11792,Invoice,Paid,235.33,2022-07-16
11793,11793,Invoice,Paid,2406.0,2025-12-25
11794,11794,Card,Paid,681.13,2023-08-09
11795,11795,Bank Transfer,Pending,56.38,2023-09-02
11796,11796,PayPal,Paid,609.19,2022-09-20
11797,11797,Invoice,Paid,2137.25,2022-11-10
11798,11798,Invoice,Paid,1861.87,2024-02-29
11799,11799,Card,Paid,100.09,2025-12-16
11800,11800,Bank Transfer,Paid,1848.17,2022-08-17
11801,11801,Bank Transfer,Paid,2550.23,2025-09-04
11802,11802,PayPal,Paid,155.43,2024-07-23
11803,11803,Invoice,Paid,1055.09,2022-04-14
11804,11804,Bank Transfer,Refunded,878.59,2022-01-22
11805,11805,Invoice,Pending,137.25,2022-01-23
11806,11806,Card,Paid,3645.44,2025-11-09
11807,11807,Bank Transfer,Paid,356.34,2024-09-11
11808,11808,Card,Paid,1219.06,2024-08-08
11809,11809,Bank Transfer,Paid,229.9,2022-10-30
11810,11810,PayPal,Refunded,3040.12,2025-05-01
11811,11811,PayPal,Refunded,1311.65,2023-09-19
11812,11812,PayPal,Paid,623.27,2022-08-04
11813,11813,PayPal,Pending,1797.49,2023-09-18
11814,11814,Bank Transfer,Paid,2672.8,2024-04-14
11815,11815,Card,Pending,1945.08,2023-03-09
11816,11816,Invoice,Paid,1297.65,2025-12-20
11817,11817,Card,Paid,2480.84,2024-07-13
11818,11818,PayPal,Paid,1607.09,2024-03-18
11819,11819,Invoice,Paid,2803.42,2022-09-09
11820,11820,PayPal,Paid,1041.76,2023-07-01
11821,11821,Invoice,Paid,239.11,2025-07-16
11822,11822,Invoice,Pending,1514.38,2023-07-11
11823,11823,Card,Paid,279.38,2023-10-15
11824,11824,PayPal,Paid,1957.26,2022-07-31
11825,11825,PayPal,Paid,225.39,2023-07-22
11826,11826,Card,Pending,235.35,2022-10-02
11827,11827,Invoice,Paid,1026.12,2025-03-02
11828,11828,Card,Paid,1742.32,2025-02-16
11829,11829,Card,Paid,842.91,2022-12-18
11830,11830,Invoice,Paid,1630.14,2022-10-29
11831,11831,Card,Paid,1262.51,2024-02-24
11832,11832,Bank Transfer,Paid,2379.75,2023-07-31
11833,11833,Bank Transfer,Paid,1702.45,2023-07-07
11834,11834,Invoice,Paid,1262.6,2023-11-14
11835,11835,Bank Transfer,Paid,890.02,2025-05-05
11836,11836,PayPal,Pending,372.63,2025-08-25
11837,11837,PayPal,Paid,840.1,2022-06-10
11838,11838,Card,Paid,1110.76,2022-06-02
11839,11839,PayPal,Paid,791.02,2023-12-28
11840,11840,Invoice,Paid,4061.99,2023-01-21
11841,11841,Bank Transfer,Paid,801.24,2022-11-26
11842,11842,Card,Paid,470.34,2022-12-18
11843,11843,Card,Paid,471.63,2023-05-12
11844,11844,Invoice,Refunded,111.73,2022-01-31
11845,11845,Card,Pending,156.16,2023-11-18
11846,11846,Invoice,Paid,2925.18,2023-04-18
11847,11847,Card,Paid,1455.3,2024-08-02
11848,11848,PayPal,Paid,151.28,2023-08-01
11849,11849,Invoice,Paid,233.69,2022-01-12
11850,11850,Invoice,Pending,3411.88,2022-09-03
11851,11851,Invoice,Paid,816.99,2024-04-17
11852,11852,Invoice,Pending,1679.84,2022-04-29
11853,11853,PayPal,Paid,1049.86,2025-09-08
11854,11854,Card,Paid,1322.99,2024-06-05
11855,11855,Card,Paid,1619.15,2024-07-05
11856,11856,Bank Transfer,Paid,3177.88,2023-05-11
11857,11857,Bank Transfer,Paid,1967.06,2024-09-30
11858,11858,Bank Transfer,Paid,1180.92,2022-10-25
11859,11859,Invoice,Paid,432.92,2024-01-21
11860,11860,PayPal,Paid,106.6,2022-10-01
11861,11861,Bank Transfer,Paid,664.04,2023-04-08
11862,11862,Invoice,Pending,93.5,2025-11-24
11863,11863,Card,Paid,2530.32,2025-06-13
11864,11864,PayPal,Refunded,376.76,2024-02-10
11865,11865,Invoice,Paid,64.46,2023-02-19
11866,11866,PayPal,Paid,2294.6,2025-10-29
11867,11867,Invoice,Paid,772.8,2024-12-24
11868,11868,Card,Pending,1490.83,2022-07-24
11869,11869,Invoice,Paid,1378.26,2025-05-15
11870,11870,Invoice,Pending,1328.93,2022-05-28
11871,11871,Card,Refunded,1183.49,2023-10-22
11872,11872,Card,Paid,1319.81,2023-01-19
11873,11873,Card,Paid,1318.23,2025-11-30
11874,11874,Invoice,Paid,1147.92,2023-06-22
11875,11875,Invoice,Paid,964.37,2025-05-10
11876,11876,Invoice,Refunded,1151.42,2023-09-12
11877,11877,PayPal,Pending,961.56,2024-04-24
11878,11878,Card,Paid,1816.53,2025-11-17
11879,11879,PayPal,Paid,1856.76,2022-02-24
11880,11880,Card,Paid,1486.22,2023-04-08
11881,11881,Bank Transfer,Paid,201.17,2024-01-22
11882,11882,Invoice,Paid,325.56,2023-12-08
11883,11883,PayPal,Paid,2472.6,2024-10-20
11884,11884,Card,Pending,833.38,2024-07-14
11885,11885,Card,Paid,1553.79,2025-02-24
11886,11886,Invoice,Paid,1436.52,2023-08-20
11887,11887,PayPal,Paid,612.78,2025-09-04
11888,11888,Invoice,Pending,1206.8,2022-02-24
11889,11889,Invoice,Paid,750.64,2023-10-14
11890,11890,Invoice,Paid,820.26,2023-03-31
11891,11891,PayPal,Paid,986.34,2024-06-09
11892,11892,Card,Pending,576.78,2024-01-06
11893,11893,Invoice,Pending,549.82,2022-09-24
11894,11894,PayPal,Paid,1810.61,2024-02-20
11895,11895,Card,Paid,1151.94,2023-05-20
11896,11896,Bank Transfer,Paid,1057.09,2025-03-03
11897,11897,Bank Transfer,Pending,1374.3,2023-02-17
11898,11898,Card,Paid,330.03,2025-06-10
11899,11899,Card,Paid,1641.56,2024-07-09
11900,11900,Bank Transfer,Paid,104.05,2022-06-30
11901,11901,PayPal,Refunded,1041.09,2025-03-08
11902,11902,Card,Paid,300.19,2024-04-27
11903,11903,Invoice,Paid,2069.16,2025-01-28
11904,11904,Invoice,Pending,1744.78,2025-10-01
11905,11905,PayPal,Paid,1197.36,2025-04-20
11906,11906,Invoice,Paid,3270.84,2024-05-26
11907,11907,Card,Refunded,2592.66,2024-11-10
11908,11908,PayPal,Pending,222.16,2023-08-20
11909,11909,PayPal,Pending,983.99,2024-08-20
11910,11910,PayPal,Pending,1570.23,2025-11-19
11911,11911,Card,Paid,518.78,2024-06-10
11912,11912,Invoice,Paid,2616.08,2025-08-31
11913,11913,Bank Transfer,Pending,95.94,2024-05-07
11914,11914,Card,Paid,850.31,2024-07-24
11915,11915,Invoice,Paid,758.61,2023-03-15
11916,11916,Bank Transfer,Paid,1170.34,2025-12-19
11917,11917,Invoice,Paid,378.65,2025-01-25
11918,11918,Card,Paid,469.48,2025-05-20
11919,11919,Card,Paid,1307.67,2025-09-16
11920,11920,Card,Paid,898.71,2025-07-20
11921,11921,Bank Transfer,Refunded,669.66,2023-08-26
11922,11922,PayPal,Paid,1787.87,2025-02-08
11923,11923,Invoice,Paid,978.42,2025-08-03
11924,11924,Bank Transfer,Paid,228.07,2023-08-21
11925,11925,Invoice,Pending,3793.51,2024-03-05
11926,11926,PayPal,Paid,1453.51,2025-12-04
11927,11927,PayPal,Paid,832.96,2023-08-21
11928,11928,PayPal,Paid,318.85,2023-04-03
11929,11929,Card,Paid,697.59,2024-11-06
11930,11930,Bank Transfer,Paid,4730.98,2025-08-02
11931,11931,Invoice,Paid,2014.59,2025-07-18
11932,11932,Invoice,Refunded,1806.27,2025-02-22
11933,11933,Invoice,Paid,1047.15,2025-12-31
11934,11934,Bank Transfer,Paid,301.37,2024-08-28
11935,11935,Invoice,Paid,369.29,2022-02-19
11936,11936,Invoice,Paid,660.48,2025-05-08
11937,11937,Bank Transfer,Refunded,310.31,2024-11-01
11938,11938,Invoice,Paid,442.28,2025-08-08
11939,11939,Invoice,Paid,1193.54,2023-03-29
11940,11940,Bank Transfer,Paid,525.05,2022-06-28
11941,11941,Invoice,Paid,441.71,2022-02-01
11942,11942,Invoice,Pending,189.94,2023-12-06
11943,11943,Card,Paid,1671.3,2023-10-29
11944,11944,Bank Transfer,Paid,796.2,2022-11-28
11945,11945,Bank Transfer,Paid,522.64,2024-01-16
11946,11946,Invoice,Paid,288.95,2024-05-04
11947,11947,Invoice,Refunded,215.24,2025-01-28
11948,11948,Bank Transfer,Paid,1620.06,2023-04-15
11949,11949,Card,Pending,754.31,2024-06-17
11950,11950,PayPal,Refunded,1394.01,2024-05-01
11951,11951,Invoice,Paid,1125.27,2023-10-25
11952,11952,Invoice,Paid,165.51,2024-05-23
11953,11953,PayPal,Paid,3236.23,2025-06-16
11954,11954,Invoice,Paid,1827.34,2024-10-17
11955,11955,Card,Paid,528.01,2025-12-27
11956,11956,PayPal,Pending,2451.88,2023-03-24
11957,11957,Bank Transfer,Paid,40.88,2023-04-15
11958,11958,Card,Paid,3379.85,2024-12-10
11959,11959,Card,Paid,795.6,2022-07-11
11960,11960,PayPal,Pending,467.46,2025-12-29
11961,11961,Invoice,Paid,544.98,2022-11-11
11962,11962,Invoice,Paid,3415.3,2024-12-27
11963,11963,PayPal,Paid,2214.34,2025-03-21
11964,11964,Invoice,Refunded,3136.96,2024-09-06
11965,11965,Card,Paid,1256.0,2024-12-30
11966,11966,Bank Transfer,Paid,473.0,2024-10-07
11967,11967,Invoice,Paid,970.78,2022-12-26
11968,11968,Invoice,Paid,415.62,2022-02-22
11969,11969,PayPal,Paid,1052.7,2022-09-18
11970,11970,PayPal,Paid,212.72,2025-11-23
11971,11971,Card,Paid,2277.07,2025-02-05
11972,11972,Invoice,Paid,769.78,2024-09-10
11973,11973,Bank Transfer,Paid,552.79,2023-03-22
11974,11974,PayPal,Paid,37.36,2023-04-10
11975,11975,Card,Pending,794.53,2024-12-07
11976,11976,Invoice,Pending,157.0,2024-05-09
11977,11977,Card,Paid,1342.41,2024-10-07
11978,11978,Card,Paid,623.78,2022-11-18
11979,11979,PayPal,Pending,1014.45,2025-11-16
11980,11980,Card,Paid,693.78,2022-12-31
11981,11981,PayPal,Refunded,701.44,2023-02-27
11982,11982,Bank Transfer,Paid,978.86,2023-11-06
11983,11983,Bank Transfer,Refunded,274.94,2022-10-04
11984,11984,PayPal,Paid,1208.29,2022-10-07
11985,11985,Invoice,Paid,1171.28,2023-01-30
11986,11986,Invoice,Paid,154.87,2022-04-28
11987,11987,Card,Refunded,369.92,2024-08-04
11988,11988,Bank Transfer,Paid,778.25,2023-12-04
11989,11989,Card,Paid,763.7,2025-07-04
11990,11990,PayPal,Paid,887.16,2023-08-13
11991,11991,Bank Transfer,Paid,679.34,2023-09-28
11992,11992,Invoice,Paid,584.92,2024-01-14
11993,11993,Card,Paid,583.64,2025-08-05
11994,11994,Invoice,Pending,1135.94,2022-10-07
11995,11995,Bank Transfer,Paid,2254.31,2024-07-12
11996,11996,Card,Paid,136.08,2025-05-11
11997,11997,PayPal,Pending,38.3,2024-11-05
11998,11998,PayPal,Paid,664.1,2023-09-20
11999,11999,Bank Transfer,Paid,752.53,2024-02-09
12000,12000,Bank Transfer,Paid,1561.55,2024-01-09
12001,12001,Bank Transfer,Paid,803.58,2023-08-04
12002,12002,Card,Paid,114.0,2023-05-15
12003,12003,Invoice,Paid,844.46,2023-05-04
12004,12004,Invoice,Paid,1806.69,2025-08-06
12005,12005,Bank Transfer,Pending,283.0,2022-04-15
12006,12006,Invoice,Pending,229.48,2023-09-28
12007,12007,Bank Transfer,Paid,1098.17,2025-05-06
12008,12008,Bank Transfer,Paid,1538.86,2022-01-27
12009,12009,PayPal,Paid,1110.49,2024-04-17
12010,12010,Card,Paid,945.56,2023-02-22
12011,12011,Invoice,Pending,412.6,2022-07-19
12012,12012,Card,Paid,254.98,2025-10-05
12013,12013,Invoice,Paid,3215.85,2025-10-01
12014,12014,Card,Paid,381.79,2025-12-19
12015,12015,Bank Transfer,Paid,630.91,2023-06-22
12016,12016,Card,Pending,1616.62,2023-05-01
12017,12017,Invoice,Pending,2128.75,2023-03-14
12018,12018,Bank Transfer,Pending,597.38,2023-06-12
12019,12019,Bank Transfer,Paid,515.25,2025-07-30
12020,12020,PayPal,Paid,1737.86,2024-12-22
12021,12021,Card,Paid,3051.01,2024-11-07
12022,12022,Invoice,Paid,555.86,2025-06-03
12023,12023,PayPal,Paid,1697.93,2024-05-11
12024,12024,PayPal,Paid,1022.01,2023-03-11
12025,12025,Card,Paid,2217.54,2024-11-07
12026,12026,Bank Transfer,Paid,815.33,2022-05-07
12027,12027,Card,Paid,347.97,2022-09-12
12028,12028,Invoice,Paid,546.57,2024-05-28
12029,12029,Card,Paid,783.97,2023-04-28
12030,12030,Card,Paid,3443.71,2025-05-31
12031,12031,Bank Transfer,Paid,1662.7,2024-11-08
12032,12032,Bank Transfer,Pending,1005.12,2025-08-19
12033,12033,Card,Paid,2124.95,2022-01-26
12034,12034,Bank Transfer,Pending,397.98,2024-07-16
12035,12035,Card,Paid,64.33,2023-11-07
12036,12036,Invoice,Pending,1027.58,2024-03-27
12037,12037,PayPal,Pending,1148.89,2023-05-13
12038,12038,Invoice,Pending,2495.73,2025-04-21
12039,12039,Bank Transfer,Paid,402.92,2022-01-03
12040,12040,Invoice,Paid,434.74,2024-11-06
12041,12041,Card,Paid,524.45,2025-04-19
12042,12042,Invoice,Pending,285.06,2022-04-30
12043,12043,PayPal,Paid,730.12,2023-11-17
12044,12044,Invoice,Pending,1265.61,2023-10-12
12045,12045,PayPal,Paid,694.14,2024-10-29
12046,12046,PayPal,Paid,680.59,2023-04-06
12047,12047,PayPal,Paid,1462.91,2024-12-19
12048,12048,Card,Paid,354.47,2023-04-02
12049,12049,PayPal,Paid,2020.61,2023-12-05
12050,12050,Invoice,Paid,2274.72,2025-03-22
12051,12051,Invoice,Pending,887.53,2025-06-29
12052,12052,Bank Transfer,Paid,848.51,2022-12-04
12053,12053,PayPal,Paid,998.01,2025-05-19
12054,12054,Card,Paid,364.91,2025-06-05
12055,12055,Invoice,Paid,1276.86,2022-08-13
12056,12056,Card,Paid,1076.87,2022-11-15
12057,12057,Card,Paid,589.77,2022-12-05
12058,12058,PayPal,Paid,2189.72,2024-10-19
12059,12059,Card,Paid,1207.91,2022-06-02
12060,12060,Bank Transfer,Pending,3131.42,2025-11-08
12061,12061,Bank Transfer,Paid,459.45,2025-08-20
12062,12062,Bank Transfer,Refunded,1179.12,2023-07-16
12063,12063,PayPal,Paid,1164.35,2024-07-23
12064,12064,Bank Transfer,Paid,469.55,2025-01-28
12065,12065,PayPal,Paid,2006.85,2024-11-03
12066,12066,Card,Paid,3636.3,2022-03-16
12067,12067,Bank Transfer,Paid,1770.48,2025-11-16
12068,12068,PayPal,Paid,196.84,2024-04-12
12069,12069,Invoice,Paid,1534.1,2023-05-23
12070,12070,Invoice,Paid,2988.78,2022-02-11
12071,12071,Card,Paid,965.66,2022-06-19
12072,12072,Bank Transfer,Paid,919.58,2025-01-20
12073,12073,PayPal,Paid,2664.24,2022-10-17
12074,12074,Bank Transfer,Pending,384.01,2024-07-14
12075,12075,Bank Transfer,Paid,1076.6,2024-07-21
12076,12076,Bank Transfer,Paid,405.48,2025-05-29
12077,12077,PayPal,Refunded,5386.31,2023-08-15
12078,12078,Card,Paid,146.46,2023-12-03
12079,12079,Invoice,Pending,596.28,2023-09-29
12080,12080,Card,Paid,588.34,2024-09-01
12081,12081,PayPal,Paid,1154.35,2022-08-13
12082,12082,Card,Paid,985.96,2025-01-14
12083,12083,PayPal,Paid,1391.37,2022-07-06
12084,12084,Card,Paid,2175.18,2025-10-30
12085,12085,PayPal,Paid,2246.93,2023-11-15
12086,12086,Invoice,Paid,1063.61,2023-06-09
12087,12087,PayPal,Pending,287.21,2022-03-23
12088,12088,Card,Paid,1582.75,2025-11-06
12089,12089,Card,Paid,448.99,2024-04-25
12090,12090,PayPal,Paid,752.81,2025-01-15
12091,12091,Invoice,Paid,346.77,2024-04-24
12092,12092,Invoice,Pending,630.53,2024-07-07
12093,12093,Invoice,Paid,102.17,2024-05-03
12094,12094,Invoice,Pending,884.93,2025-07-16
12095,12095,PayPal,Paid,1109.84,2022-01-13
12096,12096,PayPal,Paid,1683.55,2022-04-06
12097,12097,PayPal,Paid,1509.45,2023-12-19
12098,12098,Bank Transfer,Paid,1208.93,2024-01-25
12099,12099,PayPal,Pending,518.5,2022-06-12
12100,12100,Invoice,Paid,1376.91,2022-02-13
12101,12101,Bank Transfer,Paid,934.65,2022-09-11
12102,12102,PayPal,Paid,3964.04,2022-06-24
12103,12103,Card,Paid,592.08,2024-12-24
12104,12104,Card,Pending,1142.05,2024-10-14
12105,12105,Bank Transfer,Paid,741.4,2023-05-10
12106,12106,Card,Paid,789.28,2024-03-14
12107,12107,Bank Transfer,Paid,1979.04,2022-11-06
12108,12108,PayPal,Paid,922.61,2023-11-14
12109,12109,PayPal,Paid,4306.32,2023-09-05
12110,12110,Bank Transfer,Paid,1721.45,2025-04-24
12111,12111,Invoice,Pending,465.96,2023-06-23
12112,12112,Card,Paid,325.13,2025-07-06
12113,12113,Invoice,Paid,944.32,2024-11-27
12114,12114,Card,Paid,790.85,2024-01-25
12115,12115,Bank Transfer,Pending,302.0,2023-12-13
12116,12116,PayPal,Paid,885.81,2025-08-10
12117,12117,PayPal,Paid,442.66,2024-04-26
12118,12118,Card,Paid,18.57,2022-04-26
12119,12119,Card,Pending,885.39,2023-01-11
12120,12120,PayPal,Paid,1578.38,2025-10-06
12121,12121,Invoice,Paid,472.71,2023-08-19
12122,12122,Card,Pending,3753.7,2023-01-17
12123,12123,Invoice,Paid,401.66,2023-02-08
12124,12124,PayPal,Paid,1027.77,2024-12-21
12125,12125,Bank Transfer,Paid,1571.69,2024-11-08
12126,12126,PayPal,Paid,284.9,2022-05-18
12127,12127,Card,Paid,2884.58,2022-10-01
12128,12128,Card,Pending,1000.88,2022-12-22
12129,12129,Invoice,Paid,3941.39,2024-06-30
12130,12130,PayPal,Paid,397.32,2024-10-09
12131,12131,Bank Transfer,Paid,898.08,2024-11-30
12132,12132,Bank Transfer,Paid,726.2,2024-03-31
12133,12133,PayPal,Paid,1481.37,2024-08-12
12134,12134,PayPal,Paid,910.83,2024-05-01
12135,12135,Invoice,Refunded,158.94,2024-07-01
12136,12136,Bank Transfer,Paid,981.78,2024-01-07
12137,12137,Invoice,Paid,1079.43,2022-12-05
12138,12138,PayPal,Refunded,547.27,2025-02-16
12139,12139,PayPal,Paid,1931.19,2024-07-15
12140,12140,Bank Transfer,Paid,628.72,2025-11-13
12141,12141,Invoice,Paid,611.07,2023-10-06
12142,12142,Invoice,Paid,2941.45,2023-03-25
12143,12143,Bank Transfer,Paid,469.9,2022-04-22
12144,12144,Invoice,Paid,937.7,2022-08-19
12145,12145,Invoice,Paid,184.2,2022-06-13
12146,12146,Invoice,Pending,964.89,2024-01-24
12147,12147,Invoice,Paid,154.49,2022-05-05
12148,12148,Bank Transfer,Paid,242.73,2025-07-10
12149,12149,PayPal,Paid,383.09,2024-10-07
12150,12150,Invoice,Paid,594.67,2023-11-03
12151,12151,Card,Paid,798.26,2023-11-12
12152,12152,Bank Transfer,Refunded,481.36,2024-08-31
12153,12153,PayPal,Pending,358.37,2025-12-16
12154,12154,Card,Paid,655.8,2023-05-14
12155,12155,Invoice,Refunded,565.16,2022-08-20
12156,12156,Bank Transfer,Paid,2079.76,2022-04-24
12157,12157,Bank Transfer,Paid,2361.58,2025-08-27
12158,12158,PayPal,Paid,1109.34,2023-02-15
12159,12159,Card,Paid,308.15,2024-08-08
12160,12160,Card,Pending,116.38,2024-01-18
12161,12161,Invoice,Paid,1383.34,2025-10-11
12162,12162,PayPal,Paid,290.64,2022-05-23
12163,12163,PayPal,Paid,365.03,2022-09-30
12164,12164,Card,Pending,1802.7,2023-12-24
12165,12165,Bank Transfer,Paid,1069.05,2023-07-16
12166,12166,PayPal,Pending,1089.01,2023-12-10
12167,12167,Card,Paid,281.89,2022-05-13
12168,12168,Bank Transfer,Paid,1545.74,2022-11-24
12169,12169,Invoice,Paid,3163.59,2022-10-25
12170,12170,PayPal,Paid,828.1,2025-06-30
12171,12171,PayPal,Paid,1529.09,2022-05-23
12172,12172,PayPal,Paid,466.88,2023-10-15
12173,12173,Card,Pending,230.7,2025-08-06
12174,12174,PayPal,Paid,135.16,2024-02-05
12175,12175,Card,Paid,666.54,2022-12-15
12176,12176,Bank Transfer,Paid,2139.02,2025-05-06
12177,12177,Card,Refunded,266.71,2025-02-03
12178,12178,Card,Paid,885.41,2024-10-13
12179,12179,Card,Pending,2130.27,2024-12-11
12180,12180,Invoice,Paid,1531.6,2022-06-26
12181,12181,Bank Transfer,Paid,563.01,2024-02-21
12182,12182,Card,Pending,1126.56,2023-11-13
12183,12183,PayPal,Paid,985.58,2024-11-13
12184,12184,Card,Paid,1903.87,2025-12-27
12185,12185,Card,Paid,1027.47,2023-08-30
12186,12186,Card,Paid,94.29,2023-08-18
12187,12187,Bank Transfer,Paid,3040.3,2022-03-20
12188,12188,Bank Transfer,Paid,1126.09,2023-04-12
12189,12189,Invoice,Paid,1646.4,2023-01-13
12190,12190,Invoice,Refunded,920.34,2023-01-29
12191,12191,Bank Transfer,Paid,2366.14,2025-07-01
12192,12192,Card,Paid,993.25,2024-11-25
12193,12193,Card,Paid,1251.08,2023-10-12
12194,12194,Card,Paid,1131.6,2024-11-22
12195,12195,Bank Transfer,Paid,3780.91,2024-08-29
12196,12196,Card,Pending,369.18,2024-10-29
12197,12197,Bank Transfer,Paid,169.26,2023-01-05
12198,12198,Card,Paid,1268.65,2022-07-03
12199,12199,Card,Paid,1635.5,2022-04-30
12200,12200,Invoice,Pending,2662.83,2024-12-11
12201,12201,Invoice,Paid,2928.6,2022-12-17
12202,12202,Card,Paid,454.38,2025-07-29
12203,12203,PayPal,Paid,46.2,2025-01-18
12204,12204,Card,Pending,1014.45,2024-11-04
12205,12205,Card,Pending,2277.59,2025-09-19
12206,12206,Bank Transfer,Paid,450.01,2022-05-30
12207,12207,PayPal,Paid,1280.21,2022-02-19
12208,12208,Card,Pending,406.38,2022-12-19
12209,12209,PayPal,Paid,609.51,2022-10-11
12210,12210,Card,Paid,1214.11,2023-12-07
12211,12211,Card,Paid,2739.43,2022-10-12
12212,12212,Bank Transfer,Paid,2114.94,2024-01-04
12213,12213,Bank Transfer,Paid,1342.13,2025-06-22
12214,12214,Card,Paid,1452.95,2025-08-03
12215,12215,Bank Transfer,Paid,850.57,2025-03-03
12216,12216,PayPal,Paid,178.85,2024-04-21
12217,12217,Card,Paid,363.87,2023-09-20
12218,12218,Card,Paid,153.67,2023-09-08
12219,12219,PayPal,Pending,2240.22,2023-02-16
12220,12220,Invoice,Paid,4593.0,2022-09-03
12221,12221,Card,Paid,135.1,2025-11-21
12222,12222,PayPal,Paid,1039.62,2024-05-18
12223,12223,PayPal,Pending,3628.12,2023-09-26
12224,12224,Bank Transfer,Paid,1155.74,2025-09-30
12225,12225,Invoice,Pending,747.5,2025-10-29
12226,12226,Card,Paid,1543.88,2023-07-16
12227,12227,Bank Transfer,Paid,3687.47,2024-11-25
12228,12228,Invoice,Paid,1406.13,2022-07-24
12229,12229,Bank Transfer,Paid,401.86,2024-10-16
12230,12230,Bank Transfer,Refunded,1831.4,2022-08-23
12231,12231,Card,Pending,1215.0,2023-11-25
12232,12232,Card,Paid,284.71,2022-04-06
12233,12233,PayPal,Paid,412.9,2024-06-12
12234,12234,Bank Transfer,Paid,3571.79,2024-11-30
12235,12235,Card,Pending,2043.4,2022-10-17
12236,12236,Bank Transfer,Paid,205.64,2024-10-07
12237,12237,Bank Transfer,Paid,920.56,2023-09-06
12238,12238,Bank Transfer,Pending,1096.37,2022-10-03
12239,12239,PayPal,Pending,344.93,2022-06-03
12240,12240,PayPal,Paid,965.99,2024-05-21
12241,12241,Invoice,Pending,148.69,2024-12-16
12242,12242,PayPal,Paid,879.74,2022-07-24
12243,12243,Card,Paid,707.38,2022-12-18
12244,12244,Card,Paid,2455.74,2022-11-08
12245,12245,Card,Pending,618.55,2023-07-18
12246,12246,Bank Transfer,Pending,551.89,2022-03-25
12247,12247,PayPal,Paid,1199.93,2022-12-10
12248,12248,PayPal,Pending,668.75,2022-09-27
12249,12249,Card,Pending,238.13,2024-01-03
12250,12250,PayPal,Paid,467.01,2022-03-13
12251,12251,Card,Refunded,1790.25,2024-11-29
12252,12252,Bank Transfer,Pending,126.66,2022-03-21
12253,12253,Invoice,Refunded,404.81,2023-04-13
12254,12254,PayPal,Paid,210.04,2025-11-11
12255,12255,Invoice,Paid,2231.34,2024-05-18
12256,12256,PayPal,Pending,2681.99,2023-05-23
12257,12257,Card,Paid,3536.45,2023-12-09
12258,12258,PayPal,Paid,1359.91,2024-12-22
12259,12259,PayPal,Paid,1310.04,2024-09-06
12260,12260,Bank Transfer,Paid,351.79,2024-07-25
12261,12261,Card,Paid,469.48,2023-07-18
12262,12262,Invoice,Pending,2481.29,2024-05-04
12263,12263,PayPal,Paid,1982.85,2023-10-11
12264,12264,Bank Transfer,Paid,1408.61,2025-12-10
12265,12265,PayPal,Paid,1423.03,2022-10-18
12266,12266,Bank Transfer,Paid,517.36,2024-12-19
12267,12267,Invoice,Paid,420.81,2025-05-22
12268,12268,PayPal,Paid,90.22,2025-08-14
12269,12269,Bank Transfer,Paid,799.35,2022-04-19
12270,12270,Bank Transfer,Paid,2383.11,2023-10-13
12271,12271,PayPal,Paid,519.02,2024-08-02
12272,12272,Invoice,Refunded,1075.31,2024-11-30
12273,12273,Bank Transfer,Paid,3388.12,2022-03-17
12274,12274,Bank Transfer,Paid,272.04,2022-12-17
12275,12275,Invoice,Pending,2285.61,2023-11-10
12276,12276,Invoice,Paid,220.62,2022-08-20
12277,12277,Bank Transfer,Paid,1692.18,2024-03-07
12278,12278,Invoice,Paid,300.21,2022-01-29
12279,12279,Card,Paid,613.16,2025-10-21
12280,12280,Card,Pending,213.87,2024-03-29
12281,12281,Bank Transfer,Paid,2934.21,2023-05-05
12282,12282,Invoice,Paid,1341.67,2025-02-12
12283,12283,Card,Paid,2727.82,2024-11-11
12284,12284,Card,Paid,3268.91,2025-07-13
12285,12285,Bank Transfer,Paid,879.56,2022-12-15
12286,12286,PayPal,Paid,989.16,2023-11-18
12287,12287,Invoice,Paid,439.7,2023-02-09
12288,12288,Bank Transfer,Paid,1311.4,2024-05-11
12289,12289,Bank Transfer,Paid,1933.1,2024-08-20
12290,12290,Bank Transfer,Paid,620.11,2024-12-17
12291,12291,PayPal,Paid,164.22,2025-01-02
12292,12292,Bank Transfer,Paid,1430.34,2025-10-22
12293,12293,Bank Transfer,Pending,2756.96,2024-11-13
12294,12294,Card,Paid,1001.04,2024-10-27
12295,12295,PayPal,Paid,769.06,2022-05-18
12296,12296,Card,Paid,651.07,2025-11-23
12297,12297,Card,Paid,2405.21,2025-11-18
12298,12298,PayPal,Refunded,667.46,2023-11-07
12299,12299,Bank Transfer,Pending,1074.65,2024-12-16
12300,12300,PayPal,Paid,1235.16,2025-04-13
12301,12301,PayPal,Pending,583.95,2025-11-11
12302,12302,Card,Pending,325.6,2023-05-09
12303,12303,Bank Transfer,Pending,615.06,2023-09-03
12304,12304,Bank Transfer,Paid,401.58,2024-12-02
12305,12305,Card,Paid,957.73,2024-12-02
12306,12306,Card,Paid,365.34,2025-09-19
12307,12307,Bank Transfer,Paid,192.92,2023-10-18
12308,12308,Invoice,Paid,1029.95,2025-12-24
12309,12309,Invoice,Refunded,448.02,2023-01-09
12310,12310,Bank Transfer,Paid,790.38,2022-03-15
12311,12311,PayPal,Paid,4598.83,2022-08-12
12312,12312,Card,Pending,2801.3,2023-12-19
12313,12313,Invoice,Paid,266.84,2025-10-20
12314,12314,Card,Paid,270.65,2023-10-24
12315,12315,Card,Paid,423.26,2024-09-13
12316,12316,Card,Paid,832.65,2023-04-30
12317,12317,PayPal,Pending,364.05,2024-06-09
12318,12318,PayPal,Paid,698.3,2024-01-25
12319,12319,Invoice,Paid,2927.75,2025-05-02
12320,12320,PayPal,Paid,1444.04,2022-09-06
12321,12321,Invoice,Paid,1095.24,2022-03-19
12322,12322,Invoice,Paid,359.14,2024-06-13
12323,12323,Invoice,Pending,673.54,2022-07-31
12324,12324,PayPal,Paid,535.51,2024-09-26
12325,12325,Invoice,Paid,889.74,2025-05-30
12326,12326,Bank Transfer,Paid,1319.82,2024-11-18
12327,12327,Card,Paid,511.43,2022-03-28
12328,12328,Bank Transfer,Paid,314.15,2022-12-07
12329,12329,Card,Paid,780.71,2022-08-23
12330,12330,Card,Pending,392.34,2023-07-13
12331,12331,PayPal,Paid,1482.46,2025-10-11
12332,12332,Bank Transfer,Paid,1164.84,2023-10-28
12333,12333,Invoice,Paid,70.52,2022-10-12
12334,12334,PayPal,Pending,1074.82,2025-06-14
12335,12335,Bank Transfer,Paid,404.43,2022-02-23
12336,12336,Invoice,Paid,1135.8,2025-03-27
12337,12337,Card,Pending,1991.05,2023-12-01
12338,12338,Invoice,Paid,2073.76,2024-12-21
12339,12339,Bank Transfer,Paid,2107.92,2025-09-26
12340,12340,PayPal,Paid,600.37,2023-08-21
12341,12341,Invoice,Paid,2451.32,2022-02-13
12342,12342,Bank Transfer,Paid,568.97,2025-08-14
12343,12343,PayPal,Paid,336.62,2023-05-25
12344,12344,Bank Transfer,Pending,519.45,2025-02-20
12345,12345,Bank Transfer,Pending,1634.04,2023-11-05
12346,12346,Invoice,Pending,2077.82,2022-09-06
12347,12347,Invoice,Paid,1986.82,2024-05-23
12348,12348,Bank Transfer,Paid,165.29,2025-12-25
12349,12349,Bank Transfer,Paid,1001.43,2024-05-06
12350,12350,PayPal,Paid,713.29,2022-12-14
12351,12351,Invoice,Paid,251.05,2022-07-09
12352,12352,Card,Paid,561.42,2024-03-12
12353,12353,PayPal,Paid,569.88,2022-08-11
12354,12354,PayPal,Paid,1606.74,2024-08-25
12355,12355,PayPal,Paid,4413.19,2023-01-22
12356,12356,Card,Pending,563.16,2023-02-15
12357,12357,Card,Paid,626.78,2023-03-20
12358,12358,Bank Transfer,Paid,2869.79,2024-12-09
12359,12359,Invoice,Pending,347.85,2023-11-07
12360,12360,Bank Transfer,Paid,3081.91,2023-11-03
12361,12361,PayPal,Paid,1469.58,2024-06-19
12362,12362,Card,Pending,923.09,2023-05-10
12363,12363,Bank Transfer,Refunded,2280.04,2025-11-28
12364,12364,Bank Transfer,Paid,752.32,2022-09-30
12365,12365,PayPal,Pending,667.05,2022-07-05
12366,12366,PayPal,Paid,178.95,2024-12-08
12367,12367,Invoice,Pending,1288.65,2025-10-22
12368,12368,PayPal,Pending,861.94,2022-08-05
12369,12369,Card,Paid,148.83,2022-05-18
12370,12370,PayPal,Pending,145.84,2023-05-04
12371,12371,PayPal,Pending,925.59,2024-07-21
12372,12372,Card,Paid,396.02,2022-05-29
12373,12373,Card,Paid,440.59,2025-07-13
12374,12374,Card,Paid,2703.96,2025-05-28
12375,12375,PayPal,Paid,1249.23,2024-04-28
12376,12376,Card,Paid,169.46,2022-05-24
12377,12377,Invoice,Paid,798.22,2024-08-13
12378,12378,Bank Transfer,Paid,1915.1,2025-12-20
12379,12379,Bank Transfer,Paid,814.22,2024-10-03
12380,12380,Card,Paid,1832.29,2023-08-23
12381,12381,Bank Transfer,Pending,795.76,2022-02-01
12382,12382,PayPal,Pending,1592.75,2024-08-26
12383,12383,Card,Paid,339.19,2022-10-01
12384,12384,PayPal,Paid,94.92,2023-11-08
12385,12385,Invoice,Paid,234.97,2025-08-16
12386,12386,Invoice,Refunded,2532.28,2022-05-15
12387,12387,Invoice,Pending,433.92,2023-12-10
12388,12388,Bank Transfer,Pending,2193.8,2023-07-01
12389,12389,Bank Transfer,Pending,1679.85,2025-12-01
12390,12390,PayPal,Pending,412.84,2023-05-19
12391,12391,PayPal,Paid,201.61,2024-07-11
12392,12392,Invoice,Refunded,663.7,2024-12-10
12393,12393,Bank Transfer,Paid,990.06,2023-07-31
12394,12394,Bank Transfer,Paid,2392.93,2023-08-22
12395,12395,Card,Paid,260.31,2024-08-30
12396,12396,PayPal,Paid,841.23,2024-05-01
12397,12397,Invoice,Paid,1448.63,2024-10-03
12398,12398,Card,Refunded,931.68,2022-07-06
12399,12399,Invoice,Pending,1115.32,2023-11-08
12400,12400,Card,Refunded,1494.75,2024-05-21
12401,12401,Card,Paid,2339.9,2023-03-20
12402,12402,PayPal,Paid,1169.22,2025-06-20
12403,12403,Invoice,Paid,293.95,2022-05-26
12404,12404,PayPal,Paid,3246.67,2022-08-27
12405,12405,Invoice,Refunded,955.86,2023-12-25
12406,12406,Bank Transfer,Paid,680.04,2024-07-30
12407,12407,Bank Transfer,Paid,1491.25,2022-08-28
12408,12408,Invoice,Paid,1619.96,2023-02-07
12409,12409,PayPal,Refunded,2011.23,2022-05-24
12410,12410,Invoice,Pending,603.17,2025-11-18
12411,12411,PayPal,Pending,789.48,2025-08-23
12412,12412,Invoice,Paid,844.64,2022-10-23
12413,12413,Bank Transfer,Pending,3206.67,2022-10-05
12414,12414,Card,Paid,439.72,2024-06-19
12415,12415,Invoice,Pending,1287.65,2023-05-10
12416,12416,Bank Transfer,Paid,3504.13,2024-06-02
12417,12417,PayPal,Pending,1556.28,2024-07-24
12418,12418,PayPal,Paid,1900.85,2025-08-23
12419,12419,Bank Transfer,Paid,327.58,2022-12-26
12420,12420,Card,Paid,1820.04,2023-12-08
12421,12421,Card,Paid,3006.53,2022-03-25
12422,12422,Invoice,Paid,1550.66,2023-04-24
12423,12423,Card,Paid,432.73,2022-06-03
12424,12424,Invoice,Paid,3722.29,2024-11-26
12425,12425,PayPal,Paid,484.09,2025-06-16
12426,12426,Bank Transfer,Pending,380.49,2024-12-30
12427,12427,Bank Transfer,Paid,251.32,2025-04-28
12428,12428,Invoice,Paid,655.87,2023-09-28
12429,12429,Bank Transfer,Paid,1495.99,2025-06-14
12430,12430,Invoice,Pending,2025.2,2024-12-09
12431,12431,PayPal,Paid,1281.76,2023-03-05
12432,12432,PayPal,Paid,267.07,2022-05-20
12433,12433,Invoice,Paid,278.1,2023-04-11
12434,12434,Card,Paid,1922.48,2023-06-22
12435,12435,Bank Transfer,Paid,3530.18,2022-11-24
12436,12436,Invoice,Paid,964.02,2022-05-07
12437,12437,Invoice,Paid,1308.82,2023-04-17
12438,12438,Invoice,Paid,716.03,2023-10-20
12439,12439,PayPal,Paid,1286.81,2022-09-06
12440,12440,Invoice,Paid,1963.53,2025-09-22
12441,12441,PayPal,Paid,278.73,2024-05-08
12442,12442,Invoice,Paid,3226.63,2024-12-23
12443,12443,Card,Paid,1869.6,2023-05-20
12444,12444,Invoice,Paid,3049.2,2023-11-19
12445,12445,Bank Transfer,Pending,1577.77,2025-01-08
12446,12446,Card,Paid,1763.87,2025-02-12
12447,12447,PayPal,Paid,1948.5,2023-05-09
12448,12448,Card,Paid,279.63,2022-04-26
12449,12449,Bank Transfer,Paid,956.22,2025-10-10
12450,12450,Card,Paid,1036.84,2022-04-02
12451,12451,PayPal,Pending,297.48,2025-07-10
12452,12452,Invoice,Paid,363.42,2024-12-01
12453,12453,PayPal,Paid,503.73,2022-08-07
12454,12454,Invoice,Paid,1008.86,2022-11-06
12455,12455,Card,Paid,936.18,2024-08-09
12456,12456,PayPal,Paid,1143.24,2023-10-21
12457,12457,PayPal,Paid,1791.5,2025-11-28
12458,12458,Invoice,Paid,685.76,2025-10-27
12459,12459,Bank Transfer,Paid,939.39,2025-07-16
12460,12460,Card,Paid,245.19,2024-09-12
12461,12461,Card,Paid,640.22,2024-04-05
12462,12462,Card,Paid,177.15,2023-09-29
12463,12463,Card,Paid,127.62,2024-11-12
12464,12464,Card,Paid,1096.7,2023-10-28
12465,12465,Bank Transfer,Paid,418.62,2025-07-08
12466,12466,PayPal,Pending,803.44,2023-02-01
12467,12467,Card,Paid,2242.68,2024-04-18
12468,12468,Bank Transfer,Pending,259.8,2022-09-02
12469,12469,Bank Transfer,Paid,906.18,2025-11-26
12470,12470,PayPal,Refunded,2046.07,2022-12-17
12471,12471,Invoice,Pending,2374.36,2025-12-21
12472,12472,Card,Paid,1718.42,2022-03-21
12473,12473,Bank Transfer,Paid,645.37,2024-05-21
12474,12474,PayPal,Refunded,922.08,2023-07-05
12475,12475,PayPal,Paid,126.4,2024-11-14
12476,12476,PayPal,Pending,2213.18,2022-05-22
12477,12477,Bank Transfer,Paid,2001.97,2022-11-22
12478,12478,Bank Transfer,Paid,398.16,2025-11-04
12479,12479,Bank Transfer,Paid,2209.52,2023-11-20
12480,12480,PayPal,Paid,1493.1,2024-07-28
12481,12481,PayPal,Paid,1754.54,2023-10-25
12482,12482,Card,Paid,1567.3,2025-10-01
12483,12483,Card,Paid,746.23,2024-10-20
12484,12484,Invoice,Paid,272.22,2023-08-07
12485,12485,Bank Transfer,Paid,1924.75,2025-08-12
12486,12486,Invoice,Paid,440.18,2024-07-08
12487,12487,PayPal,Paid,300.55,2024-09-27
12488,12488,Bank Transfer,Paid,951.4,2022-07-01
12489,12489,Bank Transfer,Paid,163.86,2025-08-26
12490,12490,Bank Transfer,Paid,321.39,2025-01-11
12491,12491,Card,Paid,353.94,2025-06-03
12492,12492,PayPal,Pending,255.56,2025-01-09
12493,12493,Card,Paid,467.17,2024-11-19
12494,12494,PayPal,Paid,184.49,2024-07-11
12495,12495,Card,Paid,1030.11,2024-04-14
12496,12496,Bank Transfer,Paid,2390.26,2023-04-10
12497,12497,Card,Paid,2569.81,2023-05-27
12498,12498,PayPal,Paid,2358.13,2022-11-28
12499,12499,PayPal,Paid,701.14,2023-04-23
12500,12500,Bank Transfer,Paid,3017.66,2023-03-13
12501,12501,Bank Transfer,Paid,2190.81,2024-10-29
12502,12502,PayPal,Paid,184.98,2022-05-02
12503,12503,Card,Paid,786.68,2023-01-07
12504,12504,Invoice,Paid,716.53,2022-12-01
12505,12505,Card,Paid,2402.5,2023-09-05
12506,12506,Invoice,Pending,993.85,2025-06-30
12507,12507,Bank Transfer,Pending,458.73,2024-04-25
12508,12508,PayPal,Pending,70.95,2024-07-20
12509,12509,Invoice,Paid,310.1,2024-12-27
12510,12510,Card,Paid,643.82,2024-12-21
12511,12511,Card,Paid,1096.04,2024-04-26
12512,12512,Bank Transfer,Paid,438.09,2025-01-09
12513,12513,Invoice,Paid,1378.92,2023-11-19
12514,12514,Bank Transfer,Paid,2861.48,2023-04-19
12515,12515,PayPal,Paid,287.91,2022-09-19
12516,12516,PayPal,Pending,2154.17,2025-12-06
12517,12517,Invoice,Paid,1931.8,2023-04-04
12518,12518,Card,Pending,1617.66,2024-04-01
12519,12519,Bank Transfer,Paid,1035.98,2024-03-25
12520,12520,Bank Transfer,Paid,271.45,2023-12-30
12521,12521,Bank Transfer,Refunded,363.85,2023-12-10
12522,12522,Bank Transfer,Pending,266.71,2025-10-17
12523,12523,Card,Paid,1635.65,2024-04-16
12524,12524,PayPal,Pending,822.25,2025-11-22
12525,12525,Invoice,Paid,4320.49,2025-03-12
12526,12526,PayPal,Paid,3460.39,2024-06-23
12527,12527,PayPal,Pending,5342.84,2025-06-06
12528,12528,Invoice,Paid,104.75,2025-07-23
12529,12529,Bank Transfer,Paid,1625.16,2022-11-16
12530,12530,PayPal,Paid,937.25,2025-07-12
12531,12531,Card,Paid,3051.96,2022-05-05
12532,12532,Invoice,Paid,1253.54,2023-07-09
12533,12533,Invoice,Paid,2036.67,2025-02-03
12534,12534,Bank Transfer,Pending,1278.61,2023-07-31
12535,12535,Card,Paid,578.74,2025-04-13
12536,12536,Bank Transfer,Paid,413.86,2024-11-01
12537,12537,Bank Transfer,Paid,1939.21,2023-11-15
12538,12538,Invoice,Paid,1044.15,2022-11-14
12539,12539,Invoice,Paid,354.18,2022-04-17
12540,12540,Invoice,Pending,2801.05,2024-03-24
12541,12541,Card,Pending,1408.71,2025-06-22
12542,12542,Invoice,Paid,461.66,2025-12-18
12543,12543,Invoice,Paid,257.05,2024-11-21
12544,12544,Bank Transfer,Paid,686.82,2022-01-15
12545,12545,Invoice,Paid,1115.19,2024-10-09
12546,12546,Invoice,Paid,2147.58,2025-03-21
12547,12547,Invoice,Paid,1543.44,2025-11-09
12548,12548,PayPal,Pending,1897.57,2022-02-06
12549,12549,Card,Paid,720.54,2022-05-15
12550,12550,Invoice,Paid,1534.17,2025-04-30
12551,12551,Invoice,Paid,780.4,2024-05-17
12552,12552,Invoice,Paid,447.8,2023-12-17
12553,12553,Invoice,Paid,2525.41,2025-11-19
12554,12554,Bank Transfer,Paid,690.84,2025-04-04
12555,12555,Bank Transfer,Paid,815.27,2023-12-14
12556,12556,Bank Transfer,Pending,369.28,2023-11-12
12557,12557,PayPal,Paid,1569.7,2025-12-13
12558,12558,Invoice,Paid,883.75,2024-02-08
12559,12559,Invoice,Paid,345.65,2024-05-17
12560,12560,Invoice,Paid,48.02,2024-09-10
12561,12561,PayPal,Paid,109.46,2024-11-30
12562,12562,Card,Paid,883.14,2022-08-29
12563,12563,Invoice,Paid,1908.98,2023-03-09
12564,12564,Invoice,Paid,1566.39,2022-09-24
12565,12565,Card,Paid,2223.01,2025-08-10
12566,12566,Bank Transfer,Refunded,1634.65,2023-08-04
12567,12567,Card,Paid,980.44,2025-03-28
12568,12568,PayPal,Pending,851.58,2025-11-14
12569,12569,PayPal,Paid,2750.93,2025-04-15
12570,12570,Card,Paid,1222.61,2025-03-08
12571,12571,PayPal,Paid,454.33,2023-11-29
12572,12572,Bank Transfer,Paid,1929.19,2025-06-29
12573,12573,Card,Paid,16.72,2022-01-07
12574,12574,PayPal,Pending,204.56,2024-01-31
12575,12575,Bank Transfer,Paid,1473.39,2024-09-01
12576,12576,PayPal,Paid,195.64,2023-05-06
12577,12577,Bank Transfer,Paid,3104.88,2024-01-16
12578,12578,Invoice,Paid,33.41,2025-12-11
12579,12579,Card,Pending,2243.11,2022-12-12
12580,12580,PayPal,Paid,255.03,2024-10-20
12581,12581,PayPal,Pending,2105.83,2024-12-07
12582,12582,Invoice,Paid,922.84,2023-09-10
12583,12583,PayPal,Paid,2463.53,2025-11-07
12584,12584,PayPal,Paid,4382.56,2023-06-02
12585,12585,Card,Paid,571.62,2024-04-23
12586,12586,PayPal,Pending,1235.04,2023-03-17
12587,12587,PayPal,Refunded,2039.9,2023-07-26
12588,12588,PayPal,Paid,701.9,2023-01-10
12589,12589,Card,Pending,3052.41,2025-10-11
12590,12590,Bank Transfer,Paid,618.6,2022-05-01
12591,12591,Invoice,Paid,1144.11,2022-04-01
12592,12592,Invoice,Refunded,463.12,2025-09-06
12593,12593,Bank Transfer,Paid,727.81,2024-04-29
12594,12594,PayPal,Paid,6044.15,2022-05-10
12595,12595,Invoice,Paid,151.38,2022-09-05
12596,12596,PayPal,Pending,2233.61,2025-07-01
12597,12597,Card,Pending,393.22,2022-11-28
12598,12598,Invoice,Paid,944.75,2024-01-11
12599,12599,Bank Transfer,Paid,1490.83,2022-08-27
12600,12600,Invoice,Paid,1751.9,2022-07-02
12601,12601,Bank Transfer,Paid,1067.22,2025-05-31
12602,12602,Bank Transfer,Paid,308.0,2024-01-14
12603,12603,Invoice,Paid,1355.38,2025-09-11
12604,12604,Bank Transfer,Paid,171.94,2025-11-29
12605,12605,PayPal,Paid,187.16,2022-12-29
12606,12606,PayPal,Paid,1291.89,2022-11-01
12607,12607,Bank Transfer,Paid,916.3,2022-04-14
12608,12608,Bank Transfer,Paid,227.87,2023-07-01
12609,12609,Invoice,Paid,431.64,2023-12-24
12610,12610,Bank Transfer,Refunded,85.5,2024-12-25
12611,12611,Invoice,Paid,276.29,2025-01-20
12612,12612,Invoice,Paid,1045.06,2023-08-09
12613,12613,Invoice,Paid,586.48,2024-09-07
12614,12614,PayPal,Paid,224.71,2025-02-16
12615,12615,PayPal,Refunded,590.55,2023-08-10
12616,12616,Invoice,Paid,73.32,2025-05-28
12617,12617,Bank Transfer,Paid,358.16,2022-11-18
12618,12618,PayPal,Paid,4550.29,2025-07-29
12619,12619,Card,Paid,785.52,2022-07-24
12620,12620,Bank Transfer,Refunded,358.19,2024-10-26
12621,12621,Card,Refunded,306.63,2024-07-13
12622,12622,PayPal,Paid,824.77,2023-12-09
12623,12623,Invoice,Paid,2822.61,2024-06-24
12624,12624,Bank Transfer,Paid,1173.17,2023-02-12
12625,12625,PayPal,Paid,503.32,2025-08-26
12626,12626,Invoice,Pending,348.15,2023-11-06
12627,12627,Invoice,Paid,288.12,2025-08-03
12628,12628,Invoice,Paid,619.17,2024-08-23
12629,12629,PayPal,Paid,808.77,2024-12-12
12630,12630,Bank Transfer,Pending,87.72,2025-02-15
12631,12631,PayPal,Pending,195.15,2022-03-19
12632,12632,Bank Transfer,Paid,594.47,2023-10-03
12633,12633,PayPal,Pending,2206.58,2022-05-22
12634,12634,Bank Transfer,Paid,825.02,2024-09-19
12635,12635,Invoice,Paid,568.22,2023-10-07
12636,12636,PayPal,Paid,2297.89,2022-07-01
12637,12637,PayPal,Paid,50.73,2022-07-03
12638,12638,Bank Transfer,Paid,1101.65,2024-06-25
12639,12639,Card,Paid,860.01,2023-03-24
12640,12640,Bank Transfer,Paid,596.3,2025-05-29
12641,12641,Card,Paid,645.61,2022-05-23
12642,12642,PayPal,Paid,2207.48,2023-04-09
12643,12643,Invoice,Pending,1124.0,2025-12-06
12644,12644,PayPal,Paid,1345.89,2025-04-14
12645,12645,Card,Paid,765.11,2025-02-22
12646,12646,Card,Pending,721.97,2023-07-01
12647,12647,Card,Paid,82.66,2025-07-11
12648,12648,Bank Transfer,Paid,243.76,2024-12-13
12649,12649,Bank Transfer,Pending,878.71,2023-10-06
12650,12650,Card,Paid,251.9,2025-10-28
12651,12651,PayPal,Paid,1093.62,2023-02-04
12652,12652,Bank Transfer,Refunded,1229.21,2022-11-16
12653,12653,Invoice,Paid,965.39,2023-01-14
12654,12654,Bank Transfer,Paid,2672.3,2025-10-01
12655,12655,Invoice,Paid,889.83,2024-09-09
12656,12656,PayPal,Paid,2513.9,2022-11-30
12657,12657,Invoice,Paid,1012.52,2022-10-09
12658,12658,Invoice,Paid,3202.01,2023-05-28
12659,12659,Card,Paid,1557.85,2024-03-24
12660,12660,Card,Paid,2662.4,2023-12-31
12661,12661,Bank Transfer,Pending,714.45,2025-04-20
12662,12662,PayPal,Paid,138.85,2024-06-03
12663,12663,Bank Transfer,Paid,3688.83,2025-12-01
12664,12664,PayPal,Paid,3915.97,2024-06-17
12665,12665,Invoice,Paid,1384.86,2023-06-20
12666,12666,PayPal,Paid,1301.46,2022-11-20
12667,12667,Bank Transfer,Pending,2313.2,2025-07-04
12668,12668,Bank Transfer,Pending,852.64,2022-06-27
12669,12669,Invoice,Paid,151.2,2022-08-27
12670,12670,Bank Transfer,Paid,3846.27,2023-07-22
12671,12671,Bank Transfer,Pending,3686.15,2023-10-28
12672,12672,Invoice,Refunded,563.84,2023-04-03
12673,12673,Invoice,Paid,494.24,2022-01-28
12674,12674,Invoice,Pending,1229.88,2023-11-28
12675,12675,Card,Paid,1553.18,2023-01-19
12676,12676,PayPal,Paid,133.8,2025-10-27
12677,12677,Invoice,Paid,272.03,2025-08-24
12678,12678,Invoice,Pending,1130.56,2024-12-18
12679,12679,PayPal,Refunded,1669.27,2024-05-05
12680,12680,Invoice,Pending,3102.75,2022-02-01
12681,12681,Bank Transfer,Paid,871.18,2022-05-05
12682,12682,Invoice,Paid,674.33,2023-02-18
12683,12683,PayPal,Paid,604.44,2022-10-18
12684,12684,Card,Paid,614.88,2025-05-07
12685,12685,Bank Transfer,Paid,1438.93,2024-07-04
12686,12686,Card,Refunded,147.78,2022-07-20
12687,12687,Invoice,Paid,679.61,2023-10-24
12688,12688,PayPal,Paid,1217.82,2024-07-04
12689,12689,Bank Transfer,Paid,951.74,2024-06-30
12690,12690,Bank Transfer,Paid,3948.13,2024-01-06
12691,12691,Invoice,Refunded,731.48,2025-07-17
12692,12692,Bank Transfer,Paid,1124.22,2025-09-08
12693,12693,Card,Paid,1345.33,2022-11-03
12694,12694,PayPal,Paid,2040.2,2025-12-29
12695,12695,Card,Paid,961.28,2025-02-06
12696,12696,Invoice,Paid,210.75,2023-12-07
12697,12697,Invoice,Pending,370.5,2022-12-26
12698,12698,PayPal,Paid,1051.8,2024-02-09
12699,12699,Bank Transfer,Paid,212.89,2025-06-19
12700,12700,Invoice,Pending,311.9,2025-01-03
12701,12701,PayPal,Paid,950.68,2025-11-14
12702,12702,Invoice,Paid,485.82,2022-05-23
12703,12703,PayPal,Paid,354.58,2025-03-13
12704,12704,PayPal,Refunded,836.57,2024-12-12
12705,12705,PayPal,Paid,430.36,2023-03-11
12706,12706,Invoice,Pending,584.73,2024-07-25
12707,12707,Card,Pending,1640.46,2025-09-23
12708,12708,Card,Paid,645.36,2023-03-06
12709,12709,Bank Transfer,Paid,696.65,2023-11-21
12710,12710,Bank Transfer,Paid,308.68,2023-12-13
12711,12711,PayPal,Pending,2088.47,2025-12-03
12712,12712,Card,Paid,775.77,2025-02-21
12713,12713,PayPal,Paid,395.55,2024-12-31
12714,12714,Card,Pending,1119.13,2025-11-04
12715,12715,Invoice,Paid,595.32,2023-10-19
12716,12716,Bank Transfer,Pending,1605.58,2023-08-22
12717,12717,Card,Paid,960.33,2022-07-25
12718,12718,Bank Transfer,Paid,513.85,2023-12-12
12719,12719,Bank Transfer,Paid,543.44,2024-10-28
12720,12720,PayPal,Paid,4970.55,2025-11-13
12721,12721,Invoice,Paid,1027.32,2022-07-13
12722,12722,Bank Transfer,Paid,1140.27,2022-10-07
12723,12723,Invoice,Paid,1152.9,2025-09-16
12724,12724,Invoice,Pending,2450.22,2025-03-29
12725,12725,Bank Transfer,Pending,53.16,2023-12-27
12726,12726,PayPal,Paid,239.74,2022-12-04
12727,12727,Invoice,Paid,554.32,2025-07-29
12728,12728,Invoice,Paid,692.77,2023-04-17
12729,12729,Bank Transfer,Paid,1962.34,2023-12-24
12730,12730,Card,Paid,508.31,2023-04-30
12731,12731,Card,Paid,1830.78,2023-03-05
12732,12732,Invoice,Paid,540.25,2022-09-23
12733,12733,Invoice,Paid,1272.67,2023-12-30
12734,12734,Invoice,Pending,1097.07,2025-03-21
12735,12735,PayPal,Pending,2073.66,2023-08-11
12736,12736,PayPal,Paid,1274.6,2024-09-29
12737,12737,Invoice,Paid,1035.01,2022-11-24
12738,12738,PayPal,Paid,1391.71,2024-01-04
12739,12739,Card,Paid,1072.55,2025-07-14
12740,12740,Invoice,Paid,1223.69,2024-12-07
12741,12741,Bank Transfer,Paid,202.04,2023-09-15
12742,12742,PayPal,Paid,269.19,2022-12-22
12743,12743,Invoice,Paid,1205.94,2024-03-13
12744,12744,Invoice,Paid,1284.45,2022-12-07
12745,12745,PayPal,Pending,96.77,2024-07-24
12746,12746,Card,Paid,786.14,2025-08-08
12747,12747,PayPal,Paid,4926.24,2023-06-13
12748,12748,Card,Paid,1154.35,2025-03-22
12749,12749,Card,Paid,1282.76,2025-12-04
12750,12750,Card,Pending,570.77,2025-08-31
12751,12751,Bank Transfer,Pending,660.0,2023-03-23
12752,12752,PayPal,Refunded,263.68,2024-07-16
12753,12753,Bank Transfer,Pending,3235.73,2024-12-04
12754,12754,Invoice,Paid,677.77,2025-11-29
12755,12755,Bank Transfer,Paid,1780.69,2025-03-18
12756,12756,Card,Pending,1881.38,2023-01-31
12757,12757,Card,Pending,682.65,2025-11-28
12758,12758,Invoice,Paid,1369.93,2024-07-19
12759,12759,Invoice,Paid,1278.91,2025-11-25
12760,12760,PayPal,Paid,448.53,2025-04-12
12761,12761,Card,Paid,56.5,2025-11-12
12762,12762,Card,Paid,650.23,2023-07-31
12763,12763,Bank Transfer,Paid,1312.65,2024-09-30
12764,12764,PayPal,Refunded,1080.0,2023-11-24
12765,12765,PayPal,Paid,2786.14,2025-10-01
12766,12766,Bank Transfer,Paid,330.4,2024-04-29
12767,12767,Bank Transfer,Paid,1491.96,2023-02-01
12768,12768,Invoice,Paid,387.48,2024-10-01
12769,12769,Invoice,Paid,1359.85,2025-03-06
12770,12770,Invoice,Paid,537.18,2025-04-11
12771,12771,Invoice,Paid,1174.79,2024-02-11
12772,12772,PayPal,Paid,948.77,2025-05-11
12773,12773,Card,Paid,2801.64,2022-09-29
12774,12774,Bank Transfer,Pending,255.0,2023-05-13
12775,12775,PayPal,Paid,148.75,2025-11-26
12776,12776,Bank Transfer,Paid,297.46,2022-07-10
12777,12777,Card,Paid,1110.15,2024-07-27
12778,12778,Invoice,Paid,217.75,2025-11-23
12779,12779,Card,Pending,200.48,2024-01-01
12780,12780,Invoice,Pending,653.91,2023-12-13
12781,12781,PayPal,Paid,931.18,2024-12-27
12782,12782,Card,Paid,1098.62,2024-11-01
12783,12783,Card,Paid,609.45,2023-11-25
12784,12784,Card,Paid,822.84,2022-03-31
12785,12785,Card,Paid,454.88,2023-09-27
12786,12786,Invoice,Paid,669.11,2022-10-22
12787,12787,Card,Pending,503.48,2025-08-25
12788,12788,Card,Paid,906.06,2025-11-20
12789,12789,Bank Transfer,Paid,1837.85,2024-06-16
12790,12790,PayPal,Refunded,1411.85,2023-12-17
12791,12791,Bank Transfer,Paid,600.81,2025-11-19
12792,12792,Bank Transfer,Paid,1580.2,2023-05-05
12793,12793,PayPal,Paid,1671.08,2025-04-06
12794,12794,Bank Transfer,Paid,2581.38,2025-05-29
12795,12795,Card,Paid,833.83,2025-10-21
12796,12796,PayPal,Paid,346.43,2022-09-14
12797,12797,PayPal,Pending,178.69,2025-06-20
12798,12798,PayPal,Pending,892.35,2023-12-27
12799,12799,PayPal,Paid,3717.91,2025-10-13
12800,12800,Invoice,Paid,788.42,2025-01-03
12801,12801,Bank Transfer,Refunded,727.6,2023-06-12
12802,12802,PayPal,Paid,2158.84,2023-08-12
12803,12803,Bank Transfer,Paid,1167.46,2024-04-15
12804,12804,Bank Transfer,Paid,3499.74,2024-04-02
12805,12805,Card,Refunded,3672.5,2025-12-03
12806,12806,PayPal,Paid,15.17,2024-04-27
12807,12807,Invoice,Pending,1594.76,2024-03-15
12808,12808,Card,Paid,557.53,2025-11-03
12809,12809,Invoice,Pending,397.37,2022-10-25
12810,12810,Bank Transfer,Pending,1010.04,2025-04-26
12811,12811,Card,Pending,967.95,2022-07-27
12812,12812,Card,Pending,1153.97,2024-03-21
12813,12813,Invoice,Paid,451.77,2025-01-21
12814,12814,PayPal,Paid,4308.4,2024-11-07
12815,12815,Invoice,Pending,101.4,2025-06-17
12816,12816,Invoice,Paid,2540.95,2022-04-12
12817,12817,PayPal,Pending,36.56,2024-05-11
12818,12818,Card,Paid,1798.35,2022-01-22
12819,12819,Card,Pending,181.7,2022-06-08
12820,12820,Bank Transfer,Paid,94.78,2025-02-20
12821,12821,Invoice,Paid,1149.74,2022-02-02
12822,12822,Invoice,Paid,587.87,2024-02-26
12823,12823,PayPal,Pending,719.21,2023-09-16
12824,12824,PayPal,Pending,616.98,2022-11-25
12825,12825,Invoice,Paid,701.07,2025-04-08
12826,12826,PayPal,Paid,352.75,2022-12-04
12827,12827,PayPal,Paid,910.08,2024-08-09
12828,12828,Bank Transfer,Pending,1518.47,2024-05-25
12829,12829,Bank Transfer,Paid,1375.77,2024-10-04
12830,12830,Card,Paid,1059.98,2022-08-09
12831,12831,Bank Transfer,Paid,2995.04,2024-07-06
12832,12832,Card,Pending,1204.96,2022-12-14
12833,12833,Card,Paid,684.1,2024-07-04
12834,12834,Invoice,Paid,948.62,2022-06-24
12835,12835,Card,Pending,235.32,2022-01-13
12836,12836,Card,Paid,1341.46,2023-08-04
12837,12837,Card,Paid,1823.59,2022-05-28
12838,12838,PayPal,Paid,908.31,2025-10-10
12839,12839,Bank Transfer,Pending,162.78,2024-10-16
12840,12840,Invoice,Paid,435.33,2024-09-05
12841,12841,Invoice,Paid,1768.34,2023-05-06
12842,12842,PayPal,Paid,562.48,2025-04-17
12843,12843,Card,Paid,2580.49,2025-12-24
12844,12844,Invoice,Paid,900.49,2022-12-30
12845,12845,PayPal,Paid,138.09,2025-12-31
12846,12846,PayPal,Paid,1912.96,2025-08-31
12847,12847,Bank Transfer,Refunded,2768.4,2023-12-28
12848,12848,Bank Transfer,Paid,211.62,2025-06-13
12849,12849,Bank Transfer,Paid,137.88,2024-11-13
12850,12850,PayPal,Paid,729.05,2024-04-12
12851,12851,Invoice,Pending,2427.67,2024-05-09
12852,12852,Invoice,Paid,545.89,2024-11-02
12853,12853,Bank Transfer,Paid,843.34,2025-12-06
12854,12854,Bank Transfer,Paid,96.96,2024-03-21
12855,12855,Bank Transfer,Paid,1313.22,2023-10-28
12856,12856,Bank Transfer,Paid,1013.99,2023-06-07
12857,12857,Bank Transfer,Paid,259.22,2022-01-25
12858,12858,Card,Paid,504.74,2022-02-20
12859,12859,PayPal,Paid,777.53,2025-10-18
12860,12860,Card,Pending,1212.87,2023-03-03
12861,12861,PayPal,Paid,1730.12,2024-11-04
12862,12862,Card,Pending,474.25,2023-04-04
12863,12863,PayPal,Paid,592.37,2022-01-16
12864,12864,Invoice,Paid,314.88,2025-05-18
12865,12865,Card,Paid,659.36,2022-03-07
12866,12866,PayPal,Paid,874.14,2025-03-20
12867,12867,Bank Transfer,Pending,564.05,2024-08-30
12868,12868,Bank Transfer,Paid,1064.64,2025-08-13
12869,12869,Bank Transfer,Refunded,2443.2,2022-12-12
12870,12870,PayPal,Paid,1798.36,2025-09-29
12871,12871,Invoice,Pending,313.56,2022-10-22
12872,12872,PayPal,Pending,260.9,2022-09-09
12873,12873,PayPal,Paid,1251.18,2025-02-10
12874,12874,Invoice,Paid,104.98,2025-10-22
12875,12875,Bank Transfer,Refunded,210.09,2022-03-19
12876,12876,Bank Transfer,Pending,344.11,2025-11-27
12877,12877,Card,Paid,1153.15,2023-12-11
12878,12878,Invoice,Paid,1363.1,2023-07-15
12879,12879,Invoice,Paid,55.99,2025-03-28
12880,12880,Invoice,Paid,1504.23,2025-09-28
12881,12881,Card,Paid,1386.18,2024-04-30
12882,12882,PayPal,Paid,485.87,2024-05-17
12883,12883,Invoice,Paid,725.29,2023-04-01
12884,12884,Bank Transfer,Pending,334.0,2022-04-20
12885,12885,Card,Pending,667.73,2025-08-19
12886,12886,Invoice,Paid,813.75,2023-02-20
12887,12887,Invoice,Paid,660.45,2025-03-26
12888,12888,Card,Refunded,1525.63,2025-04-06
12889,12889,Bank Transfer,Paid,2897.63,2022-04-24
12890,12890,Invoice,Paid,1445.74,2025-07-02
12891,12891,Invoice,Paid,402.02,2023-08-12
12892,12892,Invoice,Refunded,3678.07,2022-06-21
12893,12893,Invoice,Paid,2525.24,2025-04-21
12894,12894,Card,Paid,1149.44,2024-04-28
12895,12895,Invoice,Paid,587.53,2024-11-27
12896,12896,Bank Transfer,Pending,666.94,2022-03-24
12897,12897,PayPal,Paid,1887.56,2024-03-28
12898,12898,Invoice,Paid,277.55,2024-09-24
12899,12899,Invoice,Paid,392.15,2022-04-21
12900,12900,Card,Paid,1252.01,2025-08-13
12901,12901,Bank Transfer,Paid,374.56,2023-08-31
12902,12902,PayPal,Paid,835.53,2023-03-12
12903,12903,Card,Paid,813.89,2022-03-14
12904,12904,PayPal,Paid,428.73,2025-12-30
12905,12905,Bank Transfer,Pending,496.21,2023-09-24
12906,12906,Bank Transfer,Paid,193.12,2024-07-26
12907,12907,Card,Paid,2075.28,2022-05-11
12908,12908,Invoice,Paid,475.36,2022-04-25
12909,12909,Bank Transfer,Paid,215.37,2022-02-18
12910,12910,Card,Paid,571.22,2022-07-27
12911,12911,Bank Transfer,Pending,657.03,2023-12-19
12912,12912,Card,Pending,654.97,2025-03-11
12913,12913,Card,Paid,138.94,2023-11-09
12914,12914,PayPal,Paid,2473.41,2024-12-29
12915,12915,Invoice,Pending,887.34,2022-05-20
12916,12916,PayPal,Paid,1266.51,2024-08-24
12917,12917,Bank Transfer,Refunded,1170.29,2025-12-22
12918,12918,Card,Paid,3680.43,2023-12-10
12919,12919,Bank Transfer,Paid,472.33,2024-11-12
12920,12920,PayPal,Pending,1622.07,2023-02-28
12921,12921,Invoice,Pending,1172.11,2022-11-08
12922,12922,Bank Transfer,Pending,399.97,2023-04-27
12923,12923,Bank Transfer,Paid,1942.04,2024-03-13
12924,12924,Card,Paid,1334.06,2022-12-05
12925,12925,PayPal,Paid,709.77,2024-03-04
12926,12926,Bank Transfer,Paid,675.98,2025-03-24
12927,12927,Invoice,Paid,1218.88,2024-12-13
12928,12928,Bank Transfer,Paid,1501.14,2022-10-02
12929,12929,Invoice,Pending,426.46,2022-07-18
12930,12930,Bank Transfer,Paid,2718.93,2024-02-04
12931,12931,PayPal,Paid,1362.75,2025-08-27
12932,12932,Invoice,Pending,271.9,2023-06-27
12933,12933,PayPal,Paid,1052.37,2023-06-24
12934,12934,Bank Transfer,Paid,2742.87,2022-10-22
12935,12935,Card,Paid,145.68,2024-04-29
12936,12936,Card,Paid,251.7,2023-06-03
12937,12937,PayPal,Paid,1524.47,2023-12-19
12938,12938,Card,Paid,2879.44,2023-11-11
12939,12939,Bank Transfer,Refunded,1591.66,2024-10-13
12940,12940,Card,Paid,444.1,2024-11-15
12941,12941,Card,Refunded,292.79,2024-03-13
12942,12942,Bank Transfer,Paid,2122.46,2024-10-09
12943,12943,Bank Transfer,Paid,1143.25,2022-11-19
12944,12944,Card,Paid,751.92,2022-07-05
12945,12945,Invoice,Paid,5769.77,2023-11-12
12946,12946,Bank Transfer,Paid,1866.35,2023-06-02
12947,12947,PayPal,Paid,4029.43,2025-12-30
12948,12948,Bank Transfer,Refunded,1176.7,2023-02-02
12949,12949,Card,Paid,660.63,2024-11-05
12950,12950,PayPal,Pending,97.12,2023-12-23
12951,12951,Bank Transfer,Paid,55.32,2025-03-22
12952,12952,Bank Transfer,Paid,891.14,2023-10-08
12953,12953,Card,Paid,1876.1,2024-02-03
12954,12954,Bank Transfer,Paid,314.88,2023-10-26
12955,12955,Bank Transfer,Pending,578.28,2025-07-04
12956,12956,Bank Transfer,Paid,1712.18,2024-04-12
12957,12957,Invoice,Paid,741.26,2022-12-23
12958,12958,Invoice,Paid,724.94,2025-10-01
12959,12959,Card,Pending,2947.75,2024-09-28
12960,12960,Bank Transfer,Paid,986.25,2023-04-13
12961,12961,PayPal,Paid,1000.78,2022-12-12
12962,12962,Bank Transfer,Paid,3047.63,2023-11-04
12963,12963,PayPal,Paid,1699.79,2022-10-04
12964,12964,Invoice,Pending,412.5,2024-09-10
12965,12965,Card,Refunded,2415.84,2022-06-02
12966,12966,Card,Paid,124.63,2022-12-08
12967,12967,Invoice,Paid,698.49,2022-09-28
12968,12968,Card,Refunded,956.1,2023-01-20
12969,12969,Bank Transfer,Paid,448.0,2022-04-25
12970,12970,Card,Paid,2906.23,2023-01-04
12971,12971,Bank Transfer,Pending,1931.5,2024-01-31
12972,12972,Card,Paid,212.2,2025-12-12
12973,12973,PayPal,Pending,847.13,2024-11-14
12974,12974,Invoice,Paid,2277.09,2025-04-02
12975,12975,Bank Transfer,Paid,547.07,2023-01-26
12976,12976,Invoice,Pending,1701.83,2022-02-11
12977,12977,PayPal,Pending,944.46,2023-03-10
12978,12978,PayPal,Paid,861.84,2022-02-12
12979,12979,Bank Transfer,Paid,762.93,2025-04-28
12980,12980,PayPal,Pending,74.36,2022-11-25
12981,12981,Invoice,Pending,122.79,2023-08-23
12982,12982,Invoice,Paid,1051.18,2022-10-17
12983,12983,PayPal,Paid,1133.91,2025-03-24
12984,12984,Card,Pending,693.34,2023-02-19
12985,12985,Card,Paid,264.92,2022-10-29
12986,12986,Card,Paid,2439.73,2025-10-20
12987,12987,Invoice,Paid,701.94,2022-09-30
12988,12988,Card,Refunded,2433.61,2025-09-20
12989,12989,PayPal,Paid,1984.51,2022-02-27
12990,12990,Bank Transfer,Pending,1762.79,2024-12-28
12991,12991,PayPal,Paid,2439.93,2022-03-28
12992,12992,PayPal,Pending,411.6,2022-03-16
12993,12993,Bank Transfer,Refunded,2967.44,2024-08-22
12994,12994,Invoice,Paid,1631.7,2023-02-07
12995,12995,Bank Transfer,Pending,614.1,2022-08-19
12996,12996,Invoice,Paid,353.4,2025-10-13
12997,12997,Card,Paid,456.38,2022-11-17
12998,12998,Card,Paid,1150.34,2025-12-23
12999,12999,Card,Paid,413.74,2025-09-13
13000,13000,Invoice,Paid,604.67,2025-06-30
13001,13001,PayPal,Pending,3573.75,2025-12-04
13002,13002,Card,Paid,1234.33,2024-05-30
13003,13003,PayPal,Paid,1554.0,2022-03-10
13004,13004,Bank Transfer,Paid,2072.93,2022-05-12
13005,13005,Bank Transfer,Paid,97.4,2023-12-31
13006,13006,Card,Pending,784.67,2022-07-19
13007,13007,Bank Transfer,Paid,711.62,2025-11-26
13008,13008,Bank Transfer,Paid,1186.27,2024-10-06
13009,13009,Bank Transfer,Paid,548.54,2024-10-30
13010,13010,PayPal,Paid,1693.94,2024-04-15
13011,13011,Bank Transfer,Refunded,95.13,2022-12-31
13012,13012,Invoice,Paid,242.74,2024-06-17
13013,13013,PayPal,Paid,3121.9,2025-12-19
13014,13014,Invoice,Pending,531.6,2023-06-03
13015,13015,Card,Paid,549.04,2025-12-27
13016,13016,Card,Pending,251.12,2022-05-10
13017,13017,Bank Transfer,Paid,1412.67,2024-11-09
13018,13018,Bank Transfer,Paid,433.43,2025-08-25
13019,13019,Invoice,Pending,4414.18,2025-10-21
13020,13020,Bank Transfer,Pending,716.26,2025-12-16
13021,13021,Bank Transfer,Paid,2095.34,2025-04-07
13022,13022,PayPal,Paid,594.88,2025-09-28
13023,13023,Invoice,Paid,91.47,2022-07-28
13024,13024,Invoice,Paid,1101.33,2024-08-04
13025,13025,Card,Paid,1806.0,2023-10-20
13026,13026,Invoice,Paid,912.81,2025-10-23
13027,13027,Bank Transfer,Paid,358.05,2025-01-03
13028,13028,PayPal,Paid,2639.11,2025-03-08
13029,13029,PayPal,Paid,197.92,2025-12-26
13030,13030,PayPal,Paid,309.88,2024-12-25
13031,13031,PayPal,Paid,169.46,2024-09-02
13032,13032,PayPal,Pending,1455.83,2024-12-09
13033,13033,Invoice,Paid,1421.95,2024-01-13
13034,13034,Card,Pending,648.39,2025-10-08
13035,13035,Invoice,Paid,375.5,2025-03-17
13036,13036,PayPal,Paid,460.44,2024-05-19
13037,13037,Bank Transfer,Paid,110.59,2022-11-28
13038,13038,PayPal,Paid,605.24,2022-10-06
13039,13039,Card,Paid,929.57,2024-09-15
13040,13040,Invoice,Paid,730.66,2023-06-08
13041,13041,Card,Pending,3065.99,2023-12-06
13042,13042,Bank Transfer,Paid,182.3,2023-12-20
13043,13043,PayPal,Paid,642.16,2023-11-24
13044,13044,Invoice,Paid,613.66,2022-12-01
13045,13045,Bank Transfer,Paid,648.47,2024-09-13
13046,13046,Card,Pending,691.04,2022-12-10
13047,13047,PayPal,Refunded,961.75,2024-03-24
13048,13048,Invoice,Pending,3184.28,2022-12-03
13049,13049,Bank Transfer,Paid,755.94,2023-12-25
13050,13050,Card,Pending,388.63,2025-08-29
13051,13051,PayPal,Paid,3222.84,2024-05-22
13052,13052,Card,Pending,399.11,2023-10-13
13053,13053,PayPal,Pending,1422.92,2024-07-11
13054,13054,Bank Transfer,Paid,1627.37,2022-05-05
13055,13055,PayPal,Paid,3875.78,2023-08-09
13056,13056,Invoice,Paid,2749.76,2025-07-19
13057,13057,Card,Pending,766.96,2025-06-03
13058,13058,Invoice,Paid,619.15,2024-03-07
13059,13059,Card,Paid,816.44,2025-05-21
13060,13060,Invoice,Paid,254.49,2024-12-29
13061,13061,Card,Paid,269.31,2023-02-21
13062,13062,Invoice,Paid,241.26,2022-01-11
13063,13063,Invoice,Paid,558.01,2025-05-15
13064,13064,Bank Transfer,Paid,624.04,2022-09-21
13065,13065,Card,Paid,655.87,2024-05-07
13066,13066,PayPal,Paid,2523.6,2022-01-13
13067,13067,Bank Transfer,Refunded,693.87,2023-05-08
13068,13068,PayPal,Paid,1425.43,2023-10-22
13069,13069,Card,Pending,102.86,2024-01-12
13070,13070,PayPal,Paid,482.13,2024-06-03
13071,13071,Bank Transfer,Paid,801.89,2023-06-28
13072,13072,Invoice,Pending,974.51,2025-06-13
13073,13073,Bank Transfer,Paid,159.4,2023-07-04
13074,13074,Card,Paid,1613.04,2022-10-12
13075,13075,Invoice,Paid,1820.07,2025-05-03
13076,13076,Card,Paid,641.92,2025-06-07
13077,13077,Invoice,Paid,1281.34,2025-05-13
13078,13078,PayPal,Paid,954.52,2023-02-18
13079,13079,PayPal,Paid,1998.37,2023-11-10
13080,13080,PayPal,Paid,1311.6,2024-01-05
13081,13081,PayPal,Paid,645.0,2025-03-02
13082,13082,PayPal,Paid,18.48,2023-11-15
13083,13083,Card,Paid,1101.03,2025-10-13
13084,13084,Card,Paid,3447.06,2022-01-09
13085,13085,Card,Paid,1493.0,2024-12-14
13086,13086,Card,Pending,603.02,2024-05-14
13087,13087,Invoice,Paid,338.34,2022-02-01
13088,13088,Bank Transfer,Paid,163.42,2024-05-23
13089,13089,PayPal,Paid,687.36,2023-01-04
13090,13090,Invoice,Pending,108.0,2025-08-09
13091,13091,PayPal,Paid,333.39,2022-08-11
13092,13092,Bank Transfer,Paid,1260.27,2025-01-09
13093,13093,PayPal,Paid,630.09,2022-11-09
13094,13094,Invoice,Paid,1440.2,2022-03-06
13095,13095,PayPal,Paid,220.39,2022-11-13
13096,13096,PayPal,Pending,118.34,2023-09-27
13097,13097,PayPal,Paid,1921.04,2024-03-08
13098,13098,Invoice,Pending,4115.35,2023-02-06
13099,13099,Invoice,Paid,317.01,2025-10-24
13100,13100,Card,Paid,824.31,2022-10-23
13101,13101,Invoice,Paid,889.02,2022-06-14
13102,13102,PayPal,Paid,564.72,2025-12-12
13103,13103,Invoice,Paid,1188.85,2023-06-21
13104,13104,PayPal,Paid,1059.35,2022-10-05
13105,13105,Card,Paid,3199.32,2022-04-29
13106,13106,Invoice,Paid,1038.1,2022-06-21
13107,13107,Bank Transfer,Pending,430.2,2024-09-12
13108,13108,Card,Pending,251.56,2023-05-06
13109,13109,Card,Paid,240.62,2025-07-10
13110,13110,Bank Transfer,Paid,1677.14,2025-10-05
13111,13111,Invoice,Paid,1445.41,2023-08-17
13112,13112,Bank Transfer,Paid,1970.56,2025-12-20
13113,13113,Invoice,Pending,1303.03,2022-09-05
13114,13114,Bank Transfer,Paid,722.77,2024-11-17
13115,13115,Bank Transfer,Paid,1447.51,2024-10-12
13116,13116,Card,Paid,472.87,2024-03-12
13117,13117,PayPal,Paid,2473.11,2025-11-11
13118,13118,Card,Paid,329.2,2025-08-09
13119,13119,Card,Refunded,2433.78,2022-10-28
13120,13120,Invoice,Paid,282.2,2024-01-17
13121,13121,Bank Transfer,Refunded,2410.4,2023-10-26
13122,13122,Card,Paid,147.82,2023-11-22
13123,13123,Card,Paid,718.99,2022-07-31
13124,13124,Bank Transfer,Paid,274.6,2023-07-08
13125,13125,PayPal,Paid,1696.96,2025-12-22
13126,13126,PayPal,Paid,3063.72,2024-03-03
13127,13127,PayPal,Refunded,249.38,2025-07-31
13128,13128,Card,Paid,346.98,2024-12-17
13129,13129,Bank Transfer,Pending,78.74,2025-12-06
13130,13130,Invoice,Paid,71.88,2023-06-29
13131,13131,PayPal,Paid,151.69,2025-01-21
13132,13132,Invoice,Paid,375.53,2025-05-05
13133,13133,Card,Paid,659.16,2024-02-27
13134,13134,Card,Pending,2268.98,2024-03-05
13135,13135,Invoice,Pending,929.14,2024-01-19
13136,13136,PayPal,Paid,597.56,2022-01-01
13137,13137,PayPal,Paid,672.75,2024-10-08
13138,13138,PayPal,Paid,412.76,2022-07-12
13139,13139,Card,Paid,607.42,2025-02-01
13140,13140,PayPal,Paid,844.87,2024-04-09
13141,13141,PayPal,Paid,705.62,2024-12-22
13142,13142,Card,Refunded,696.94,2023-03-27
13143,13143,Card,Paid,528.13,2025-06-24
13144,13144,Card,Paid,1910.91,2022-12-17
13145,13145,Bank Transfer,Paid,1407.77,2022-04-21
13146,13146,Invoice,Paid,913.1,2022-10-27
13147,13147,PayPal,Paid,543.41,2024-02-15
13148,13148,Card,Paid,375.57,2023-09-26
13149,13149,PayPal,Paid,524.33,2024-09-23
13150,13150,Bank Transfer,Refunded,74.08,2023-09-30
13151,13151,Bank Transfer,Paid,256.73,2024-07-05
13152,13152,PayPal,Paid,1283.38,2022-01-20
13153,13153,Bank Transfer,Paid,694.03,2022-07-13
13154,13154,Bank Transfer,Paid,2378.79,2024-07-11
13155,13155,Card,Paid,1665.21,2025-05-15
13156,13156,PayPal,Paid,1554.11,2023-04-09
13157,13157,Invoice,Paid,2387.05,2022-12-02
13158,13158,PayPal,Paid,605.17,2025-10-28
13159,13159,Card,Pending,1003.48,2024-11-01
13160,13160,PayPal,Paid,338.74,2025-05-03
13161,13161,PayPal,Paid,1698.78,2022-12-22
13162,13162,Card,Paid,815.43,2023-02-04
13163,13163,Bank Transfer,Pending,1228.19,2025-11-08
13164,13164,PayPal,Paid,1868.97,2023-05-14
13165,13165,Invoice,Paid,1087.74,2024-02-20
13166,13166,Card,Paid,308.58,2024-07-10
13167,13167,Bank Transfer,Paid,1627.2,2024-11-09
13168,13168,Bank Transfer,Pending,583.11,2024-08-18
13169,13169,Card,Paid,3187.71,2022-11-27
13170,13170,PayPal,Paid,1158.5,2024-06-19
13171,13171,Bank Transfer,Paid,493.88,2024-04-16
13172,13172,Invoice,Paid,3015.84,2023-08-24
13173,13173,Card,Paid,171.6,2024-07-02
13174,13174,PayPal,Paid,1550.38,2024-03-25
13175,13175,Card,Paid,130.89,2025-06-12
13176,13176,Card,Refunded,320.32,2024-05-11
13177,13177,PayPal,Paid,741.62,2022-11-09
13178,13178,PayPal,Paid,960.36,2023-09-05
13179,13179,Bank Transfer,Refunded,1563.32,2024-12-20
13180,13180,Card,Paid,248.11,2022-06-28
13181,13181,Bank Transfer,Paid,2393.47,2024-10-21
13182,13182,Bank Transfer,Paid,198.44,2023-12-01
13183,13183,Bank Transfer,Paid,235.79,2022-09-08
13184,13184,Invoice,Paid,568.37,2023-07-07
13185,13185,Invoice,Paid,835.41,2022-07-26
13186,13186,PayPal,Pending,413.61,2023-06-01
13187,13187,PayPal,Paid,1825.7,2024-10-27
13188,13188,Card,Paid,167.54,2023-11-19
13189,13189,Card,Pending,89.23,2025-05-02
13190,13190,Invoice,Paid,2570.9,2024-11-11
13191,13191,Bank Transfer,Paid,250.64,2022-08-08
13192,13192,Bank Transfer,Refunded,1157.03,2025-05-07
13193,13193,Bank Transfer,Paid,2966.64,2023-06-01
13194,13194,Invoice,Paid,947.44,2022-03-09
13195,13195,Invoice,Pending,17.81,2024-03-14
13196,13196,PayPal,Paid,2505.37,2022-09-03
13197,13197,Invoice,Refunded,855.76,2024-05-31
13198,13198,Bank Transfer,Paid,348.15,2023-12-20
13199,13199,Card,Paid,483.84,2025-03-09
13200,13200,Bank Transfer,Paid,608.33,2025-04-06
13201,13201,PayPal,Pending,1978.16,2025-11-27
13202,13202,PayPal,Pending,3037.81,2022-06-02
13203,13203,Invoice,Pending,451.8,2025-12-25
13204,13204,Bank Transfer,Paid,424.99,2023-04-18
13205,13205,Invoice,Paid,1810.21,2022-12-24
13206,13206,Card,Paid,275.73,2024-10-01
13207,13207,Bank Transfer,Paid,1296.8,2024-05-23
13208,13208,Bank Transfer,Paid,572.25,2025-10-12
13209,13209,Invoice,Refunded,434.59,2022-07-10
13210,13210,PayPal,Paid,1374.69,2022-05-24
13211,13211,Invoice,Paid,2467.91,2025-12-04
13212,13212,PayPal,Pending,321.84,2023-08-08
13213,13213,Card,Paid,3300.92,2024-04-17
13214,13214,PayPal,Paid,805.57,2022-05-09
13215,13215,Bank Transfer,Paid,559.03,2025-02-22
13216,13216,Invoice,Paid,2155.51,2023-07-31
13217,13217,Invoice,Pending,539.64,2022-02-03
13218,13218,Invoice,Paid,630.63,2024-12-13
13219,13219,Invoice,Paid,1587.93,2025-07-20
13220,13220,Card,Paid,1763.03,2023-06-14
13221,13221,Invoice,Paid,805.99,2023-01-04
13222,13222,Card,Pending,4015.19,2024-08-29
13223,13223,Card,Paid,962.38,2023-01-20
13224,13224,Card,Paid,366.99,2022-07-22
13225,13225,Invoice,Pending,506.38,2023-06-28
13226,13226,Invoice,Paid,670.18,2022-07-04
13227,13227,Invoice,Paid,514.66,2024-05-12
13228,13228,Bank Transfer,Paid,630.89,2023-10-10
13229,13229,Bank Transfer,Pending,328.06,2023-01-20
13230,13230,Bank Transfer,Paid,227.83,2023-11-05
13231,13231,PayPal,Paid,433.27,2024-05-23
13232,13232,Card,Pending,1132.3,2023-01-29
13233,13233,Invoice,Paid,334.46,2025-05-29
13234,13234,Card,Pending,793.92,2022-09-21
13235,13235,Card,Refunded,228.04,2024-06-05
13236,13236,Bank Transfer,Paid,2696.22,2023-10-16
13237,13237,PayPal,Paid,141.71,2024-09-04
13238,13238,Invoice,Paid,479.21,2024-06-26
13239,13239,Card,Pending,1253.16,2025-05-20
13240,13240,Bank Transfer,Refunded,2401.27,2023-10-17
13241,13241,Bank Transfer,Paid,1466.3,2025-07-13
13242,13242,PayPal,Paid,1974.89,2025-11-25
13243,13243,Bank Transfer,Paid,1598.34,2022-01-19
13244,13244,Invoice,Pending,569.48,2022-04-09
13245,13245,Card,Paid,983.91,2024-08-15
13246,13246,Invoice,Refunded,164.5,2022-03-03
13247,13247,Invoice,Paid,1246.46,2024-05-14
13248,13248,Card,Paid,586.2,2025-12-27
13249,13249,PayPal,Pending,1189.32,2025-11-29
13250,13250,Bank Transfer,Pending,889.33,2024-05-06
13251,13251,PayPal,Pending,430.83,2023-07-20
13252,13252,Invoice,Paid,150.73,2022-11-23
13253,13253,PayPal,Paid,278.76,2022-12-06
13254,13254,Invoice,Paid,1974.46,2025-10-08
13255,13255,Card,Paid,436.26,2024-12-14
13256,13256,Card,Refunded,2412.01,2024-12-05
13257,13257,Invoice,Pending,1465.59,2023-11-29
13258,13258,Invoice,Paid,3048.65,2025-08-19
13259,13259,Bank Transfer,Pending,2004.75,2024-11-29
13260,13260,Invoice,Paid,3292.78,2025-08-19
13261,13261,Bank Transfer,Paid,2683.99,2023-11-09
13262,13262,Card,Paid,49.12,2023-11-20
13263,13263,Invoice,Paid,1791.42,2025-07-26
13264,13264,Card,Paid,705.19,2022-10-26
13265,13265,PayPal,Paid,1021.26,2022-01-18
13266,13266,Bank Transfer,Paid,393.6,2024-07-02
13267,13267,Card,Paid,142.04,2023-11-29
13268,13268,PayPal,Pending,2234.61,2024-04-03
13269,13269,PayPal,Paid,1173.8,2022-03-03
13270,13270,Invoice,Paid,749.13,2025-03-04
13271,13271,PayPal,Paid,965.56,2023-02-26
13272,13272,PayPal,Refunded,148.45,2022-09-11
13273,13273,Bank Transfer,Refunded,1370.6,2022-02-23
13274,13274,Card,Pending,768.05,2024-03-20
13275,13275,Invoice,Pending,100.19,2025-12-09
13276,13276,PayPal,Refunded,163.34,2024-08-19
13277,13277,PayPal,Refunded,480.7,2023-01-06
13278,13278,PayPal,Pending,892.01,2023-02-17
13279,13279,Card,Paid,483.69,2022-05-24
13280,13280,PayPal,Paid,126.03,2023-05-31
13281,13281,Bank Transfer,Pending,315.81,2024-09-23
13282,13282,PayPal,Paid,844.14,2022-11-15
13283,13283,Card,Paid,368.28,2025-02-07
13284,13284,Card,Paid,1393.48,2025-11-07
13285,13285,PayPal,Paid,1374.97,2024-03-06
13286,13286,Bank Transfer,Pending,1971.68,2023-10-06
13287,13287,Bank Transfer,Paid,2270.97,2025-07-21
13288,13288,Invoice,Paid,505.66,2023-08-01
13289,13289,PayPal,Paid,703.19,2025-11-18
13290,13290,Invoice,Pending,650.31,2023-12-28
13291,13291,PayPal,Pending,1041.2,2023-06-03
13292,13292,PayPal,Paid,333.83,2023-09-29
13293,13293,Invoice,Paid,3798.91,2022-10-20
13294,13294,PayPal,Paid,557.94,2023-04-26
13295,13295,PayPal,Paid,5692.83,2023-12-13
13296,13296,Card,Paid,724.2,2023-11-25
13297,13297,Bank Transfer,Pending,1998.59,2023-10-05
13298,13298,Invoice,Paid,555.37,2024-09-17
13299,13299,PayPal,Paid,1649.21,2024-11-23
13300,13300,Card,Paid,1010.92,2023-10-10
13301,13301,PayPal,Paid,562.37,2025-11-06
13302,13302,Invoice,Paid,2311.19,2023-07-06
13303,13303,PayPal,Pending,393.32,2024-02-05
13304,13304,Card,Paid,385.16,2024-08-13
13305,13305,Invoice,Paid,887.98,2023-07-25
13306,13306,Bank Transfer,Paid,134.02,2022-06-03
13307,13307,Invoice,Paid,1326.97,2022-10-21
13308,13308,Card,Pending,1053.44,2023-08-28
13309,13309,Card,Paid,397.65,2024-09-26
13310,13310,Bank Transfer,Paid,983.66,2025-08-31
13311,13311,PayPal,Paid,1344.15,2024-02-05
13312,13312,Bank Transfer,Paid,58.63,2024-09-25
13313,13313,Bank Transfer,Paid,996.4,2022-11-07
13314,13314,Invoice,Paid,1787.06,2022-04-13
13315,13315,Card,Paid,2297.58,2024-08-14
13316,13316,Invoice,Paid,1756.98,2022-04-05
13317,13317,Invoice,Paid,270.35,2023-12-05
13318,13318,PayPal,Pending,385.76,2022-08-27
13319,13319,PayPal,Paid,102.9,2024-06-17
13320,13320,Bank Transfer,Pending,256.72,2024-05-24
13321,13321,Invoice,Paid,2358.0,2022-11-20
13322,13322,Invoice,Pending,732.84,2022-12-15
13323,13323,Invoice,Pending,2788.81,2024-11-26
13324,13324,Invoice,Paid,338.36,2024-01-18
13325,13325,Bank Transfer,Paid,1325.94,2024-12-09
13326,13326,Card,Paid,866.04,2023-05-31
13327,13327,Card,Pending,1726.65,2023-10-19
13328,13328,Bank Transfer,Paid,1492.85,2023-09-09
13329,13329,Invoice,Pending,3264.99,2022-03-08
13330,13330,PayPal,Paid,779.94,2024-09-27
13331,13331,PayPal,Paid,1581.21,2025-08-17
13332,13332,Bank Transfer,Paid,3262.38,2023-09-08
13333,13333,Bank Transfer,Paid,764.23,2022-02-26
13334,13334,PayPal,Pending,130.5,2023-11-04
13335,13335,Bank Transfer,Paid,1762.68,2024-12-25
13336,13336,Card,Pending,1237.08,2024-05-18
13337,13337,Card,Paid,477.19,2024-06-27
13338,13338,Bank Transfer,Pending,141.84,2025-08-08
13339,13339,PayPal,Paid,377.54,2024-10-06
13340,13340,Card,Pending,1066.68,2024-11-03
13341,13341,Bank Transfer,Paid,512.24,2025-01-19
13342,13342,Card,Paid,891.58,2023-12-24
13343,13343,Bank Transfer,Paid,245.02,2024-07-11
13344,13344,Invoice,Paid,767.93,2024-10-11
13345,13345,Invoice,Pending,45.81,2022-08-31
13346,13346,PayPal,Paid,801.1,2024-11-26
13347,13347,Bank Transfer,Paid,1030.64,2024-06-14
13348,13348,PayPal,Paid,1302.32,2023-11-13
13349,13349,Invoice,Paid,436.44,2023-07-11
13350,13350,Bank Transfer,Paid,1852.44,2023-11-07
13351,13351,Bank Transfer,Paid,4057.74,2024-11-10
13352,13352,PayPal,Paid,1208.78,2023-04-08
13353,13353,Card,Pending,388.6,2024-11-09
13354,13354,PayPal,Pending,1715.7,2023-03-17
13355,13355,Bank Transfer,Paid,953.99,2023-04-27
13356,13356,Card,Paid,206.44,2022-12-28
13357,13357,Invoice,Paid,47.12,2023-06-09
13358,13358,PayPal,Paid,3112.17,2024-11-16
13359,13359,PayPal,Paid,110.11,2024-12-09
13360,13360,PayPal,Paid,180.66,2024-12-06
13361,13361,Card,Paid,628.6,2024-09-26
13362,13362,Card,Paid,796.82,2024-10-22
13363,13363,PayPal,Paid,2600.49,2024-05-31
13364,13364,Card,Paid,1796.64,2022-12-23
13365,13365,Bank Transfer,Paid,958.11,2023-06-11
13366,13366,PayPal,Paid,251.79,2023-01-23
13367,13367,PayPal,Paid,311.38,2023-11-03
13368,13368,Bank Transfer,Paid,1974.84,2023-04-17
13369,13369,PayPal,Paid,1060.43,2022-09-03
13370,13370,Card,Paid,822.5,2023-08-20
13371,13371,PayPal,Refunded,1394.18,2024-06-04
13372,13372,Invoice,Refunded,2350.77,2022-12-13
13373,13373,Bank Transfer,Paid,389.01,2025-11-22
13374,13374,Invoice,Paid,461.44,2023-06-19
13375,13375,PayPal,Pending,1483.13,2023-12-26
13376,13376,PayPal,Paid,395.16,2024-03-21
13377,13377,PayPal,Paid,302.91,2024-05-20
13378,13378,Bank Transfer,Paid,2273.79,2024-01-05
13379,13379,Invoice,Paid,1578.09,2023-07-04
13380,13380,Card,Paid,270.45,2022-07-05
13381,13381,Bank Transfer,Paid,304.66,2024-02-20
13382,13382,PayPal,Paid,1277.18,2024-02-21
13383,13383,Card,Paid,2572.44,2024-08-23
13384,13384,Invoice,Paid,558.64,2025-06-16
13385,13385,Bank Transfer,Paid,75.65,2022-06-18
13386,13386,Invoice,Paid,279.28,2025-02-16
13387,13387,Invoice,Paid,80.49,2024-08-31
13388,13388,Invoice,Pending,282.59,2023-06-27
13389,13389,Bank Transfer,Refunded,552.56,2025-09-24
13390,13390,Invoice,Paid,337.96,2024-12-19
13391,13391,Bank Transfer,Paid,150.72,2025-11-24
13392,13392,Invoice,Pending,2710.39,2025-03-30
13393,13393,Invoice,Paid,1474.64,2025-12-22
13394,13394,Bank Transfer,Paid,894.5,2024-12-25
13395,13395,Card,Paid,1561.31,2025-03-12
13396,13396,Card,Paid,183.31,2024-01-03
13397,13397,Bank Transfer,Paid,1452.39,2023-08-20
13398,13398,Bank Transfer,Paid,738.13,2023-03-22
13399,13399,Bank Transfer,Paid,967.38,2022-07-31
13400,13400,Card,Paid,1014.14,2024-12-06
13401,13401,Invoice,Paid,976.91,2022-05-26
13402,13402,PayPal,Paid,91.41,2022-10-20
13403,13403,Bank Transfer,Paid,2158.49,2022-03-22
13404,13404,Bank Transfer,Pending,880.64,2022-07-03
13405,13405,Invoice,Paid,2055.19,2024-12-17
13406,13406,Card,Pending,634.75,2022-03-28
13407,13407,PayPal,Pending,1436.86,2023-04-23
13408,13408,Bank Transfer,Paid,134.56,2025-10-30
13409,13409,PayPal,Refunded,942.98,2022-03-23
13410,13410,Card,Paid,416.86,2025-01-17
13411,13411,Invoice,Paid,1892.74,2022-09-13
13412,13412,Bank Transfer,Paid,2119.73,2022-08-19
13413,13413,Bank Transfer,Paid,1115.55,2023-12-03
13414,13414,Card,Paid,485.92,2023-08-24
13415,13415,Invoice,Pending,454.2,2022-12-18
13416,13416,Invoice,Paid,1197.88,2023-10-23
13417,13417,Card,Paid,523.46,2025-07-21
13418,13418,Bank Transfer,Paid,2889.9,2022-02-27
13419,13419,Bank Transfer,Paid,1023.42,2022-04-16
13420,13420,Card,Pending,771.81,2023-03-19
13421,13421,Bank Transfer,Paid,1585.15,2022-12-21
13422,13422,PayPal,Paid,354.02,2022-09-03
13423,13423,Bank Transfer,Pending,239.86,2022-12-13
13424,13424,Card,Paid,556.74,2022-12-13
13425,13425,Invoice,Paid,1593.37,2023-04-18
13426,13426,PayPal,Paid,1381.06,2025-06-13
13427,13427,Bank Transfer,Paid,489.11,2022-06-13
13428,13428,PayPal,Pending,3196.03,2024-12-24
13429,13429,Invoice,Paid,592.44,2023-05-26
13430,13430,Card,Paid,468.84,2022-01-17
13431,13431,PayPal,Paid,523.89,2024-08-27
13432,13432,PayPal,Pending,318.55,2025-10-14
13433,13433,Invoice,Paid,1291.4,2025-10-24
13434,13434,Card,Paid,2356.46,2024-02-08
13435,13435,PayPal,Paid,1372.08,2024-08-19
13436,13436,PayPal,Paid,1779.37,2025-05-30
13437,13437,PayPal,Paid,2825.65,2025-08-18
13438,13438,Card,Paid,219.18,2025-12-15
13439,13439,Card,Paid,476.12,2022-03-05
13440,13440,Card,Paid,275.44,2025-09-02
13441,13441,Bank Transfer,Paid,211.84,2022-03-29
13442,13442,Card,Paid,1761.27,2024-03-11
13443,13443,Bank Transfer,Paid,114.72,2023-03-27
13444,13444,Card,Pending,1633.97,2023-02-19
13445,13445,PayPal,Paid,950.15,2025-08-22
13446,13446,Invoice,Paid,459.0,2022-06-06
13447,13447,Invoice,Paid,1450.89,2023-08-29
13448,13448,Bank Transfer,Paid,810.62,2023-10-07
13449,13449,Card,Paid,562.7,2024-07-11
13450,13450,Invoice,Pending,562.19,2024-01-30
13451,13451,Bank Transfer,Paid,2253.94,2024-09-30
13452,13452,Invoice,Paid,580.34,2023-04-21
13453,13453,Card,Pending,147.42,2023-12-12
13454,13454,PayPal,Paid,1905.11,2025-12-18
13455,13455,PayPal,Paid,1355.43,2023-07-12
13456,13456,PayPal,Paid,488.34,2025-09-02
13457,13457,Card,Paid,3020.57,2023-04-10
13458,13458,Bank Transfer,Paid,1688.22,2022-06-18
13459,13459,PayPal,Refunded,136.19,2023-10-22
13460,13460,Bank Transfer,Paid,455.33,2023-03-08
13461,13461,Card,Paid,1002.63,2024-12-20
13462,13462,PayPal,Paid,1925.63,2023-06-14
13463,13463,Bank Transfer,Paid,1278.46,2022-10-12
13464,13464,PayPal,Paid,439.1,2025-04-18
13465,13465,PayPal,Pending,689.13,2023-06-20
13466,13466,Bank Transfer,Paid,618.08,2023-09-30
13467,13467,Invoice,Paid,1905.27,2023-02-17
13468,13468,Bank Transfer,Paid,2165.28,2025-06-25
13469,13469,Bank Transfer,Paid,1758.39,2024-05-04
13470,13470,PayPal,Paid,1526.24,2022-07-12
13471,13471,Bank Transfer,Paid,726.72,2023-11-14
13472,13472,Invoice,Paid,640.0,2022-08-25
13473,13473,Invoice,Paid,159.02,2023-04-18
13474,13474,Card,Paid,3199.41,2022-01-02
13475,13475,PayPal,Paid,84.65,2024-04-02
13476,13476,Bank Transfer,Pending,277.24,2023-05-28
13477,13477,Card,Paid,387.68,2022-09-30
13478,13478,Bank Transfer,Paid,204.25,2022-04-01
13479,13479,Card,Paid,1896.9,2022-01-20
13480,13480,Invoice,Paid,1031.22,2023-08-03
13481,13481,Card,Pending,3094.67,2022-01-05
13482,13482,PayPal,Pending,1899.94,2025-04-28
13483,13483,PayPal,Paid,2347.8,2023-07-16
13484,13484,Card,Paid,412.08,2024-09-23
13485,13485,Bank Transfer,Paid,3052.3,2025-05-22
13486,13486,Bank Transfer,Pending,537.38,2025-06-20
13487,13487,Card,Pending,1034.41,2023-02-04
13488,13488,Invoice,Paid,2862.63,2023-08-11
13489,13489,PayPal,Refunded,1022.25,2022-01-23
13490,13490,Bank Transfer,Paid,2213.1,2025-09-09
13491,13491,PayPal,Pending,363.37,2025-07-01
13492,13492,Invoice,Paid,206.3,2025-05-19
13493,13493,Invoice,Paid,713.61,2023-07-09
13494,13494,PayPal,Pending,785.29,2025-12-15
13495,13495,PayPal,Paid,737.99,2025-12-11
13496,13496,PayPal,Paid,4555.2,2022-08-04
13497,13497,Bank Transfer,Paid,16.36,2024-12-18
13498,13498,Bank Transfer,Pending,111.59,2023-09-02
13499,13499,Invoice,Paid,917.1,2025-09-25
13500,13500,PayPal,Pending,786.68,2025-01-23
13501,13501,PayPal,Paid,944.12,2025-01-30
13502,13502,PayPal,Paid,3424.18,2024-09-30
13503,13503,Invoice,Paid,341.59,2022-06-16
13504,13504,Bank Transfer,Paid,296.4,2023-11-18
13505,13505,PayPal,Paid,1913.24,2025-05-23
13506,13506,Invoice,Paid,1630.24,2022-03-26
13507,13507,Invoice,Paid,1024.78,2023-09-05
13508,13508,Bank Transfer,Paid,1003.96,2024-04-09
13509,13509,Card,Paid,1199.99,2025-08-07
13510,13510,Card,Paid,345.12,2024-06-11
13511,13511,Invoice,Paid,652.51,2023-08-10
13512,13512,PayPal,Paid,536.05,2025-05-02
13513,13513,Bank Transfer,Paid,2199.32,2024-02-22
13514,13514,Bank Transfer,Paid,251.02,2025-09-11
13515,13515,Invoice,Refunded,1537.94,2024-12-20
13516,13516,PayPal,Paid,1366.97,2023-07-28
13517,13517,Bank Transfer,Refunded,1824.98,2025-07-22
13518,13518,PayPal,Paid,18.12,2024-11-21
13519,13519,Invoice,Paid,918.92,2023-07-13
13520,13520,Card,Paid,1062.2,2023-01-21
13521,13521,PayPal,Paid,822.46,2023-06-23
13522,13522,PayPal,Paid,606.57,2022-05-24
13523,13523,Card,Paid,719.95,2024-02-02
13524,13524,Bank Transfer,Paid,1026.4,2023-04-19
13525,13525,Invoice,Paid,1216.08,2022-04-17
13526,13526,Invoice,Pending,150.42,2024-12-22
13527,13527,Card,Pending,989.18,2025-12-17
13528,13528,Invoice,Paid,1662.87,2025-08-13
13529,13529,PayPal,Refunded,2060.47,2025-03-20
13530,13530,Bank Transfer,Pending,1719.61,2024-01-25
13531,13531,Card,Pending,916.37,2023-07-20
13532,13532,PayPal,Paid,903.77,2024-11-27
13533,13533,Bank Transfer,Paid,1073.1,2023-10-14
13534,13534,Card,Refunded,1112.17,2025-08-05
13535,13535,Bank Transfer,Paid,1513.86,2024-08-22
13536,13536,PayPal,Pending,763.0,2023-07-26
13537,13537,Invoice,Refunded,632.87,2023-07-20
13538,13538,Bank Transfer,Pending,117.89,2024-02-08
13539,13539,Card,Pending,872.85,2023-12-13
13540,13540,Card,Paid,1007.95,2022-01-26
13541,13541,PayPal,Pending,948.7,2022-12-17
13542,13542,Card,Pending,739.23,2024-09-26
13543,13543,Bank Transfer,Pending,1164.97,2023-07-26
13544,13544,Bank Transfer,Paid,1147.8,2025-10-21
13545,13545,PayPal,Pending,71.57,2025-06-28
13546,13546,Invoice,Paid,2120.93,2022-01-02
13547,13547,Card,Paid,872.66,2024-12-08
13548,13548,PayPal,Paid,783.91,2024-01-24
13549,13549,Card,Refunded,2700.32,2025-02-25
13550,13550,Bank Transfer,Paid,233.22,2023-05-06
13551,13551,Invoice,Paid,174.5,2024-04-18
13552,13552,Bank Transfer,Paid,1766.86,2025-11-08
13553,13553,Bank Transfer,Paid,1150.23,2024-09-10
13554,13554,Bank Transfer,Pending,1007.03,2024-10-08
13555,13555,Card,Paid,262.12,2022-03-29
13556,13556,PayPal,Paid,469.6,2023-08-01
13557,13557,PayPal,Paid,2667.76,2023-10-07
13558,13558,Invoice,Refunded,1570.66,2023-07-25
13559,13559,Bank Transfer,Pending,1783.95,2025-12-16
13560,13560,Invoice,Paid,1302.87,2025-10-24
13561,13561,Card,Pending,836.69,2022-01-30
13562,13562,PayPal,Paid,2891.56,2025-07-20
13563,13563,Invoice,Pending,623.35,2022-02-06
13564,13564,Card,Refunded,2521.47,2022-09-13
13565,13565,Bank Transfer,Paid,816.13,2022-09-19
13566,13566,Bank Transfer,Paid,859.69,2023-10-16
13567,13567,Invoice,Paid,789.43,2024-11-03
13568,13568,Bank Transfer,Paid,378.38,2024-07-30
13569,13569,PayPal,Paid,1394.51,2023-09-28
13570,13570,Invoice,Paid,1089.88,2022-09-19
13571,13571,Card,Paid,724.61,2022-02-17
13572,13572,Card,Paid,237.68,2023-08-13
13573,13573,Card,Paid,1419.61,2024-06-28
13574,13574,Card,Paid,4883.2,2025-05-30
13575,13575,PayPal,Paid,1957.15,2024-04-09
13576,13576,PayPal,Paid,91.22,2023-03-16
13577,13577,Bank Transfer,Paid,2435.23,2025-09-07
13578,13578,Invoice,Paid,264.68,2022-03-20
13579,13579,Bank Transfer,Pending,371.91,2024-02-04
13580,13580,Invoice,Paid,2727.15,2023-12-23
13581,13581,Invoice,Paid,1045.24,2024-12-04
13582,13582,PayPal,Paid,306.49,2023-12-20
13583,13583,Card,Paid,1898.75,2025-11-13
13584,13584,Card,Paid,1917.18,2025-08-11
13585,13585,Card,Paid,658.5,2022-06-15
13586,13586,Bank Transfer,Paid,1158.6,2023-10-03
13587,13587,PayPal,Paid,758.23,2023-09-04
13588,13588,Card,Paid,320.73,2024-04-27
13589,13589,Card,Paid,1123.32,2022-04-09
13590,13590,Bank Transfer,Pending,1035.77,2022-11-29
13591,13591,Bank Transfer,Pending,340.16,2024-12-04
13592,13592,Card,Paid,2458.32,2024-12-13
13593,13593,PayPal,Paid,2367.54,2022-01-18
13594,13594,PayPal,Paid,2155.99,2022-06-24
13595,13595,Card,Paid,124.91,2025-12-21
13596,13596,Invoice,Pending,316.28,2022-05-25
13597,13597,PayPal,Paid,1057.0,2022-07-03
13598,13598,Card,Paid,1700.3,2022-10-26
13599,13599,Card,Paid,986.27,2025-12-28
13600,13600,PayPal,Paid,3369.43,2025-04-08
13601,13601,PayPal,Paid,306.56,2022-11-25
13602,13602,Invoice,Paid,2328.69,2022-03-09
13603,13603,Invoice,Pending,4698.15,2025-05-14
13604,13604,Invoice,Paid,139.44,2025-10-21
13605,13605,PayPal,Paid,1237.53,2024-10-10
13606,13606,Card,Paid,350.95,2022-11-13
13607,13607,Bank Transfer,Paid,1338.93,2024-12-22
13608,13608,Bank Transfer,Paid,1075.6,2025-11-26
13609,13609,PayPal,Paid,1379.16,2025-02-12
13610,13610,Invoice,Pending,1511.09,2022-08-30
13611,13611,Bank Transfer,Paid,1110.69,2025-07-19
13612,13612,PayPal,Paid,2044.34,2022-12-17
13613,13613,Bank Transfer,Paid,941.56,2023-10-28
13614,13614,Bank Transfer,Paid,1673.12,2023-12-17
13615,13615,Bank Transfer,Paid,1047.02,2024-08-26
13616,13616,PayPal,Paid,230.28,2023-03-17
13617,13617,Card,Pending,228.75,2025-05-27
13618,13618,Card,Paid,1023.0,2024-12-13
13619,13619,PayPal,Paid,309.83,2022-02-11
13620,13620,Invoice,Paid,72.47,2025-07-08
13621,13621,Bank Transfer,Paid,2314.97,2023-10-09
13622,13622,Bank Transfer,Paid,208.96,2023-12-06
13623,13623,PayPal,Paid,1606.23,2022-03-04
13624,13624,Invoice,Paid,466.92,2022-11-24
13625,13625,Bank Transfer,Paid,982.34,2023-12-02
13626,13626,PayPal,Paid,2766.77,2023-07-29
13627,13627,PayPal,Paid,822.97,2022-05-01
13628,13628,Bank Transfer,Paid,367.47,2024-02-26
13629,13629,Bank Transfer,Paid,367.3,2023-12-15
13630,13630,PayPal,Paid,1847.0,2025-01-08
13631,13631,PayPal,Paid,1321.5,2023-10-04
13632,13632,Card,Paid,710.94,2022-10-18
13633,13633,Invoice,Paid,791.85,2022-05-20
13634,13634,Card,Paid,1307.92,2024-11-25
13635,13635,Bank Transfer,Paid,1100.92,2025-09-08
13636,13636,PayPal,Refunded,1816.47,2024-01-18
13637,13637,Bank Transfer,Paid,311.5,2024-12-02
13638,13638,Bank Transfer,Paid,1027.58,2025-08-05
13639,13639,Card,Paid,4309.45,2025-03-21
13640,13640,PayPal,Paid,1760.96,2023-07-10
13641,13641,Bank Transfer,Paid,326.01,2022-01-22
13642,13642,Bank Transfer,Paid,3026.09,2022-05-19
13643,13643,Bank Transfer,Paid,2076.87,2025-12-06
13644,13644,Bank Transfer,Paid,268.88,2023-04-14
13645,13645,Card,Paid,2087.78,2025-03-31
13646,13646,Invoice,Pending,1227.97,2025-10-25
13647,13647,Card,Paid,1141.12,2022-03-16
13648,13648,Bank Transfer,Paid,780.25,2022-11-01
13649,13649,Bank Transfer,Paid,385.81,2023-07-09
13650,13650,Bank Transfer,Paid,243.42,2022-07-29
13651,13651,PayPal,Paid,322.14,2024-09-15
13652,13652,Invoice,Paid,624.44,2022-07-12
13653,13653,PayPal,Paid,513.22,2025-10-22
13654,13654,Bank Transfer,Paid,2188.51,2022-08-25
13655,13655,Bank Transfer,Pending,365.04,2022-11-01
13656,13656,Invoice,Pending,999.96,2025-11-06
13657,13657,PayPal,Refunded,102.17,2024-10-27
13658,13658,PayPal,Paid,1292.8,2024-11-18
13659,13659,Card,Paid,735.06,2022-12-18
13660,13660,Bank Transfer,Paid,1484.34,2023-07-01
13661,13661,Invoice,Paid,701.56,2022-05-06
13662,13662,PayPal,Refunded,573.1,2025-01-07
13663,13663,Bank Transfer,Paid,113.87,2025-08-03
13664,13664,Invoice,Pending,1031.07,2022-05-02
13665,13665,Invoice,Paid,925.7,2022-05-22
13666,13666,Bank Transfer,Paid,2193.19,2024-08-16
13667,13667,Bank Transfer,Paid,2659.92,2025-11-19
13668,13668,Card,Paid,4294.94,2023-03-11
13669,13669,Bank Transfer,Paid,1298.34,2022-11-21
13670,13670,Invoice,Paid,583.33,2023-10-02
13671,13671,Card,Paid,2370.99,2022-02-17
13672,13672,Invoice,Paid,398.59,2024-07-25
13673,13673,Bank Transfer,Paid,633.29,2023-01-06
13674,13674,Bank Transfer,Paid,3520.39,2024-07-31
13675,13675,Invoice,Paid,1763.75,2025-12-26
13676,13676,PayPal,Paid,194.4,2024-04-02
13677,13677,PayPal,Paid,1488.19,2022-11-10
13678,13678,Bank Transfer,Paid,532.04,2023-04-02
13679,13679,PayPal,Paid,3348.49,2022-06-19
13680,13680,Invoice,Paid,683.24,2022-02-02
13681,13681,PayPal,Paid,86.87,2025-08-02
13682,13682,Bank Transfer,Paid,4239.06,2022-01-14
13683,13683,Bank Transfer,Paid,393.6,2024-12-12
13684,13684,Invoice,Paid,707.02,2024-05-18
13685,13685,Card,Paid,1589.53,2024-06-22
13686,13686,Bank Transfer,Paid,500.33,2024-11-20
13687,13687,Bank Transfer,Paid,244.65,2024-12-19
13688,13688,Card,Pending,508.49,2025-04-14
13689,13689,Bank Transfer,Paid,96.3,2023-04-19
13690,13690,Card,Paid,987.87,2025-04-01
13691,13691,Invoice,Paid,1504.39,2024-10-05
13692,13692,Card,Paid,515.14,2023-03-30
13693,13693,PayPal,Paid,823.09,2023-10-11
13694,13694,Card,Refunded,107.61,2023-05-11
13695,13695,Bank Transfer,Paid,448.93,2025-01-10
13696,13696,PayPal,Paid,541.27,2022-12-10
13697,13697,Card,Paid,1019.84,2023-03-19
13698,13698,PayPal,Paid,1593.19,2023-12-06
13699,13699,Invoice,Refunded,992.78,2025-04-08
13700,13700,Card,Refunded,413.33,2022-06-12
13701,13701,PayPal,Paid,1859.86,2022-06-10
13702,13702,Invoice,Pending,689.63,2024-02-02
13703,13703,Bank Transfer,Paid,1740.24,2022-12-11
13704,13704,Card,Paid,242.31,2025-08-26
13705,13705,PayPal,Paid,970.6,2025-04-07
13706,13706,Card,Paid,1362.44,2023-12-03
13707,13707,Invoice,Paid,1332.86,2025-04-15
13708,13708,Card,Paid,755.21,2025-11-09
13709,13709,Invoice,Paid,1284.44,2024-05-06
13710,13710,PayPal,Paid,275.78,2023-02-12
13711,13711,PayPal,Paid,1493.5,2023-02-14
13712,13712,Bank Transfer,Paid,479.54,2023-07-03
13713,13713,Invoice,Paid,261.61,2024-03-10
13714,13714,Invoice,Paid,1614.44,2022-05-26
13715,13715,Invoice,Pending,2244.48,2024-07-16
13716,13716,Invoice,Paid,521.66,2023-03-13
13717,13717,Card,Paid,1508.98,2023-11-01
13718,13718,Bank Transfer,Paid,1936.01,2022-06-08
13719,13719,Invoice,Paid,5201.97,2022-06-06
13720,13720,PayPal,Paid,153.73,2025-04-12
13721,13721,Card,Paid,148.11,2022-06-03
13722,13722,Invoice,Paid,420.53,2023-05-14
13723,13723,PayPal,Refunded,2716.36,2024-01-19
13724,13724,Bank Transfer,Pending,547.51,2022-08-06
13725,13725,Bank Transfer,Paid,1840.74,2024-06-04
13726,13726,Card,Paid,2987.76,2022-07-01
13727,13727,PayPal,Paid,2544.08,2024-03-25
13728,13728,Invoice,Paid,2379.27,2024-10-14
13729,13729,PayPal,Paid,1084.4,2024-07-21
13730,13730,PayPal,Paid,111.64,2022-06-12
13731,13731,Invoice,Paid,3028.98,2024-08-22
13732,13732,Card,Paid,1386.83,2022-11-18
13733,13733,Invoice,Paid,2018.52,2024-12-08
13734,13734,Card,Pending,1289.47,2024-02-12
13735,13735,Invoice,Paid,392.58,2025-06-22
13736,13736,Invoice,Pending,719.77,2024-07-02
13737,13737,Invoice,Paid,465.31,2024-12-22
13738,13738,Bank Transfer,Paid,1397.9,2024-01-15
13739,13739,PayPal,Pending,242.82,2025-09-08
13740,13740,Invoice,Paid,3334.2,2022-05-18
13741,13741,PayPal,Paid,1631.78,2024-05-08
13742,13742,Bank Transfer,Paid,2332.2,2025-08-05
13743,13743,Card,Paid,1729.39,2025-12-08
13744,13744,Card,Paid,391.23,2023-12-03
13745,13745,Bank Transfer,Paid,289.8,2022-12-30
13746,13746,Bank Transfer,Paid,5055.96,2025-09-22
13747,13747,Invoice,Paid,2612.66,2024-05-24
13748,13748,Invoice,Paid,664.54,2025-12-13
13749,13749,Invoice,Paid,660.15,2024-09-25
13750,13750,Invoice,Paid,1558.9,2024-10-04
13751,13751,Card,Pending,237.56,2022-08-25
13752,13752,Bank Transfer,Paid,1913.99,2022-10-12
13753,13753,PayPal,Paid,1821.38,2023-09-30
13754,13754,PayPal,Paid,2258.93,2025-11-17
13755,13755,Invoice,Pending,1209.36,2023-08-22
13756,13756,Invoice,Paid,398.48,2022-11-18
13757,13757,Card,Refunded,815.29,2025-03-05
13758,13758,Bank Transfer,Paid,619.81,2025-05-30
13759,13759,Invoice,Paid,1351.33,2023-09-29
13760,13760,Card,Paid,444.78,2022-03-14
13761,13761,Invoice,Paid,308.33,2022-08-26
13762,13762,Card,Pending,1630.88,2025-03-12
13763,13763,PayPal,Paid,115.1,2022-02-24
13764,13764,Bank Transfer,Pending,2195.8,2025-06-04
13765,13765,PayPal,Paid,868.2,2024-06-05
13766,13766,Bank Transfer,Refunded,2642.36,2025-07-23
13767,13767,Bank Transfer,Paid,1283.3,2023-06-22
13768,13768,Invoice,Paid,516.62,2022-10-06
13769,13769,Bank Transfer,Paid,2312.19,2022-07-20
13770,13770,Card,Paid,279.55,2024-12-02
13771,13771,Invoice,Pending,535.74,2025-10-22
13772,13772,Invoice,Paid,4392.4,2025-02-09
13773,13773,Card,Pending,139.58,2022-03-07
13774,13774,Invoice,Refunded,2684.03,2022-01-22
13775,13775,Invoice,Paid,1396.1,2022-09-19
13776,13776,PayPal,Paid,1454.88,2023-08-21
13777,13777,Bank Transfer,Paid,482.12,2022-10-26
13778,13778,Card,Pending,517.52,2023-08-02
13779,13779,Bank Transfer,Pending,416.14,2022-03-18
13780,13780,Bank Transfer,Paid,1037.94,2023-02-22
13781,13781,Bank Transfer,Paid,659.62,2022-12-13
13782,13782,Invoice,Paid,1434.3,2024-11-30
13783,13783,Bank Transfer,Paid,372.86,2024-11-27
13784,13784,Card,Paid,2083.05,2025-07-19
13785,13785,Invoice,Paid,126.57,2025-12-18
13786,13786,Card,Paid,330.84,2024-11-23
13787,13787,Invoice,Paid,2601.68,2024-12-01
13788,13788,Bank Transfer,Pending,886.82,2023-01-11
13789,13789,Bank Transfer,Pending,6033.1,2022-03-21
13790,13790,Card,Paid,4610.13,2023-11-08
13791,13791,Card,Paid,397.3,2025-10-06
13792,13792,Bank Transfer,Paid,1184.29,2023-11-03
13793,13793,Card,Pending,162.7,2025-05-04
13794,13794,Bank Transfer,Refunded,822.62,2025-03-11
13795,13795,Bank Transfer,Paid,2017.45,2023-05-17
13796,13796,Invoice,Pending,1267.74,2025-04-02
13797,13797,Card,Paid,1267.2,2025-01-17
13798,13798,PayPal,Paid,92.3,2023-10-23
13799,13799,Invoice,Pending,647.44,2025-01-21
13800,13800,PayPal,Pending,542.27,2023-12-31
13801,13801,Bank Transfer,Paid,1849.59,2022-12-18
13802,13802,Bank Transfer,Paid,1654.48,2023-03-04
13803,13803,Card,Paid,3461.41,2025-10-20
13804,13804,Card,Pending,779.27,2023-05-20
13805,13805,Card,Pending,472.45,2025-03-10
13806,13806,Card,Paid,675.18,2023-10-25
13807,13807,Invoice,Paid,565.66,2025-09-29
13808,13808,Invoice,Paid,570.6,2022-12-15
13809,13809,Card,Pending,2378.36,2024-03-16
13810,13810,Bank Transfer,Paid,928.3,2023-03-03
13811,13811,Bank Transfer,Paid,4037.54,2023-03-25
13812,13812,Invoice,Paid,1243.8,2022-12-24
13813,13813,Bank Transfer,Pending,126.76,2024-04-27
13814,13814,PayPal,Paid,640.48,2023-08-19
13815,13815,PayPal,Pending,696.32,2023-11-09
13816,13816,Card,Paid,752.02,2024-02-05
13817,13817,Card,Paid,2284.13,2023-02-22
13818,13818,Card,Paid,870.81,2024-09-06
13819,13819,Card,Paid,791.31,2025-06-19
13820,13820,Invoice,Paid,2754.94,2023-12-30
13821,13821,Bank Transfer,Paid,1006.44,2025-10-05
13822,13822,Bank Transfer,Pending,1161.99,2024-04-26
13823,13823,Bank Transfer,Paid,689.62,2024-04-21
13824,13824,Bank Transfer,Pending,309.45,2023-12-01
13825,13825,Card,Paid,991.47,2022-06-17
13826,13826,Bank Transfer,Pending,1044.87,2024-04-22
13827,13827,PayPal,Paid,540.29,2022-12-18
13828,13828,Invoice,Paid,326.09,2025-08-14
13829,13829,Invoice,Paid,740.82,2023-02-18
13830,13830,Invoice,Paid,1944.43,2024-12-25
13831,13831,Invoice,Pending,539.54,2024-01-18
13832,13832,Card,Pending,2287.34,2022-09-22
13833,13833,Bank Transfer,Paid,459.6,2024-12-30
13834,13834,Invoice,Paid,2137.24,2025-11-18
13835,13835,Invoice,Pending,1262.7,2022-08-04
13836,13836,PayPal,Paid,269.78,2025-03-01
13837,13837,Bank Transfer,Paid,58.78,2025-10-29
13838,13838,Card,Pending,421.37,2025-07-31
13839,13839,Card,Paid,111.5,2024-09-25
13840,13840,Invoice,Paid,1855.94,2025-04-12
13841,13841,PayPal,Paid,338.88,2023-06-01
13842,13842,PayPal,Paid,1061.09,2022-03-30
13843,13843,PayPal,Pending,540.8,2024-11-16
13844,13844,Invoice,Paid,1088.15,2024-05-22
13845,13845,Bank Transfer,Paid,476.18,2024-04-15
13846,13846,Bank Transfer,Paid,364.92,2025-10-09
13847,13847,Card,Paid,1786.96,2025-06-13
13848,13848,Invoice,Pending,1641.32,2022-01-16
13849,13849,Invoice,Paid,1639.85,2025-07-14
13850,13850,Bank Transfer,Paid,266.2,2024-04-28
13851,13851,Bank Transfer,Paid,919.34,2023-11-16
13852,13852,Invoice,Paid,566.95,2022-07-29
13853,13853,PayPal,Paid,1949.77,2024-11-28
13854,13854,Card,Paid,1513.83,2024-08-29
13855,13855,PayPal,Paid,872.82,2024-10-22
13856,13856,PayPal,Paid,2945.86,2024-02-23
13857,13857,Bank Transfer,Refunded,184.89,2025-04-29
13858,13858,Invoice,Paid,2437.91,2023-04-24
13859,13859,Card,Paid,1255.96,2025-07-08
13860,13860,Invoice,Paid,871.63,2025-08-08
13861,13861,Card,Paid,1313.08,2023-03-29
13862,13862,PayPal,Paid,1085.58,2025-12-11
13863,13863,Card,Paid,1047.31,2024-07-06
13864,13864,PayPal,Pending,1330.68,2024-08-11
13865,13865,Card,Pending,1360.86,2022-08-14
13866,13866,Bank Transfer,Pending,1507.2,2025-12-16
13867,13867,Invoice,Paid,3405.38,2023-04-15
13868,13868,Card,Paid,1125.84,2024-05-21
13869,13869,PayPal,Paid,285.68,2025-05-02
13870,13870,PayPal,Paid,556.13,2025-10-19
13871,13871,Card,Paid,981.79,2023-11-28
13872,13872,PayPal,Refunded,719.32,2022-05-24
13873,13873,Invoice,Paid,1304.12,2023-12-29
13874,13874,Bank Transfer,Paid,810.82,2023-09-20
13875,13875,Invoice,Pending,2792.67,2023-12-06
13876,13876,PayPal,Paid,1500.11,2023-08-01
13877,13877,Invoice,Paid,3583.47,2024-11-25
13878,13878,Card,Paid,1097.77,2024-02-26
13879,13879,PayPal,Paid,426.6,2024-06-23
13880,13880,Bank Transfer,Pending,108.12,2022-07-05
13881,13881,Bank Transfer,Paid,1542.72,2024-08-14
13882,13882,Bank Transfer,Paid,529.41,2025-09-14
13883,13883,Invoice,Paid,490.58,2023-05-28
13884,13884,Bank Transfer,Paid,735.26,2025-08-10
13885,13885,Invoice,Paid,1204.65,2025-12-08
13886,13886,Bank Transfer,Pending,787.7,2022-12-03
13887,13887,PayPal,Paid,255.34,2025-07-26
13888,13888,PayPal,Pending,708.08,2022-02-08
13889,13889,PayPal,Paid,1372.93,2022-06-04
13890,13890,Card,Paid,978.59,2022-06-29
13891,13891,PayPal,Pending,3418.73,2025-06-29
13892,13892,Card,Paid,3520.07,2023-05-06
13893,13893,Card,Paid,590.22,2022-03-19
13894,13894,Card,Paid,1608.76,2024-11-11
13895,13895,Invoice,Paid,97.88,2025-12-02
13896,13896,Invoice,Paid,946.35,2025-11-17
13897,13897,Invoice,Paid,36.01,2024-08-07
13898,13898,Card,Pending,977.71,2022-08-25
13899,13899,PayPal,Paid,1262.9,2025-01-21
13900,13900,Card,Pending,680.13,2022-09-06
13901,13901,Invoice,Paid,619.86,2023-06-27
13902,13902,Bank Transfer,Paid,1538.73,2022-11-26
13903,13903,Invoice,Paid,236.98,2023-06-20
13904,13904,Card,Paid,1438.98,2022-04-06
13905,13905,Bank Transfer,Paid,2779.47,2025-06-08
13906,13906,Bank Transfer,Paid,4049.91,2022-10-15
13907,13907,Invoice,Paid,1053.38,2024-01-27
13908,13908,PayPal,Paid,643.79,2023-02-10
13909,13909,PayPal,Paid,1191.89,2022-04-14
13910,13910,PayPal,Paid,1014.6,2023-05-12
13911,13911,Bank Transfer,Paid,297.96,2023-02-06
13912,13912,Card,Paid,1176.67,2023-06-29
13913,13913,Invoice,Paid,1106.55,2023-12-14
13914,13914,Invoice,Refunded,1437.67,2025-06-01
13915,13915,Card,Paid,1058.81,2024-11-19
13916,13916,PayPal,Paid,110.04,2025-05-18
13917,13917,PayPal,Paid,771.09,2025-09-30
13918,13918,Bank Transfer,Paid,1016.61,2024-11-26
13919,13919,Bank Transfer,Paid,2240.09,2022-03-10
13920,13920,Bank Transfer,Paid,738.64,2023-01-14
13921,13921,Card,Paid,796.12,2025-08-22
13922,13922,Invoice,Paid,1658.95,2025-08-14
13923,13923,Invoice,Pending,97.7,2024-06-06
13924,13924,PayPal,Paid,1587.71,2022-03-14
13925,13925,Card,Pending,336.3,2022-08-23
13926,13926,Bank Transfer,Paid,797.38,2024-11-28
13927,13927,Invoice,Paid,2278.8,2023-06-07
13928,13928,Card,Paid,885.04,2022-10-03
13929,13929,Invoice,Paid,2053.42,2024-06-12
13930,13930,Card,Pending,645.18,2024-11-28
13931,13931,PayPal,Paid,712.0,2023-05-18
13932,13932,Invoice,Paid,550.9,2024-08-15
13933,13933,Invoice,Refunded,372.19,2022-05-04
13934,13934,Bank Transfer,Paid,413.65,2022-08-07
13935,13935,Bank Transfer,Paid,230.29,2025-03-30
13936,13936,Card,Paid,367.85,2022-08-05
13937,13937,PayPal,Paid,1822.93,2022-02-14
13938,13938,Invoice,Paid,1652.57,2022-12-26
13939,13939,Invoice,Paid,182.67,2023-11-26
13940,13940,Bank Transfer,Paid,805.52,2024-05-29
13941,13941,PayPal,Paid,332.69,2025-12-08
13942,13942,Bank Transfer,Paid,504.22,2022-07-23
13943,13943,PayPal,Paid,1628.79,2025-05-06
13944,13944,Card,Paid,374.3,2024-05-01
13945,13945,Bank Transfer,Pending,1091.7,2025-01-14
13946,13946,Invoice,Paid,319.82,2023-11-25
13947,13947,Bank Transfer,Paid,16.66,2025-11-08
13948,13948,Card,Paid,707.83,2022-07-09
13949,13949,PayPal,Pending,602.23,2023-04-01
13950,13950,Bank Transfer,Paid,3444.46,2023-12-19
13951,13951,PayPal,Pending,629.12,2024-03-19
13952,13952,PayPal,Paid,1111.27,2023-11-02
13953,13953,Bank Transfer,Paid,547.12,2022-07-16
13954,13954,PayPal,Paid,3678.12,2025-11-05
13955,13955,PayPal,Pending,2177.13,2024-12-22
13956,13956,Invoice,Paid,1284.32,2023-09-07
13957,13957,Invoice,Paid,3819.26,2023-01-31
13958,13958,Invoice,Paid,1153.67,2023-07-11
13959,13959,PayPal,Pending,1211.96,2024-08-13
13960,13960,Bank Transfer,Paid,269.74,2022-03-18
13961,13961,Card,Paid,2518.14,2024-10-28
13962,13962,Invoice,Paid,1085.92,2025-04-08
13963,13963,Card,Paid,1208.91,2022-09-28
13964,13964,PayPal,Paid,2267.41,2022-08-27
13965,13965,Card,Refunded,269.26,2024-10-30
13966,13966,Invoice,Pending,445.94,2024-03-07
13967,13967,Bank Transfer,Refunded,23.18,2024-08-12
13968,13968,Card,Paid,3019.98,2022-09-27
13969,13969,Card,Paid,1463.33,2025-08-11
13970,13970,Card,Refunded,2817.17,2025-12-31
13971,13971,Bank Transfer,Pending,846.65,2022-11-13
13972,13972,PayPal,Paid,653.32,2024-06-14
13973,13973,Invoice,Paid,219.8,2022-04-06
13974,13974,Card,Paid,907.01,2023-06-18
13975,13975,Card,Paid,609.11,2025-03-18
13976,13976,Card,Paid,461.2,2025-10-07
13977,13977,Card,Paid,505.93,2023-08-10
13978,13978,Bank Transfer,Paid,2361.4,2023-12-16
13979,13979,Invoice,Paid,642.08,2022-05-04
13980,13980,Invoice,Paid,423.31,2022-05-17
13981,13981,Card,Paid,1902.53,2025-02-01
13982,13982,PayPal,Paid,306.2,2023-07-24
13983,13983,PayPal,Paid,4303.95,2023-02-17
13984,13984,Card,Paid,3006.95,2024-12-12
13985,13985,Card,Pending,2310.99,2025-12-12
13986,13986,PayPal,Paid,467.36,2024-07-31
13987,13987,Card,Paid,80.11,2025-08-10
13988,13988,Bank Transfer,Paid,652.6,2022-03-07
13989,13989,PayPal,Pending,2416.93,2025-10-09
13990,13990,Bank Transfer,Paid,668.66,2024-06-07
13991,13991,Card,Refunded,1707.3,2025-10-30
13992,13992,Card,Pending,1337.91,2025-10-11
13993,13993,Bank Transfer,Pending,643.24,2023-04-09
13994,13994,Card,Paid,1134.93,2023-06-28
13995,13995,Invoice,Paid,2284.16,2022-09-05
13996,13996,PayPal,Paid,1251.63,2024-08-11
13997,13997,Invoice,Paid,1530.33,2022-09-12
13998,13998,Invoice,Paid,2928.98,2024-01-06
13999,13999,Invoice,Paid,805.24,2025-12-28
14000,14000,PayPal,Paid,2597.43,2022-04-29
14001,14001,Bank Transfer,Paid,690.85,2024-08-04
14002,14002,Card,Paid,135.71,2022-06-12
14003,14003,Card,Paid,1533.76,2024-08-11
14004,14004,PayPal,Paid,960.5,2024-09-18
14005,14005,Card,Paid,89.47,2024-11-28
14006,14006,PayPal,Paid,1630.52,2024-07-20
14007,14007,PayPal,Paid,2451.62,2025-05-19
14008,14008,PayPal,Paid,710.99,2024-07-12
14009,14009,Invoice,Pending,1073.63,2023-08-18
14010,14010,Bank Transfer,Paid,218.58,2023-08-14
14011,14011,Invoice,Paid,3468.65,2025-09-26
14012,14012,PayPal,Paid,1289.89,2024-05-02
14013,14013,Invoice,Paid,216.88,2024-06-08
14014,14014,Card,Paid,617.28,2022-03-16
14015,14015,PayPal,Paid,5084.04,2023-07-19
14016,14016,Invoice,Paid,884.77,2023-08-22
14017,14017,Invoice,Paid,1194.96,2022-06-18
14018,14018,Bank Transfer,Paid,459.96,2025-12-08
14019,14019,Invoice,Pending,1818.0,2024-12-14
14020,14020,Invoice,Pending,132.29,2025-06-29
14021,14021,Invoice,Paid,523.87,2025-04-20
14022,14022,PayPal,Paid,1651.23,2022-10-31
14023,14023,Bank Transfer,Paid,728.45,2025-01-26
14024,14024,Invoice,Refunded,106.89,2024-05-13
14025,14025,Invoice,Refunded,867.65,2024-03-08
14026,14026,PayPal,Paid,294.18,2025-12-18
14027,14027,Card,Paid,1060.55,2023-04-13
14028,14028,PayPal,Paid,1632.9,2023-01-30
14029,14029,Invoice,Paid,721.15,2024-12-29
14030,14030,PayPal,Paid,607.01,2023-10-23
14031,14031,Invoice,Paid,2642.66,2025-07-09
14032,14032,PayPal,Pending,86.57,2022-04-16
14033,14033,Bank Transfer,Pending,820.55,2025-09-18
14034,14034,PayPal,Pending,160.04,2022-10-04
14035,14035,Card,Paid,3947.89,2023-12-28
14036,14036,Bank Transfer,Paid,1874.5,2022-12-20
14037,14037,Invoice,Pending,2035.43,2022-11-01
14038,14038,Invoice,Paid,156.93,2022-02-24
14039,14039,Card,Paid,375.57,2025-11-02
14040,14040,Invoice,Paid,621.58,2025-08-30
14041,14041,Card,Paid,1779.44,2025-04-24
14042,14042,PayPal,Paid,1891.59,2022-01-28
14043,14043,Bank Transfer,Paid,608.5,2024-11-30
14044,14044,Bank Transfer,Paid,2420.3,2022-10-04
14045,14045,Card,Paid,178.31,2022-10-23
14046,14046,Invoice,Paid,408.95,2024-10-12
14047,14047,Invoice,Pending,1860.42,2023-04-13
14048,14048,Invoice,Paid,46.9,2022-07-11
14049,14049,Bank Transfer,Paid,2545.68,2025-03-26
14050,14050,Invoice,Paid,332.52,2025-10-27
14051,14051,Invoice,Paid,584.28,2023-11-05
14052,14052,Bank Transfer,Paid,171.16,2024-02-27
14053,14053,Bank Transfer,Pending,938.41,2025-09-10
14054,14054,Invoice,Paid,544.9,2024-06-12
14055,14055,Bank Transfer,Paid,486.01,2025-01-24
14056,14056,Card,Paid,646.65,2023-11-06
14057,14057,Invoice,Paid,3159.3,2022-11-27
14058,14058,Card,Pending,617.78,2022-09-01
14059,14059,PayPal,Paid,620.09,2022-11-12
14060,14060,PayPal,Paid,1887.0,2023-07-08
14061,14061,Invoice,Paid,2239.34,2025-12-04
14062,14062,Invoice,Paid,568.54,2023-12-05
14063,14063,Card,Paid,777.09,2022-09-17
14064,14064,PayPal,Paid,1336.88,2022-11-29
14065,14065,Bank Transfer,Paid,1463.62,2023-12-16
14066,14066,Invoice,Paid,1279.84,2024-10-12
14067,14067,Invoice,Paid,205.95,2022-06-17
14068,14068,PayPal,Paid,234.5,2023-05-23
14069,14069,PayPal,Paid,1151.36,2023-06-24
14070,14070,PayPal,Paid,1009.61,2023-11-15
14071,14071,Card,Paid,1972.96,2022-02-06
14072,14072,Card,Paid,1489.98,2023-12-02
14073,14073,Bank Transfer,Paid,268.89,2022-02-09
14074,14074,PayPal,Paid,1882.55,2025-02-19
14075,14075,PayPal,Paid,967.2,2024-09-26
14076,14076,Bank Transfer,Pending,73.85,2023-05-30
14077,14077,PayPal,Paid,564.73,2023-08-17
14078,14078,PayPal,Pending,4450.67,2023-11-04
14079,14079,Card,Paid,1407.41,2023-03-30
14080,14080,PayPal,Pending,1135.52,2022-05-20
14081,14081,Invoice,Paid,882.71,2023-09-27
14082,14082,PayPal,Pending,4621.2,2023-04-20
14083,14083,Bank Transfer,Pending,1434.49,2023-07-27
14084,14084,Bank Transfer,Paid,836.82,2022-11-26
14085,14085,Invoice,Paid,1124.04,2023-07-01
14086,14086,PayPal,Refunded,1617.79,2023-06-09
14087,14087,Invoice,Paid,817.79,2025-11-05
14088,14088,Bank Transfer,Paid,685.99,2023-04-06
14089,14089,Invoice,Paid,132.1,2023-09-29
14090,14090,Bank Transfer,Pending,2480.9,2025-08-29
14091,14091,Bank Transfer,Refunded,1840.78,2025-03-30
14092,14092,PayPal,Paid,1215.16,2025-12-10
14093,14093,Invoice,Paid,644.32,2022-01-27
14094,14094,Invoice,Paid,1943.66,2023-07-15
14095,14095,Invoice,Paid,1656.27,2025-07-26
14096,14096,Card,Refunded,884.64,2022-11-12
14097,14097,PayPal,Paid,1719.31,2024-06-01
14098,14098,Invoice,Paid,2272.99,2023-11-26
14099,14099,Bank Transfer,Paid,703.62,2023-11-07
14100,14100,Bank Transfer,Paid,2871.27,2025-11-08
14101,14101,PayPal,Paid,1353.57,2025-02-19
14102,14102,Invoice,Pending,419.01,2025-11-05
14103,14103,PayPal,Paid,3800.39,2025-03-14
14104,14104,Invoice,Paid,83.58,2023-07-13
14105,14105,Bank Transfer,Paid,422.58,2025-10-18
14106,14106,Invoice,Paid,265.46,2022-10-08
14107,14107,PayPal,Paid,962.47,2025-03-06
14108,14108,PayPal,Paid,73.43,2023-11-18
14109,14109,Card,Pending,1236.85,2025-08-24
14110,14110,Card,Paid,2836.2,2023-08-03
14111,14111,PayPal,Paid,276.37,2023-02-19
14112,14112,PayPal,Paid,607.91,2023-12-04
14113,14113,Invoice,Pending,653.29,2024-02-09
14114,14114,Card,Paid,566.2,2022-07-21
14115,14115,PayPal,Pending,12.24,2024-01-19
14116,14116,Card,Paid,812.05,2025-05-03
14117,14117,Invoice,Paid,647.6,2022-07-28
14118,14118,Card,Paid,1478.28,2024-01-11
14119,14119,Bank Transfer,Pending,1461.37,2024-06-22
14120,14120,Card,Refunded,456.97,2024-06-10
14121,14121,Invoice,Paid,783.58,2022-10-04
14122,14122,Bank Transfer,Pending,1201.13,2024-07-13
14123,14123,PayPal,Pending,769.24,2025-08-21
14124,14124,Card,Paid,1111.86,2025-12-23
14125,14125,PayPal,Paid,1578.8,2024-09-17
14126,14126,Card,Paid,702.86,2022-01-18
14127,14127,PayPal,Paid,795.44,2022-04-09
14128,14128,Invoice,Paid,603.1,2023-07-14
14129,14129,PayPal,Pending,728.01,2025-08-13
14130,14130,Card,Paid,633.25,2023-06-27
14131,14131,PayPal,Refunded,377.52,2025-09-27
14132,14132,Card,Paid,432.84,2022-11-09
14133,14133,PayPal,Paid,247.08,2025-01-07
14134,14134,Bank Transfer,Paid,1332.04,2023-12-12
14135,14135,Invoice,Paid,4545.3,2022-03-13
14136,14136,PayPal,Refunded,1629.32,2023-10-18
14137,14137,Bank Transfer,Pending,3207.24,2024-12-14
14138,14138,PayPal,Paid,83.38,2025-04-07
14139,14139,Invoice,Paid,75.58,2025-01-02
14140,14140,PayPal,Paid,3159.78,2022-11-12
14141,14141,Bank Transfer,Paid,2717.21,2025-05-30
14142,14142,Invoice,Pending,868.47,2025-10-27
14143,14143,Bank Transfer,Pending,1641.12,2024-12-27
14144,14144,Invoice,Paid,145.8,2022-10-14
14145,14145,Card,Pending,1448.46,2022-03-04
14146,14146,Invoice,Paid,312.54,2022-08-26
14147,14147,Invoice,Paid,2046.68,2023-11-08
14148,14148,PayPal,Refunded,270.33,2022-09-21
14149,14149,Bank Transfer,Paid,2259.53,2024-12-10
14150,14150,Invoice,Paid,109.88,2025-03-02
14151,14151,Card,Pending,216.0,2024-09-06
14152,14152,PayPal,Paid,14.86,2025-07-20
14153,14153,Invoice,Paid,1311.27,2022-01-06
14154,14154,Invoice,Pending,690.64,2022-03-18
14155,14155,Invoice,Pending,4102.67,2024-05-23
14156,14156,PayPal,Paid,887.57,2024-04-06
14157,14157,Bank Transfer,Paid,786.38,2022-09-12
14158,14158,PayPal,Paid,1464.31,2025-10-15
14159,14159,Invoice,Paid,893.74,2025-10-18
14160,14160,Bank Transfer,Paid,443.79,2023-01-22
14161,14161,Card,Pending,686.85,2023-03-28
14162,14162,Card,Pending,143.98,2022-03-12
14163,14163,Bank Transfer,Paid,1215.5,2025-11-11
14164,14164,Bank Transfer,Paid,871.82,2025-12-15
14165,14165,Card,Pending,1094.16,2022-11-02
14166,14166,Invoice,Paid,288.99,2023-05-08
14167,14167,Bank Transfer,Paid,307.5,2025-11-30
14168,14168,PayPal,Paid,1598.11,2025-02-06
14169,14169,Bank Transfer,Paid,2302.41,2022-12-06
14170,14170,PayPal,Paid,1230.51,2022-10-25
14171,14171,Bank Transfer,Paid,135.65,2023-12-10
14172,14172,Invoice,Pending,639.81,2025-07-08
14173,14173,Invoice,Paid,646.47,2023-10-20
14174,14174,Invoice,Paid,1501.86,2022-09-20
14175,14175,PayPal,Paid,298.77,2025-06-03
14176,14176,Invoice,Paid,3064.53,2024-12-23
14177,14177,Bank Transfer,Paid,4588.19,2025-08-08
14178,14178,Card,Paid,356.58,2025-01-07
14179,14179,Bank Transfer,Paid,76.11,2023-10-10
14180,14180,Card,Paid,401.63,2025-07-27
14181,14181,Card,Paid,1000.59,2023-01-11
14182,14182,Card,Refunded,2141.0,2024-11-04
14183,14183,Invoice,Paid,788.49,2024-07-05
14184,14184,Bank Transfer,Paid,122.45,2023-06-19
14185,14185,PayPal,Paid,631.88,2024-12-22
14186,14186,Invoice,Paid,452.38,2022-02-26
14187,14187,PayPal,Paid,697.3,2022-08-19
14188,14188,Card,Pending,1063.14,2025-10-28
14189,14189,Invoice,Paid,1045.9,2025-02-27
14190,14190,Bank Transfer,Refunded,1188.05,2025-11-06
14191,14191,Bank Transfer,Paid,976.99,2025-09-07
14192,14192,Bank Transfer,Pending,1507.51,2023-06-09
14193,14193,Card,Paid,159.14,2025-05-28
14194,14194,PayPal,Paid,2777.01,2022-01-22
14195,14195,Invoice,Paid,493.8,2025-11-13
14196,14196,Bank Transfer,Paid,311.0,2022-03-31
14197,14197,Bank Transfer,Paid,89.48,2025-07-09
14198,14198,Bank Transfer,Pending,1049.81,2025-01-18
14199,14199,Card,Paid,726.9,2024-10-22
14200,14200,PayPal,Paid,135.16,2023-08-07
14201,14201,PayPal,Paid,684.97,2023-08-23
14202,14202,Bank Transfer,Paid,2425.32,2023-10-10
14203,14203,Bank Transfer,Pending,3046.49,2023-04-25
14204,14204,PayPal,Paid,578.13,2025-06-23
14205,14205,Card,Paid,2282.99,2023-09-05
14206,14206,PayPal,Paid,2556.45,2025-09-13
14207,14207,Card,Paid,85.48,2024-11-17
14208,14208,Card,Paid,1910.9,2025-07-30
14209,14209,PayPal,Paid,325.93,2022-11-08
14210,14210,Invoice,Paid,1492.61,2025-04-27
14211,14211,PayPal,Pending,1758.85,2022-10-26
14212,14212,PayPal,Paid,83.39,2023-12-14
14213,14213,PayPal,Paid,385.89,2022-09-09
14214,14214,Card,Paid,458.29,2022-08-24
14215,14215,Bank Transfer,Paid,351.15,2023-12-01
14216,14216,Bank Transfer,Paid,815.18,2022-11-04
14217,14217,PayPal,Paid,3602.74,2024-10-14
14218,14218,Card,Paid,414.68,2023-08-01
14219,14219,Invoice,Paid,610.23,2025-11-29
14220,14220,Invoice,Paid,743.37,2022-12-22
14221,14221,Card,Paid,935.79,2022-10-20
14222,14222,PayPal,Paid,1518.76,2022-08-06
14223,14223,Invoice,Paid,168.25,2023-06-12
14224,14224,Bank Transfer,Paid,931.38,2024-05-29
14225,14225,PayPal,Pending,530.96,2022-01-03
14226,14226,Bank Transfer,Paid,356.77,2024-04-04
14227,14227,PayPal,Paid,2858.04,2023-11-29
14228,14228,Bank Transfer,Paid,271.24,2025-09-09
14229,14229,Card,Paid,1119.09,2025-06-18
14230,14230,Invoice,Paid,952.35,2023-08-27
14231,14231,Invoice,Paid,700.29,2023-01-16
14232,14232,PayPal,Paid,1161.6,2023-07-04
14233,14233,Invoice,Paid,339.71,2025-06-01
14234,14234,Invoice,Paid,468.59,2023-03-16
14235,14235,Card,Paid,4493.42,2025-11-07
14236,14236,Invoice,Refunded,4663.38,2025-06-21
14237,14237,PayPal,Paid,1976.05,2023-01-19
14238,14238,Card,Paid,2390.67,2024-12-17
14239,14239,PayPal,Paid,162.46,2024-02-03
14240,14240,PayPal,Paid,826.91,2023-02-18
14241,14241,PayPal,Paid,813.13,2023-04-17
14242,14242,PayPal,Paid,2832.68,2025-11-09
14243,14243,Invoice,Paid,3001.95,2023-05-31
14244,14244,Bank Transfer,Paid,1802.61,2025-10-24
14245,14245,Card,Paid,400.49,2025-10-20
14246,14246,Bank Transfer,Paid,1140.43,2023-11-25
14247,14247,Invoice,Paid,609.87,2023-11-24
14248,14248,Card,Paid,1418.92,2025-06-05
14249,14249,Bank Transfer,Pending,1486.66,2023-11-24
14250,14250,PayPal,Paid,2264.21,2025-06-09
14251,14251,Bank Transfer,Paid,2483.49,2024-04-11
14252,14252,Invoice,Paid,54.45,2024-09-30
14253,14253,Card,Paid,1395.16,2024-03-17
14254,14254,PayPal,Paid,798.78,2025-05-02
14255,14255,Bank Transfer,Paid,489.89,2024-08-30
14256,14256,PayPal,Paid,1927.98,2025-08-10
14257,14257,Card,Paid,640.52,2022-08-25
14258,14258,Card,Paid,732.65,2025-11-27
14259,14259,Invoice,Refunded,387.29,2025-11-07
14260,14260,PayPal,Paid,280.71,2023-06-28
14261,14261,Invoice,Paid,23.38,2024-09-27
14262,14262,PayPal,Paid,887.44,2022-05-27
14263,14263,Bank Transfer,Paid,1360.8,2025-09-22
14264,14264,Invoice,Refunded,1790.66,2025-12-23
14265,14265,Card,Paid,107.58,2024-02-04
14266,14266,Invoice,Pending,1743.88,2022-11-20
14267,14267,PayPal,Pending,842.47,2024-09-28
14268,14268,PayPal,Paid,2031.17,2023-05-12
14269,14269,Invoice,Paid,1337.39,2023-11-06
14270,14270,PayPal,Pending,332.19,2023-01-19
14271,14271,Card,Paid,565.71,2025-04-06
14272,14272,PayPal,Paid,162.01,2022-11-30
14273,14273,PayPal,Paid,1267.59,2022-10-31
14274,14274,Card,Paid,1464.68,2024-11-13
14275,14275,PayPal,Paid,505.31,2022-08-15
14276,14276,Invoice,Pending,398.66,2025-12-27
14277,14277,Invoice,Paid,1643.52,2025-09-16
14278,14278,PayPal,Paid,785.35,2024-10-20
14279,14279,Bank Transfer,Paid,437.33,2022-12-13
14280,14280,PayPal,Paid,6245.36,2024-06-10
14281,14281,Bank Transfer,Paid,143.91,2022-05-23
14282,14282,Card,Paid,2165.85,2022-05-17
14283,14283,Card,Paid,1130.55,2022-04-07
14284,14284,Card,Paid,1571.15,2022-11-09
14285,14285,PayPal,Refunded,870.13,2025-08-29
14286,14286,Card,Pending,1444.26,2024-02-09
14287,14287,Invoice,Paid,321.62,2025-08-19
14288,14288,Invoice,Paid,1712.77,2022-11-08
14289,14289,Invoice,Paid,2258.16,2022-10-19
14290,14290,Invoice,Paid,291.78,2025-11-05
14291,14291,Bank Transfer,Paid,1338.81,2024-12-16
14292,14292,PayPal,Paid,1638.88,2022-08-05
14293,14293,Card,Paid,2433.31,2022-08-22
14294,14294,Card,Pending,583.58,2024-11-14
14295,14295,Invoice,Pending,427.36,2022-12-06
14296,14296,Bank Transfer,Paid,37.89,2024-04-15
14297,14297,PayPal,Paid,2879.36,2022-11-17
14298,14298,PayPal,Paid,1855.49,2024-08-22
14299,14299,PayPal,Pending,676.57,2025-09-18
14300,14300,Card,Pending,2288.75,2025-08-03
14301,14301,Bank Transfer,Paid,97.65,2023-08-15
14302,14302,Bank Transfer,Pending,2506.52,2025-05-18
14303,14303,Card,Paid,1694.4,2022-04-15
14304,14304,Bank Transfer,Refunded,297.57,2025-08-28
14305,14305,PayPal,Paid,341.47,2025-01-31
14306,14306,PayPal,Paid,719.86,2023-04-15
14307,14307,PayPal,Pending,4685.47,2022-08-13
14308,14308,Bank Transfer,Paid,39.64,2022-01-10
14309,14309,Bank Transfer,Paid,2094.32,2022-05-13
14310,14310,PayPal,Paid,1135.02,2024-11-22
14311,14311,PayPal,Paid,3971.22,2022-09-25
14312,14312,Invoice,Paid,1236.88,2023-12-05
14313,14313,Bank Transfer,Paid,1268.71,2025-07-07
14314,14314,Bank Transfer,Paid,334.22,2023-03-11
14315,14315,PayPal,Paid,504.37,2023-08-04
14316,14316,Bank Transfer,Refunded,450.46,2022-07-16
14317,14317,Invoice,Pending,5918.85,2022-11-27
14318,14318,Invoice,Paid,32.36,2022-06-05
14319,14319,Card,Paid,1275.33,2024-12-03
14320,14320,Bank Transfer,Refunded,739.15,2025-09-05
14321,14321,PayPal,Paid,981.52,2025-03-22
14322,14322,Invoice,Pending,893.48,2022-07-12
14323,14323,Card,Paid,2950.85,2022-10-05
14324,14324,PayPal,Paid,908.19,2024-07-19
14325,14325,Bank Transfer,Paid,270.39,2023-07-10
14326,14326,PayPal,Paid,321.09,2025-10-31
14327,14327,Card,Paid,866.02,2025-12-21
14328,14328,Bank Transfer,Pending,397.41,2025-09-10
14329,14329,Bank Transfer,Pending,418.16,2022-12-29
14330,14330,Card,Paid,947.69,2025-05-23
14331,14331,PayPal,Pending,2389.77,2025-10-13
14332,14332,Card,Paid,415.18,2022-04-16
14333,14333,PayPal,Pending,322.73,2022-07-24
14334,14334,PayPal,Paid,2098.12,2025-11-11
14335,14335,Card,Pending,2324.27,2023-01-27
14336,14336,Card,Paid,908.84,2022-05-20
14337,14337,Bank Transfer,Paid,2242.11,2022-06-11
14338,14338,PayPal,Paid,533.08,2025-01-13
14339,14339,Bank Transfer,Pending,1017.51,2023-03-02
14340,14340,PayPal,Paid,222.09,2023-06-13
14341,14341,Card,Paid,2043.89,2023-03-12
14342,14342,Invoice,Paid,237.47,2022-05-27
14343,14343,Card,Paid,1794.21,2022-06-29
14344,14344,Invoice,Pending,653.11,2024-08-15
14345,14345,Card,Refunded,846.3,2025-05-23
14346,14346,PayPal,Paid,682.8,2025-01-09
14347,14347,Card,Pending,1135.86,2025-12-04
14348,14348,Bank Transfer,Paid,763.05,2024-03-25
14349,14349,Bank Transfer,Paid,1076.93,2022-05-11
14350,14350,Invoice,Paid,502.07,2025-11-10
14351,14351,PayPal,Paid,475.67,2024-02-19
14352,14352,PayPal,Paid,168.37,2023-12-22
14353,14353,Card,Pending,737.46,2024-07-16
14354,14354,Invoice,Pending,1180.28,2022-12-06
14355,14355,Bank Transfer,Paid,1691.66,2022-05-14
14356,14356,PayPal,Pending,2615.17,2024-04-15
14357,14357,Invoice,Paid,1719.78,2025-12-09
14358,14358,PayPal,Paid,1824.67,2022-11-19
14359,14359,Invoice,Pending,1216.98,2023-05-25
14360,14360,PayPal,Pending,2130.8,2024-11-25
14361,14361,PayPal,Paid,1182.79,2024-07-22
14362,14362,Bank Transfer,Paid,1573.95,2022-12-22
14363,14363,Invoice,Pending,1347.36,2025-02-22
14364,14364,Card,Paid,1676.68,2023-06-20
14365,14365,Bank Transfer,Paid,962.96,2024-10-17
14366,14366,PayPal,Paid,22.49,2022-08-21
14367,14367,Card,Paid,439.88,2022-06-20
14368,14368,Card,Paid,249.53,2025-05-08
14369,14369,PayPal,Pending,657.14,2022-10-11
14370,14370,Bank Transfer,Paid,3677.9,2025-01-28
14371,14371,PayPal,Paid,279.63,2022-11-27
14372,14372,Bank Transfer,Paid,1366.2,2022-04-16
14373,14373,Bank Transfer,Paid,1169.92,2022-01-05
14374,14374,Card,Paid,843.33,2023-12-23
14375,14375,Bank Transfer,Refunded,828.59,2024-07-10
14376,14376,PayPal,Paid,96.96,2025-05-22
14377,14377,PayPal,Paid,552.68,2025-12-15
14378,14378,PayPal,Paid,773.71,2025-12-04
14379,14379,Invoice,Pending,980.23,2022-05-06
14380,14380,Invoice,Paid,1049.67,2024-10-26
14381,14381,Card,Paid,1748.47,2024-07-10
14382,14382,Card,Paid,3891.14,2023-10-10
14383,14383,Card,Pending,643.43,2024-01-16
14384,14384,PayPal,Paid,363.48,2023-01-01
14385,14385,PayPal,Pending,252.34,2022-09-17
14386,14386,Bank Transfer,Paid,437.62,2024-09-05
14387,14387,Card,Paid,648.69,2025-05-04
14388,14388,PayPal,Pending,1778.73,2024-08-24
14389,14389,PayPal,Paid,322.7,2022-05-11
14390,14390,PayPal,Paid,1447.73,2025-12-22
14391,14391,Invoice,Pending,2435.06,2022-01-02
14392,14392,Card,Paid,1297.54,2022-11-15
14393,14393,Bank Transfer,Paid,1611.0,2025-03-28
14394,14394,Bank Transfer,Pending,486.86,2025-01-30
14395,14395,Bank Transfer,Paid,653.12,2024-04-08
14396,14396,Card,Paid,2062.66,2024-06-28
14397,14397,Invoice,Paid,1444.76,2022-03-10
14398,14398,Card,Paid,671.3,2025-02-14
14399,14399,Card,Paid,2355.83,2022-11-10
14400,14400,Card,Paid,1276.32,2023-05-25
14401,14401,Bank Transfer,Pending,1100.54,2025-12-25
14402,14402,PayPal,Paid,1378.19,2024-11-01
14403,14403,Invoice,Pending,467.58,2023-09-17
14404,14404,Bank Transfer,Paid,880.71,2025-03-07
14405,14405,Card,Paid,2244.29,2025-08-21
14406,14406,PayPal,Paid,255.29,2024-04-03
14407,14407,Invoice,Paid,1636.85,2022-05-20
14408,14408,Invoice,Pending,461.0,2022-02-17
14409,14409,Bank Transfer,Paid,504.06,2024-12-24
14410,14410,Bank Transfer,Pending,670.09,2025-06-14
14411,14411,Bank Transfer,Paid,1681.93,2022-07-20
14412,14412,PayPal,Paid,223.65,2022-07-23
14413,14413,Invoice,Pending,405.97,2023-12-05
14414,14414,Card,Paid,675.61,2025-10-05
14415,14415,Card,Paid,416.15,2022-06-12
14416,14416,Card,Paid,2400.37,2022-11-17
14417,14417,Bank Transfer,Paid,3300.77,2022-05-12
14418,14418,PayPal,Paid,438.33,2022-12-11
14419,14419,Invoice,Paid,2769.15,2025-11-29
14420,14420,Invoice,Refunded,1476.59,2025-10-17
14421,14421,Invoice,Paid,1024.49,2023-02-22
14422,14422,Invoice,Paid,830.29,2025-12-22
14423,14423,Card,Paid,1471.19,2023-02-14
14424,14424,Invoice,Pending,1125.5,2025-09-10
14425,14425,Card,Paid,1244.98,2022-05-09
14426,14426,Card,Paid,1968.07,2024-08-15
14427,14427,Invoice,Paid,469.79,2024-05-03
14428,14428,Invoice,Paid,4414.78,2024-01-01
14429,14429,Invoice,Paid,2008.93,2024-06-15
14430,14430,Invoice,Paid,946.52,2023-10-15
14431,14431,Invoice,Pending,1139.94,2025-12-05
14432,14432,Bank Transfer,Paid,2950.82,2023-11-11
14433,14433,Invoice,Paid,1098.43,2022-11-11
14434,14434,Invoice,Paid,694.22,2024-03-30
14435,14435,Invoice,Paid,1256.49,2024-11-30
14436,14436,PayPal,Pending,675.38,2025-09-11
14437,14437,Invoice,Paid,1091.22,2024-10-02
14438,14438,Card,Paid,1460.74,2022-05-12
14439,14439,Bank Transfer,Paid,2243.32,2025-06-15
14440,14440,Bank Transfer,Paid,270.03,2025-04-29
14441,14441,Bank Transfer,Paid,394.17,2023-08-01
14442,14442,Card,Paid,2758.52,2022-03-10
14443,14443,Invoice,Paid,2413.82,2024-11-23
14444,14444,Card,Pending,576.0,2024-07-08
14445,14445,PayPal,Paid,767.24,2025-12-18
14446,14446,Card,Paid,812.56,2022-08-02
14447,14447,Invoice,Paid,3229.35,2022-12-08
14448,14448,Bank Transfer,Paid,233.26,2022-05-19
14449,14449,Invoice,Paid,344.47,2024-10-17
14450,14450,Invoice,Paid,1229.99,2025-12-18
14451,14451,PayPal,Paid,1792.7,2025-01-06
14452,14452,PayPal,Paid,504.36,2025-05-11
14453,14453,Invoice,Paid,2135.06,2024-09-04
14454,14454,Invoice,Pending,1740.39,2022-11-17
14455,14455,Card,Paid,1064.76,2022-07-25
14456,14456,PayPal,Paid,836.44,2023-11-07
14457,14457,PayPal,Pending,644.91,2024-04-11
14458,14458,Card,Paid,2099.6,2022-01-02
14459,14459,Bank Transfer,Pending,445.75,2025-05-18
14460,14460,PayPal,Pending,1647.91,2023-06-10
14461,14461,Bank Transfer,Pending,136.03,2025-02-22
14462,14462,Invoice,Paid,2155.15,2022-08-21
14463,14463,Invoice,Paid,1216.36,2024-05-27
14464,14464,Bank Transfer,Pending,1765.32,2023-12-01
14465,14465,PayPal,Paid,3103.48,2023-05-04
14466,14466,Card,Paid,1556.61,2024-01-10
14467,14467,Card,Paid,109.65,2022-12-13
14468,14468,Invoice,Paid,985.94,2023-11-07
14469,14469,Invoice,Paid,2367.93,2025-12-14
14470,14470,Card,Pending,1550.55,2024-12-13
14471,14471,Bank Transfer,Paid,452.62,2023-01-26
14472,14472,Invoice,Paid,168.17,2022-12-17
14473,14473,Card,Paid,464.13,2022-04-12
14474,14474,Invoice,Pending,925.97,2024-03-02
14475,14475,Card,Paid,870.25,2025-06-07
14476,14476,Bank Transfer,Paid,1565.07,2023-04-05
14477,14477,PayPal,Paid,1334.58,2023-11-05
14478,14478,PayPal,Paid,1854.6,2023-12-01
14479,14479,Card,Pending,1935.34,2022-10-28
14480,14480,Bank Transfer,Paid,1034.71,2024-10-24
14481,14481,PayPal,Paid,720.22,2024-12-28
14482,14482,Card,Paid,2022.88,2025-10-30
14483,14483,Bank Transfer,Paid,1856.76,2024-06-17
14484,14484,Card,Paid,1799.67,2024-01-26
14485,14485,Invoice,Paid,1639.09,2023-12-28
14486,14486,Bank Transfer,Paid,2026.33,2025-09-24
14487,14487,Bank Transfer,Paid,2923.08,2023-12-16
14488,14488,Bank Transfer,Paid,697.44,2024-09-04
14489,14489,Bank Transfer,Paid,568.86,2023-01-01
14490,14490,Invoice,Paid,1241.89,2023-02-11
14491,14491,PayPal,Paid,1268.94,2023-02-04
14492,14492,Bank Transfer,Paid,783.12,2023-04-29
14493,14493,Invoice,Paid,174.66,2024-03-26
14494,14494,Card,Paid,1272.04,2023-07-02
14495,14495,Bank Transfer,Pending,41.38,2023-12-21
14496,14496,Bank Transfer,Paid,688.73,2022-12-03
14497,14497,Invoice,Refunded,230.09,2024-05-18
14498,14498,Bank Transfer,Paid,493.29,2024-07-27
14499,14499,Invoice,Paid,309.03,2024-09-28
14500,14500,Bank Transfer,Paid,156.08,2024-11-24
14501,14501,Invoice,Pending,575.49,2022-06-03
14502,14502,Invoice,Pending,627.0,2025-02-06
14503,14503,Invoice,Paid,1253.35,2025-10-14
14504,14504,Invoice,Paid,880.17,2025-12-18
14505,14505,Invoice,Paid,260.48,2022-05-31
14506,14506,Invoice,Paid,1093.04,2022-09-16
14507,14507,PayPal,Pending,264.82,2023-11-01
14508,14508,Bank Transfer,Paid,98.02,2023-12-10
14509,14509,Bank Transfer,Pending,303.15,2022-04-30
14510,14510,PayPal,Paid,989.01,2023-08-14
14511,14511,Bank Transfer,Refunded,275.16,2024-09-02
14512,14512,Bank Transfer,Paid,574.65,2023-08-02
14513,14513,Invoice,Paid,1401.0,2025-04-10
14514,14514,Card,Pending,2588.84,2023-12-13
14515,14515,Invoice,Paid,4064.13,2025-07-03
14516,14516,Bank Transfer,Paid,954.09,2025-02-16
14517,14517,Bank Transfer,Paid,520.38,2024-11-10
14518,14518,Invoice,Paid,381.37,2024-11-23
14519,14519,PayPal,Paid,314.1,2025-11-20
14520,14520,PayPal,Paid,729.42,2024-07-21
14521,14521,PayPal,Paid,1015.56,2024-12-24
14522,14522,Card,Paid,1334.95,2023-06-17
14523,14523,PayPal,Paid,2838.99,2025-10-05
14524,14524,Bank Transfer,Paid,4221.09,2023-12-25
14525,14525,Invoice,Paid,3574.26,2023-12-29
14526,14526,PayPal,Paid,778.81,2023-02-28
14527,14527,Bank Transfer,Paid,3640.85,2025-11-25
14528,14528,PayPal,Refunded,2754.05,2023-05-31
14529,14529,PayPal,Refunded,184.98,2025-12-28
14530,14530,Invoice,Pending,1144.96,2023-07-02
14531,14531,Bank Transfer,Paid,216.41,2024-01-13
14532,14532,Bank Transfer,Paid,111.48,2023-06-09
14533,14533,PayPal,Pending,1521.89,2023-12-07
14534,14534,Bank Transfer,Paid,1338.74,2025-09-17
14535,14535,Card,Paid,372.1,2024-11-23
14536,14536,Card,Refunded,1044.55,2022-05-09
14537,14537,PayPal,Pending,228.16,2025-05-19
14538,14538,Card,Paid,119.09,2025-11-06
14539,14539,Card,Paid,856.44,2024-07-06
14540,14540,Invoice,Pending,915.77,2025-03-07
14541,14541,PayPal,Paid,303.12,2024-09-25
14542,14542,Bank Transfer,Paid,1706.4,2022-03-23
14543,14543,Card,Paid,290.06,2024-04-14
14544,14544,Invoice,Paid,1915.45,2025-08-01
14545,14545,Invoice,Pending,1508.5,2022-11-15
14546,14546,Bank Transfer,Paid,589.98,2025-03-20
14547,14547,Card,Paid,1897.63,2022-05-01
14548,14548,Invoice,Paid,1760.49,2024-07-18
14549,14549,Bank Transfer,Paid,82.21,2023-01-09
14550,14550,PayPal,Paid,171.03,2025-07-15
14551,14551,Bank Transfer,Paid,395.32,2024-02-18
14552,14552,Bank Transfer,Paid,2156.47,2024-09-03
14553,14553,PayPal,Paid,2175.51,2025-02-17
14554,14554,Bank Transfer,Paid,4913.09,2025-07-09
14555,14555,Card,Paid,1385.51,2023-04-22
14556,14556,Invoice,Paid,4505.95,2023-05-24
14557,14557,Card,Paid,588.31,2024-05-27
14558,14558,Invoice,Paid,1846.83,2024-03-05
14559,14559,Bank Transfer,Paid,2162.94,2022-07-16
14560,14560,PayPal,Paid,455.31,2025-02-14
14561,14561,PayPal,Paid,147.17,2022-10-19
14562,14562,PayPal,Paid,3962.42,2024-10-27
14563,14563,Invoice,Paid,3462.17,2022-01-15
14564,14564,Invoice,Paid,209.93,2022-07-17
14565,14565,Bank Transfer,Paid,1127.0,2023-12-10
14566,14566,Invoice,Paid,450.52,2022-08-30
14567,14567,PayPal,Paid,1617.4,2023-01-03
14568,14568,Invoice,Paid,635.8,2023-11-18
14569,14569,Card,Paid,491.8,2023-03-11
14570,14570,Bank Transfer,Pending,2348.83,2024-05-03
14571,14571,Bank Transfer,Paid,2580.19,2024-05-29
14572,14572,Bank Transfer,Paid,2661.48,2023-11-23
14573,14573,Card,Paid,158.52,2025-07-10
14574,14574,Invoice,Paid,4981.6,2025-10-24
14575,14575,Card,Pending,337.66,2023-09-20
14576,14576,Bank Transfer,Pending,362.33,2022-07-07
14577,14577,Invoice,Paid,309.07,2025-04-27
14578,14578,PayPal,Paid,906.14,2022-06-19
14579,14579,Bank Transfer,Paid,562.74,2022-08-03
14580,14580,Invoice,Paid,190.22,2025-06-24
14581,14581,PayPal,Paid,4869.73,2022-03-16
14582,14582,Card,Pending,609.3,2025-03-04
14583,14583,PayPal,Paid,1171.52,2025-01-23
14584,14584,Card,Pending,2179.74,2025-03-03
14585,14585,Invoice,Pending,1702.36,2022-12-09
14586,14586,Bank Transfer,Paid,788.79,2025-04-14
14587,14587,Invoice,Paid,229.03,2024-03-26
14588,14588,Card,Paid,1564.75,2024-06-20
14589,14589,Card,Pending,2363.31,2023-03-07
14590,14590,Card,Paid,737.06,2023-06-08
14591,14591,PayPal,Paid,558.85,2023-09-28
14592,14592,Bank Transfer,Paid,793.04,2024-11-22
14593,14593,PayPal,Paid,1260.67,2022-12-07
14594,14594,Invoice,Pending,1064.86,2025-07-05
14595,14595,Card,Paid,243.67,2023-07-20
14596,14596,Bank Transfer,Refunded,911.91,2023-04-08
14597,14597,PayPal,Paid,729.88,2022-05-29
14598,14598,Card,Paid,99.05,2024-06-07
14599,14599,Card,Paid,762.03,2023-02-16
14600,14600,Invoice,Paid,442.63,2024-08-01
14601,14601,PayPal,Pending,1708.63,2024-05-23
14602,14602,Invoice,Paid,322.25,2024-11-22
14603,14603,Card,Paid,927.43,2023-04-25
14604,14604,Bank Transfer,Paid,1202.33,2023-06-27
14605,14605,Invoice,Paid,1266.08,2024-09-21
14606,14606,PayPal,Paid,1346.67,2022-12-26
14607,14607,PayPal,Paid,865.39,2022-02-28
14608,14608,Bank Transfer,Pending,1637.75,2024-01-24
14609,14609,Card,Paid,1358.84,2023-09-18
14610,14610,PayPal,Paid,205.43,2024-10-18
14611,14611,Invoice,Paid,1676.99,2024-08-21
14612,14612,Invoice,Paid,115.54,2025-07-05
14613,14613,PayPal,Paid,589.08,2022-08-12
14614,14614,Bank Transfer,Paid,187.6,2022-12-04
14615,14615,Bank Transfer,Pending,733.16,2024-12-11
14616,14616,Invoice,Paid,4268.83,2023-04-19
14617,14617,Card,Paid,1722.52,2024-10-30
14618,14618,Bank Transfer,Paid,1422.27,2022-08-18
14619,14619,Bank Transfer,Paid,3357.89,2025-11-10
14620,14620,Bank Transfer,Paid,326.99,2022-12-30
14621,14621,Invoice,Paid,1109.65,2024-06-29
14622,14622,Bank Transfer,Pending,1626.43,2025-09-25
14623,14623,Bank Transfer,Paid,1022.92,2024-03-24
14624,14624,Bank Transfer,Paid,216.79,2025-07-07
14625,14625,PayPal,Pending,962.53,2022-10-09
14626,14626,Card,Pending,2660.75,2023-04-22
14627,14627,Invoice,Paid,1799.51,2022-05-16
14628,14628,Bank Transfer,Paid,2148.13,2022-10-21
14629,14629,PayPal,Paid,1729.65,2024-07-11
14630,14630,PayPal,Paid,600.64,2025-04-15
14631,14631,Invoice,Paid,456.56,2023-08-12
14632,14632,Card,Paid,244.89,2023-05-22
14633,14633,Invoice,Paid,975.64,2024-10-08
14634,14634,Bank Transfer,Paid,2256.01,2022-05-27
14635,14635,Invoice,Pending,1568.68,2022-09-27
14636,14636,PayPal,Pending,823.55,2023-05-10
14637,14637,Invoice,Paid,642.04,2023-09-26
14638,14638,PayPal,Paid,379.27,2025-04-25
14639,14639,Invoice,Paid,672.38,2024-07-04
14640,14640,Bank Transfer,Paid,85.02,2022-10-28
14641,14641,PayPal,Refunded,829.68,2025-09-22
14642,14642,Invoice,Paid,531.67,2025-11-15
14643,14643,Bank Transfer,Paid,2151.76,2024-11-02
14644,14644,Card,Pending,1701.56,2025-11-29
14645,14645,Card,Paid,1412.45,2023-11-23
14646,14646,PayPal,Paid,990.98,2022-03-31
14647,14647,Invoice,Paid,593.67,2023-07-17
14648,14648,Bank Transfer,Paid,477.15,2023-03-19
14649,14649,Card,Pending,297.75,2023-03-11
14650,14650,PayPal,Pending,936.03,2024-05-17
14651,14651,Bank Transfer,Paid,411.36,2023-04-19
14652,14652,Bank Transfer,Paid,1671.05,2025-01-11
14653,14653,Card,Paid,561.61,2025-06-13
14654,14654,Card,Paid,188.65,2023-03-12
14655,14655,Invoice,Refunded,1593.07,2024-01-02
14656,14656,Invoice,Paid,177.16,2025-04-12
14657,14657,PayPal,Paid,1686.09,2025-05-28
14658,14658,Card,Paid,1157.19,2023-06-20
14659,14659,Invoice,Paid,1833.2,2025-02-20
14660,14660,PayPal,Paid,842.23,2024-02-19
14661,14661,Card,Paid,241.13,2023-02-02
14662,14662,PayPal,Paid,996.82,2023-02-08
14663,14663,PayPal,Paid,3645.1,2025-07-11
14664,14664,PayPal,Paid,409.34,2024-01-19
14665,14665,Invoice,Pending,1198.06,2022-12-20
14666,14666,Invoice,Paid,805.56,2023-08-03
14667,14667,Bank Transfer,Paid,2425.23,2024-08-15
14668,14668,PayPal,Paid,2403.56,2023-11-22
14669,14669,PayPal,Paid,276.68,2022-11-29
14670,14670,Invoice,Paid,724.06,2025-03-10
14671,14671,PayPal,Paid,262.29,2022-03-08
14672,14672,PayPal,Paid,2915.55,2025-04-03
14673,14673,Card,Paid,4555.3,2022-05-06
14674,14674,PayPal,Paid,845.28,2023-07-08
14675,14675,Bank Transfer,Paid,2174.88,2025-07-11
14676,14676,PayPal,Paid,883.06,2022-08-09
14677,14677,Card,Paid,217.66,2022-12-20
14678,14678,Card,Pending,209.62,2023-11-27
14679,14679,PayPal,Pending,1053.89,2025-01-28
14680,14680,PayPal,Pending,497.99,2025-09-14
14681,14681,PayPal,Paid,454.95,2024-06-02
14682,14682,Card,Paid,539.16,2024-04-08
14683,14683,Bank Transfer,Refunded,2635.99,2024-11-17
14684,14684,Bank Transfer,Paid,147.76,2023-07-09
14685,14685,Invoice,Paid,123.02,2022-07-22
14686,14686,PayPal,Paid,384.52,2023-07-19
14687,14687,Card,Paid,1839.18,2023-10-14
14688,14688,Invoice,Paid,484.88,2022-07-15
14689,14689,Invoice,Paid,608.57,2022-11-11
14690,14690,Card,Paid,757.15,2025-06-24
14691,14691,Bank Transfer,Paid,698.0,2025-02-13
14692,14692,Bank Transfer,Paid,1634.65,2023-02-25
14693,14693,Invoice,Pending,1594.57,2024-04-12
14694,14694,Bank Transfer,Paid,1106.08,2025-10-29
14695,14695,Bank Transfer,Paid,718.15,2025-12-10
14696,14696,Card,Paid,1339.15,2025-02-22
14697,14697,Bank Transfer,Pending,378.68,2023-04-20
14698,14698,PayPal,Paid,631.65,2023-01-27
14699,14699,Card,Pending,912.25,2023-10-24
14700,14700,Bank Transfer,Paid,1800.07,2022-03-06
14701,14701,Bank Transfer,Paid,493.77,2023-06-12
14702,14702,Bank Transfer,Paid,1726.01,2024-10-09
14703,14703,PayPal,Paid,345.6,2022-04-12
14704,14704,PayPal,Paid,2202.35,2022-11-23
14705,14705,PayPal,Paid,3894.77,2022-08-29
14706,14706,Bank Transfer,Paid,1490.09,2024-12-25
14707,14707,Invoice,Paid,489.45,2025-11-12
14708,14708,Card,Paid,3824.74,2022-05-28
14709,14709,Invoice,Paid,3819.36,2024-12-13
14710,14710,Invoice,Pending,753.47,2024-09-20
14711,14711,Bank Transfer,Paid,726.56,2025-07-13
14712,14712,Bank Transfer,Pending,740.03,2025-02-03
14713,14713,Invoice,Paid,836.2,2022-04-08
14714,14714,Card,Paid,214.66,2023-11-19
14715,14715,Bank Transfer,Pending,1502.35,2022-09-14
14716,14716,Invoice,Paid,550.33,2022-10-14
14717,14717,Invoice,Pending,1014.82,2023-06-25
14718,14718,Card,Pending,423.79,2024-07-17
14719,14719,PayPal,Pending,1967.04,2022-09-21
14720,14720,Card,Pending,492.11,2023-05-27
14721,14721,Bank Transfer,Paid,1227.62,2022-05-29
14722,14722,Bank Transfer,Pending,1087.13,2025-08-19
14723,14723,Card,Paid,1888.73,2023-09-06
14724,14724,Card,Paid,1740.68,2022-12-03
14725,14725,Bank Transfer,Pending,344.84,2023-04-23
14726,14726,Invoice,Refunded,282.67,2022-01-18
14727,14727,Card,Paid,636.9,2023-11-21
14728,14728,Invoice,Pending,713.37,2025-08-18
14729,14729,Invoice,Pending,522.39,2023-03-21
14730,14730,Card,Pending,401.26,2024-03-08
14731,14731,PayPal,Paid,2908.92,2022-04-21
14732,14732,Bank Transfer,Paid,489.81,2025-09-23
14733,14733,Card,Pending,2277.5,2022-10-24
14734,14734,Card,Paid,509.42,2022-03-26
14735,14735,PayPal,Paid,487.42,2022-03-18
14736,14736,Card,Pending,935.65,2024-07-19
14737,14737,Card,Paid,1694.74,2025-07-03
14738,14738,Bank Transfer,Paid,2885.2,2024-01-05
14739,14739,Bank Transfer,Paid,1710.91,2022-08-12
14740,14740,Card,Pending,674.01,2022-08-04
14741,14741,Invoice,Paid,542.34,2025-03-25
14742,14742,Bank Transfer,Paid,1695.67,2023-05-18
14743,14743,PayPal,Paid,318.05,2022-09-22
14744,14744,Invoice,Pending,1307.41,2025-06-26
14745,14745,Bank Transfer,Paid,1176.25,2023-12-19
14746,14746,Invoice,Paid,3286.24,2022-07-14
14747,14747,Bank Transfer,Paid,1757.42,2023-11-05
14748,14748,Bank Transfer,Pending,770.4,2023-12-16
14749,14749,PayPal,Pending,584.58,2023-05-15
14750,14750,Invoice,Paid,451.6,2022-12-14
14751,14751,PayPal,Pending,777.92,2022-05-27
14752,14752,PayPal,Paid,682.98,2023-02-27
14753,14753,Invoice,Paid,198.79,2022-12-16
14754,14754,PayPal,Paid,1751.62,2023-11-24
14755,14755,Card,Paid,601.96,2024-07-24
14756,14756,Invoice,Pending,811.51,2023-08-14
14757,14757,PayPal,Paid,415.62,2022-10-16
14758,14758,Invoice,Paid,690.03,2023-11-19
14759,14759,Invoice,Paid,1658.2,2024-01-24
14760,14760,Card,Paid,1441.5,2024-04-02
14761,14761,Bank Transfer,Pending,2110.02,2024-01-07
14762,14762,Invoice,Paid,3520.71,2022-12-16
14763,14763,Card,Paid,2602.46,2024-09-03
14764,14764,PayPal,Paid,994.38,2024-11-18
14765,14765,Invoice,Refunded,2205.57,2023-10-21
14766,14766,Invoice,Paid,1296.39,2023-12-22
14767,14767,PayPal,Pending,607.63,2024-11-17
14768,14768,PayPal,Paid,663.57,2024-07-05
14769,14769,Invoice,Paid,584.13,2025-06-14
14770,14770,Bank Transfer,Paid,1298.31,2022-08-09
14771,14771,Invoice,Paid,1502.67,2022-07-19
14772,14772,Bank Transfer,Paid,1315.0,2023-09-14
14773,14773,Card,Paid,2743.5,2025-08-19
14774,14774,PayPal,Pending,393.04,2025-12-31
14775,14775,Card,Paid,16.5,2023-12-13
14776,14776,Card,Paid,276.21,2023-01-05
14777,14777,Bank Transfer,Paid,713.28,2024-09-15
14778,14778,Invoice,Paid,100.16,2024-09-06
14779,14779,PayPal,Paid,557.9,2024-10-14
14780,14780,PayPal,Paid,2844.24,2022-10-30
14781,14781,Card,Paid,618.91,2023-05-29
14782,14782,Bank Transfer,Paid,257.83,2022-10-12
14783,14783,Card,Paid,2643.93,2025-07-31
14784,14784,Card,Paid,989.38,2022-11-11
14785,14785,Bank Transfer,Paid,1536.1,2024-02-20
14786,14786,Card,Pending,1435.81,2025-11-26
14787,14787,PayPal,Pending,1689.18,2024-04-08
14788,14788,Invoice,Paid,1106.12,2023-12-06
14789,14789,Invoice,Paid,342.15,2024-09-05
14790,14790,Invoice,Paid,587.89,2023-06-13
14791,14791,Card,Paid,809.61,2023-08-14
14792,14792,PayPal,Paid,2432.88,2023-04-14
14793,14793,PayPal,Paid,1451.23,2025-07-03
14794,14794,PayPal,Paid,1541.29,2024-02-11
14795,14795,PayPal,Paid,1344.77,2025-08-21
14796,14796,Card,Pending,736.77,2025-02-17
14797,14797,PayPal,Paid,817.14,2022-06-21
14798,14798,Invoice,Pending,514.64,2023-12-15
14799,14799,Card,Paid,4137.02,2025-12-29
14800,14800,Bank Transfer,Refunded,270.91,2022-10-02
14801,14801,Card,Paid,357.02,2022-05-15
14802,14802,PayPal,Pending,759.2,2025-02-22
14803,14803,Card,Refunded,1214.51,2025-06-07
14804,14804,Invoice,Paid,389.79,2025-05-01
14805,14805,PayPal,Refunded,1848.75,2025-08-30
14806,14806,Invoice,Paid,879.99,2025-07-23
14807,14807,Card,Pending,3159.3,2022-05-12
14808,14808,Invoice,Paid,890.66,2022-07-20
14809,14809,PayPal,Paid,336.44,2024-09-07
14810,14810,Card,Paid,1875.38,2022-11-19
14811,14811,Invoice,Paid,2328.9,2022-06-10
14812,14812,Card,Paid,470.25,2024-08-08
14813,14813,PayPal,Refunded,1651.95,2025-12-13
14814,14814,Card,Paid,1841.85,2024-12-21
14815,14815,Invoice,Paid,503.15,2022-02-14
14816,14816,Invoice,Paid,1005.4,2024-05-09
14817,14817,Bank Transfer,Paid,243.93,2023-02-01
14818,14818,PayPal,Pending,505.53,2025-03-24
14819,14819,Bank Transfer,Paid,993.75,2022-03-03
14820,14820,Invoice,Paid,122.17,2025-01-08
14821,14821,Card,Paid,1775.17,2022-05-14
14822,14822,PayPal,Paid,1146.3,2022-03-17
14823,14823,Invoice,Paid,100.5,2022-05-30
14824,14824,PayPal,Paid,396.46,2023-06-10
14825,14825,Invoice,Paid,3144.27,2023-10-19
14826,14826,Card,Pending,1373.43,2024-12-22
14827,14827,PayPal,Pending,388.37,2025-06-13
14828,14828,Invoice,Paid,107.99,2025-02-05
14829,14829,Bank Transfer,Paid,1174.72,2022-05-21
14830,14830,PayPal,Pending,1482.79,2022-06-16
14831,14831,PayPal,Paid,644.0,2022-08-19
14832,14832,Card,Paid,297.78,2022-02-02
14833,14833,PayPal,Paid,384.8,2025-11-25
14834,14834,Card,Paid,1692.63,2025-12-04
14835,14835,PayPal,Paid,743.4,2024-09-26
14836,14836,PayPal,Paid,58.41,2024-10-07
14837,14837,Card,Paid,1511.12,2025-03-27
14838,14838,Card,Paid,960.61,2025-10-04
14839,14839,Bank Transfer,Paid,1917.41,2024-04-18
14840,14840,Bank Transfer,Paid,2136.22,2022-11-07
14841,14841,PayPal,Paid,2225.57,2025-06-09
14842,14842,Bank Transfer,Paid,2470.29,2025-08-14
14843,14843,Bank Transfer,Pending,1399.92,2024-06-16
14844,14844,Invoice,Paid,1009.93,2023-09-29
14845,14845,PayPal,Paid,409.12,2024-03-04
14846,14846,Invoice,Pending,2183.83,2023-10-09
14847,14847,Bank Transfer,Paid,1115.79,2022-11-05
14848,14848,Card,Paid,769.74,2025-01-06
14849,14849,Invoice,Paid,496.58,2023-10-01
14850,14850,Bank Transfer,Paid,1516.61,2025-12-11
14851,14851,Invoice,Paid,1763.31,2022-01-31
14852,14852,Bank Transfer,Pending,79.8,2022-02-15
14853,14853,Invoice,Paid,705.99,2023-06-20
14854,14854,Card,Paid,1484.69,2023-08-23
14855,14855,Invoice,Paid,704.52,2025-03-19
14856,14856,Card,Pending,184.96,2023-09-14
14857,14857,PayPal,Paid,2453.69,2023-06-29
14858,14858,Card,Pending,236.31,2022-12-25
14859,14859,PayPal,Pending,482.97,2025-11-13
14860,14860,Bank Transfer,Paid,1404.95,2024-08-29
14861,14861,Bank Transfer,Paid,4856.11,2022-05-06
14862,14862,Invoice,Paid,621.27,2025-11-05
14863,14863,Card,Paid,1419.29,2025-05-14
14864,14864,Bank Transfer,Paid,798.47,2023-10-24
14865,14865,PayPal,Paid,1691.15,2023-03-31
14866,14866,Invoice,Paid,1403.47,2023-11-23
14867,14867,Card,Paid,5013.06,2024-04-05
14868,14868,PayPal,Paid,1892.1,2022-03-18
14869,14869,PayPal,Paid,1049.87,2025-12-25
14870,14870,Invoice,Paid,56.69,2025-09-15
14871,14871,PayPal,Paid,918.77,2024-09-29
14872,14872,Card,Paid,966.0,2025-10-05
14873,14873,Invoice,Paid,36.97,2023-05-02
14874,14874,PayPal,Paid,3205.01,2023-07-03
14875,14875,Invoice,Paid,333.76,2023-05-31
14876,14876,Card,Paid,336.45,2024-01-10
14877,14877,PayPal,Paid,3573.03,2025-11-24
14878,14878,Card,Refunded,928.11,2022-09-22
14879,14879,Card,Paid,513.43,2025-01-10
14880,14880,Invoice,Refunded,1150.53,2024-09-18
14881,14881,Bank Transfer,Paid,674.28,2022-12-06
14882,14882,Card,Pending,91.53,2023-04-10
14883,14883,Card,Paid,1631.44,2025-01-10
14884,14884,Invoice,Paid,293.02,2025-04-15
14885,14885,Card,Paid,1745.92,2024-01-05
14886,14886,Bank Transfer,Paid,1492.65,2025-01-02
14887,14887,PayPal,Paid,2497.98,2022-09-26
14888,14888,Card,Paid,700.2,2023-11-19
14889,14889,PayPal,Refunded,950.23,2025-11-22
14890,14890,Card,Paid,1098.54,2025-09-08
14891,14891,Card,Paid,688.99,2025-01-04
14892,14892,Bank Transfer,Pending,370.58,2023-07-17
14893,14893,Card,Paid,1135.5,2024-07-19
14894,14894,Invoice,Paid,1360.54,2022-12-26
14895,14895,Card,Pending,146.44,2024-12-07
14896,14896,Bank Transfer,Paid,1167.54,2022-10-28
14897,14897,Invoice,Paid,270.7,2025-11-02
14898,14898,Bank Transfer,Paid,924.31,2024-03-30
14899,14899,Invoice,Paid,169.89,2023-05-28
14900,14900,Bank Transfer,Paid,1560.39,2023-01-29
14901,14901,Card,Paid,3221.46,2024-09-09
14902,14902,PayPal,Pending,230.21,2025-10-15
14903,14903,Invoice,Paid,1810.38,2025-05-06
14904,14904,Bank Transfer,Refunded,2158.47,2022-04-11
14905,14905,Card,Paid,247.59,2023-12-11
14906,14906,Card,Paid,290.2,2025-09-14
14907,14907,Bank Transfer,Refunded,2718.3,2025-06-29
14908,14908,Card,Paid,1224.33,2023-12-02
14909,14909,Card,Pending,1534.12,2023-07-29
14910,14910,Card,Paid,868.37,2025-03-30
14911,14911,Invoice,Paid,798.13,2025-09-07
14912,14912,Bank Transfer,Paid,1014.42,2023-10-31
14913,14913,PayPal,Paid,578.76,2022-03-04
14914,14914,Invoice,Pending,259.63,2025-12-28
14915,14915,Card,Paid,1904.57,2024-12-18
14916,14916,PayPal,Pending,456.82,2024-12-08
14917,14917,Invoice,Paid,223.36,2022-08-12
14918,14918,Bank Transfer,Paid,1432.17,2024-01-03
14919,14919,Bank Transfer,Refunded,454.91,2025-11-01
14920,14920,PayPal,Paid,1937.15,2023-03-16
14921,14921,Invoice,Paid,1159.49,2024-11-22
14922,14922,Card,Paid,1949.23,2024-06-15
14923,14923,Bank Transfer,Pending,2284.66,2022-09-16
14924,14924,Bank Transfer,Paid,973.41,2024-12-11
14925,14925,Bank Transfer,Paid,1637.35,2024-02-03
14926,14926,PayPal,Pending,2143.47,2022-11-09
14927,14927,Card,Paid,135.93,2025-07-29
14928,14928,Bank Transfer,Paid,788.49,2022-12-22
14929,14929,Invoice,Pending,235.68,2022-01-17
14930,14930,PayPal,Paid,198.44,2023-06-17
14931,14931,Card,Paid,605.95,2023-07-09
14932,14932,Card,Pending,1053.02,2022-02-10
14933,14933,PayPal,Paid,1245.91,2025-11-05
14934,14934,Bank Transfer,Paid,1049.58,2022-08-13
14935,14935,Card,Paid,2278.62,2024-01-15
14936,14936,Bank Transfer,Paid,385.8,2025-11-19
14937,14937,PayPal,Paid,519.01,2023-07-01
14938,14938,Invoice,Paid,656.48,2024-12-26
14939,14939,Invoice,Paid,4341.76,2023-03-30
14940,14940,PayPal,Paid,638.09,2022-10-11
14941,14941,Bank Transfer,Paid,1369.58,2024-03-17
14942,14942,Card,Paid,1880.21,2022-05-24
14943,14943,Invoice,Paid,402.24,2023-11-03
14944,14944,Bank Transfer,Pending,52.9,2022-10-21
14945,14945,Card,Paid,421.76,2023-12-27
14946,14946,Bank Transfer,Paid,466.85,2022-06-22
14947,14947,Invoice,Paid,671.43,2025-10-26
14948,14948,Invoice,Pending,264.86,2023-09-18
14949,14949,Card,Pending,1794.85,2025-01-30
14950,14950,Bank Transfer,Refunded,1094.63,2023-09-17
14951,14951,PayPal,Paid,1024.42,2024-08-24
14952,14952,Card,Paid,1471.01,2024-10-14
14953,14953,Card,Paid,2269.81,2024-11-02
14954,14954,Invoice,Paid,625.27,2025-07-01
14955,14955,Card,Paid,1967.9,2022-11-06
14956,14956,PayPal,Paid,1409.82,2023-01-28
14957,14957,Card,Paid,223.19,2023-08-17
14958,14958,PayPal,Paid,1851.09,2025-12-10
14959,14959,PayPal,Refunded,293.51,2025-03-14
14960,14960,PayPal,Paid,654.72,2024-06-03
14961,14961,Card,Paid,1385.98,2023-05-25
14962,14962,PayPal,Pending,193.07,2025-09-04
14963,14963,Invoice,Paid,641.33,2022-02-14
14964,14964,PayPal,Paid,550.47,2025-02-16
14965,14965,Bank Transfer,Pending,1414.54,2025-04-23
14966,14966,Invoice,Paid,201.47,2022-12-14
14967,14967,Bank Transfer,Paid,2518.4,2023-10-19
14968,14968,Invoice,Refunded,2267.56,2025-06-03
14969,14969,PayPal,Pending,1214.11,2022-03-07
14970,14970,Invoice,Paid,959.0,2025-10-10
14971,14971,Invoice,Paid,166.58,2025-12-25
14972,14972,Bank Transfer,Paid,219.14,2024-11-23
14973,14973,Bank Transfer,Paid,418.42,2024-04-08
14974,14974,PayPal,Paid,833.77,2025-03-09
14975,14975,Card,Pending,808.24,2023-06-12
14976,14976,Card,Paid,572.7,2025-11-17
14977,14977,Card,Paid,220.46,2022-12-04
14978,14978,Invoice,Paid,1916.41,2023-01-03
14979,14979,PayPal,Paid,1603.05,2022-04-29
14980,14980,Invoice,Paid,87.18,2022-08-30
14981,14981,Invoice,Paid,1755.39,2025-02-19
14982,14982,Invoice,Paid,534.49,2025-03-04
14983,14983,Invoice,Paid,669.53,2022-02-13
14984,14984,Card,Paid,574.22,2024-08-08
14985,14985,Invoice,Refunded,967.71,2025-07-09
14986,14986,PayPal,Paid,1943.69,2023-10-22
14987,14987,Card,Paid,1893.02,2022-07-03
14988,14988,Bank Transfer,Paid,1162.98,2025-09-07
14989,14989,Invoice,Paid,430.27,2022-10-09
14990,14990,Card,Pending,1607.05,2025-08-24
14991,14991,Invoice,Paid,3247.54,2022-12-17
14992,14992,PayPal,Paid,423.94,2022-05-31
14993,14993,Card,Paid,3640.24,2024-02-01
14994,14994,Card,Paid,1820.11,2024-09-09
14995,14995,Invoice,Paid,546.79,2023-09-19
14996,14996,Bank Transfer,Pending,2384.03,2024-03-18
14997,14997,Bank Transfer,Paid,1693.16,2022-11-13
14998,14998,Invoice,Paid,884.96,2023-10-20
14999,14999,Bank Transfer,Pending,601.41,2024-12-16
15000,15000,Bank Transfer,Paid,1896.02,2022-11-08
